driver_id,epoch_id,is_fatigued,Attention,Meditation,BlinkStrength,Delta,Theta,AlphaLow,AlphaHigh,BetaLow,BetaHigh,GammaLow,GammaMid,SignalQuality
0,0,0,77,46,48,237306,259932,0.2727953471203853,0.05435352015903104,0.006077719800816232,0.01304759716376602,40356,9871,11
0,1,0,75,27,37,282869,275992,0.2796009948428914,0.07680766889130351,0.008462591927087473,0.010248306945395023,20390,16576,14
0,2,0,87,37,46,364985,173733,0.09136104616954528,0.02545422968772998,0.003445725380108498,0.011189143604975582,26559,13470,10
0,3,0,62,33,45,264979,120663,0.1906615678396777,0.044248415114524466,0.004723954426048347,0.010274836417050265,20155,16135,13
0,4,0,48,46,32,249502,164638,0.40865096244548976,0.10979999079465359,0.015920825706563196,0.010988691450197745,46917,13711,0
0,5,0,77,48,34,241294,240819,62.61656173029933,26.829156329458723,6.846913584813056,0.4289499010655974,24683,10403,7
0,6,0,79,53,49,323298,162960,347.6923948865427,124.60266971107977,18.44080514435123,2.3665550569517775,46632,2034,13
0,7,0,97,45,67,282430,254136,98.95935369557844,26.850671338015125,2.0073569581341277,0.840954747458925,29734,8900,14
0,8,0,55,42,58,368247,162854,66.86092379963299,46.0841708235513,10.253732965302774,3.3841737441541895,25065,23736,0
0,9,0,92,67,23,335745,172132,1.703905538458574,0.9031771814891014,0.20913020239162372,0.011331575255352595,37988,19814,4
0,10,0,100,17,23,8461,191356,0.2083904068396697,0.05330433927726434,0.006606578119073498,0.01136963781864231,29607,11255,4
0,11,0,69,65,31,124847,247229,0.13676464602094104,0.050536163376953935,0.004757784813740946,0.01319003720320356,44100,12325,12
0,12,0,55,35,41,249923,120819,0.40950811297198286,0.10121042400496782,0.005302516394225221,0.012046349074711865,27834,12489,10
0,13,0,68,48,40,398000,213999,0.186088789686032,0.028352198354787684,0.003201001715865048,0.011298612331096037,25482,20451,6
0,14,0,75,35,58,234832,213103,0.0726878554646071,0.024424852582369407,0.006149702347225027,0.010916379932506694,25442,19545,1
0,15,0,83,29,59,337459,150429,0.37784497435051145,0.07536350173191243,0.005218282504274512,0.011924605658318736,42427,19818,4
0,16,0,66,47,40,359849,217803,0.06984200755171359,0.03280479991166209,0.006562812410629798,0.010869028672394997,32508,9935,13
0,17,0,98,55,36,354026,191004,0.19534363596400922,0.029860095817102708,0.003962532316456089,0.010993395486170938,22625,23928,7
0,18,0,58,47,47,245257,143439,0.2021656681959165,0.09065828796667987,0.004113162975298918,0.01062650914650834,15644,13546,4
0,19,0,48,31,55,185191,196303,0.03593209896397097,0.02474302477584495,0.006773929159044359,0.010958374000624698,32112,19188,9
0,20,0,91,94,48,168777,147886,0.21681399948988628,0.07326304130610495,0.009741818276221274,0.009895917489881199,20618,16460,4
0,21,0,40,57,33,597093,167975,0.25057355577998963,0.05298423753645333,0.008651081461281088,0.010310988187696834,12320,6447,4
0,22,0,71,54,30,345542,243997,19.0076398733046,6.015688037128957,1.2087306785143133,0.33937854172596316,40887,12424,9
0,23,0,100,34,23,484058,184396,77.52339086741365,50.88372128279473,25.364490072602827,5.565812247080372,17675,14798,7
0,24,0,74,30,42,216688,242973,70.26665623729363,15.696025792080322,6.622193944726511,1.9423628622232216,12130,10877,6
0,25,0,58,35,49,424831,192153,110.12040273460012,18.380625511923746,1.9522437404161352,0.7410052368644804,28625,7597,3
0,26,0,74,56,51,252318,151868,23.752116218095857,8.47814500280804,2.5458825894139925,0.6215821050880449,27002,12703,7
0,27,0,74,25,57,297105,223995,42.8541990372134,13.53281210169819,2.8213753693176646,0.3994443947799432,21267,21537,2
0,28,0,77,23,62,271363,228008,0.43585253568736043,0.1435886248406913,0.014538332739711845,0.009481319749991342,32189,17759,10
0,29,0,84,48,19,212056,138478,0.19488592598245974,0.03338825621069103,0.006062184289076863,0.010898181951358048,27033,12224,9
0,30,0,59,44,46,213576,256786,0.3231380047338645,0.05007152304361421,0.002830117665210717,0.011768171256678223,51991,16097,5
0,31,0,100,28,46,296089,276042,0.07577175786168917,0.024510291386023883,0.0058948957730395905,0.010403016702409538,28071,8191,12
0,32,0,78,23,38,241292,231333,0.4781404201554722,0.079812810182613,0.004489951919747309,0.011205945114721401,17274,14883,3
0,33,0,85,61,27,312672,203868,0.1243972078482855,0.039660635927504,0.007426130371833942,0.011839880244960396,33002,5269,1
0,34,0,65,45,61,216217,300584,2.0910448405058313,1.5009601290355594,0.1553449575636904,0.014017290406045683,33830,9040,0
0,35,0,94,19,31,370746,226952,65.92066985962283,29.775102026547607,5.265920985960856,3.041027853915376,26649,18968,14
0,36,0,71,20,7,254003,209861,148.2589574860738,32.37531830412365,9.058260843842698,4.010735087531496,13366,11965,14
0,37,0,79,34,40,463693,284994,76.92145956463189,27.303280529547745,7.998695590015031,0.6098519683407908,45466,12664,12
0,38,0,61,50,36,294937,280133,7.916777600898311,1.72521378902871,0.7326637363262246,0.04861977669060726,17375,14437,8
0,39,0,60,48,67,289781,128041,815.1058248887654,181.7845276132462,16.64849940610183,4.576150786455283,38836,22643,3
0,40,0,85,56,47,460353,174791,7.766306376627095,1.906405514716315,0.531341853229346,0.33242276921839936,42328,1000,11
0,41,0,68,17,35,250472,229283,0.28711888136184643,0.07574600584320212,0.008241077002378094,0.01448766673212304,26900,10265,8
0,42,0,62,43,37,259309,261367,3.2859153204017706,0.6232147562924752,0.34931344784311813,0.2123350939107162,38795,26788,6
0,43,0,65,61,36,229902,141723,20.78378648852434,9.375903164995169,6.1741669789900735,1.319723560450425,39670,20685,12
0,44,0,85,59,73,320443,245393,122.22107002268606,25.126204455502467,1.9590412151184124,0.5282801968837066,19278,17477,0
0,45,0,65,45,50,226481,179771,224.60317815148247,62.45504947045611,11.433811602154309,1.4015725801550984,44710,16178,9
0,46,0,73,75,18,377666,235873,193.89823342975095,46.27923088092401,9.374471440727193,2.1327142475828262,33293,13614,4
0,47,0,75,49,36,295342,171651,104.12286017568161,57.17886158905236,17.04150635685401,5.883151337337051,8354,7992,5
0,48,0,46,55,39,383889,83355,46.85567631493951,12.503739756089242,8.770227703097289,3.0113107877074743,31981,12750,7
0,49,0,52,40,23,372618,111441,105.14425195601773,67.75928211147922,38.640273621425415,8.95112994162816,24410,14243,10
0,50,0,80,28,13,248751,143695,353.881777888742,113.78024734514395,27.148396461697097,8.960195025271222,34458,20579,5
0,51,0,63,26,48,226302,170422,164.4258708835939,31.261459712824657,20.64528371310872,6.752074016965248,23598,16599,7
0,52,0,90,42,27,267163,199640,8.206704441884215,6.457045706556638,2.785167419629082,0.8886486712192002,23661,15177,0
0,53,0,89,36,58,300886,174120,0.2330379609627486,0.04425425615763568,0.013309624065201416,0.012221078110751602,19642,11579,2
0,54,0,85,13,40,333402,197631,0.2601228472523524,0.04150256783938696,0.006465652215404265,0.012088951047797718,32248,12496,0
0,55,0,100,24,32,344513,175180,2.155237732357831,0.7494622172783039,0.224601269541764,0.028225913669155337,35202,6124,13
0,56,0,73,35,3,296807,199765,18.82099247821311,3.5619055249663627,4.084355078699999,0.35412676352214967,29972,15996,8
0,57,0,84,50,58,231882,246533,32.108119460153304,10.851513043102624,3.3545240616551326,0.5361069252563312,27059,8645,4
0,58,0,66,39,44,241337,199251,37.63531922174458,15.719460465502918,26.22138520876978,12.111015517671314,30966,13107,2
0,59,0,100,38,33,351835,227042,51.76148316464916,16.14845967098688,4.3473237738071155,1.2012200748816848,40569,19975,1
0,60,0,100,25,26,234981,235718,28.68309393592265,9.886641400347418,8.763437610633057,2.098717390732951,19599,16168,6
0,61,0,75,40,63,356023,192108,50.45461480304902,20.173591513128834,6.785638586208801,19.309771766816734,16634,16522,13
0,62,0,80,59,24,359296,110457,43.61362187647514,5.22528764735689,8.163353592596934,3.5161639886168894,17992,20983,11
0,63,0,95,42,34,453391,212634,46.7922938548396,41.79615275501269,9.601495889999931,5.712536534091678,13609,18272,1
0,64,0,72,17,48,251914,166295,97.70543293410051,23.521141510858797,14.121171908226396,26.22168440353028,19862,14188,10
0,65,0,65,21,61,267484,243120,288.9194263178621,56.08742520525902,14.897346027994672,33.394645087618436,41411,4871,11
0,66,0,88,48,36,68730,268282,449.2957990727229,152.7037523247761,39.664063727294604,14.924799278460911,13005,12769,2
0,67,0,76,36,28,205692,187122,721.8844543555115,156.4108070954192,13.105251948285407,10.647694000300593,27488,14441,5
0,68,0,77,38,38,204387,208196,122.45528465848216,49.29960205486364,4.614675807446764,1.8233361476169303,36665,14898,3
0,69,0,62,30,53,350567,233393,880.2745374203624,244.70239592351535,32.924938542623366,8.215760478614236,30117,6785,7
0,70,0,49,47,56,480737,159355,376.6372034333874,82.1274866023675,16.93895752644812,3.717471350317411,38724,15810,6
0,71,0,78,35,19,358075,200461,281.3165262509118,133.19699129037556,35.61849226059091,10.316755116676717,24198,18554,14
0,72,0,88,37,41,399079,122624,191.20577183314822,45.46771219799527,7.153340531419456,3.280170418458293,25072,13012,6
0,73,0,71,27,18,228866,252215,104.87677216869253,25.15874530742382,10.882080472398458,4.826998937036435,26102,17107,2
0,74,0,96,53,53,180202,284304,76.34414282553553,42.84521599977803,7.600378463555401,2.9606365805654984,35533,11516,7
0,75,0,64,36,46,275797,204997,118.69707216664234,38.20771188268446,12.182835278564289,0.7800142990392669,57302,16060,13
0,76,0,59,49,26,237624,162409,10.859160051052553,4.973677638121714,2.4327367482525832,0.5684691742727175,29924,24235,7
0,77,0,73,22,63,213890,213075,72.18981562064118,14.466132398575729,3.727839560343523,0.8769022546266588,27635,12785,7
0,78,0,73,66,45,321826,136255,132.67573342566322,53.96764395989482,3.228716522509963,1.3377845174921779,20368,9112,10
0,79,0,86,59,43,181407,178203,856.84457911521,306.3270508083383,39.81262906735734,5.100368090861963,47402,18562,11
0,80,0,63,11,37,382648,179090,216.8815981178679,85.34955597603137,7.383610700229908,1.1179774211185773,26131,13495,10
0,81,0,95,27,39,260055,173913,138.37128199613292,30.453163491557756,2.05790363855317,1.1707313256071463,23821,10952,3
0,82,0,100,47,34,295476,210960,113.73841362110325,23.783619035880907,7.681099820066465,1.1477125558939214,27900,11106,2
0,83,0,74,20,28,309978,221696,19.426645480762623,5.611417612998695,0.28057224238304657,0.1450325217188715,48225,16047,2
0,84,0,93,38,58,253328,200712,37.64130321442841,14.576642140275931,3.9682967954884574,0.3696850102009107,24387,15072,2
0,85,0,59,46,32,426554,245045,99.36851396652986,36.76404255105085,6.828820452549329,1.6694212084780244,29748,21277,4
0,86,0,91,37,32,139421,219517,399.0335848684376,78.53941394730377,24.436012640849388,6.942145737481463,4838,16941,4
0,87,0,90,48,38,428333,175297,328.63071226117484,76.43656416559378,19.461875129012675,4.6160882968434915,39802,19658,11
0,88,0,87,29,61,265294,194598,836.8539996236432,203.6108949696936,64.43929920989423,12.93154985481652,27137,14958,14
0,89,0,74,6,56,392074,195955,232.8296344065444,69.26901385128004,15.843839792498379,5.510024973846413,39120,17301,8
0,90,0,30,54,34,320124,180837,560.575386298534,154.54989639111483,28.738924552078185,13.483295300335671,36338,14609,0
0,91,0,65,54,58,385049,225482,122.6791470689901,73.64891211134787,15.411692508731255,5.672594399108069,31588,23905,12
0,92,0,65,77,41,288158,93427,559.7033561828395,197.88199957810193,40.914223015259346,3.323593747739323,25501,17195,0
0,93,0,60,6,27,323843,201605,441.49211090444527,82.6116255530552,23.16717760726055,5.699905887929812,30633,7598,14
0,94,0,76,51,32,409790,215465,86.83756884851536,39.85583275897554,17.495416706799944,2.756482278691017,16594,13918,4
0,95,0,68,10,60,309584,229952,510.4512327066728,96.81244725901863,9.95902775855102,7.083256275663807,32247,16005,1
0,96,0,62,66,71,433007,255416,369.2653560177614,114.3874921687775,28.29425718982924,10.061664965318952,35532,14796,11
0,97,0,59,47,44,335219,192966,1859.433897337288,383.52582772148236,48.75157285716315,7.995486041411307,30819,19034,11
0,98,0,64,25,31,226728,241588,804.6455587027327,284.4249115760173,30.215409011591394,11.19664571821827,30360,12460,5
0,99,0,91,51,38,264518,230528,132.99570906094982,86.69498259402349,11.439876807885918,1.895632067004937,23938,15022,12
0,100,0,65,31,28,388810,213212,261.5683791617837,36.91950153484032,5.789158523347269,0.30034342733484737,28394,19460,2
0,101,0,67,44,30,176021,130430,16.38357269604986,6.209552188022429,2.939060336347722,0.538647538870584,19030,7913,12
0,102,0,68,43,29,379288,254523,35.15341461379589,7.514392818313948,1.5375706980526413,0.43089101104070576,24544,10136,10
0,103,0,80,66,38,263423,204816,46.06157743993083,17.535244803154207,4.37168955780021,0.3975795823304735,50648,24538,14
0,104,0,81,67,41,171028,187397,10.79733183066926,4.194211639580052,4.852846912689769,2.7937819246802618,30887,13106,3
0,105,0,29,31,37,320725,142150,227.0151856544768,60.485031345671295,24.997558727923934,7.801970764640147,34854,19178,12
0,106,0,90,55,36,229980,77792,360.4663390616265,104.74815860551223,14.432550339580255,7.684658055089335,29737,20358,3
0,107,0,96,45,51,242837,295114,453.61772549093297,89.57625605367869,19.380722620852087,7.416401778634781,30656,8511,5
0,108,0,59,18,36,237426,215342,133.49058462121937,36.443551919620795,11.378173724413248,3.8489597806522213,31344,10698,10
0,109,0,60,29,37,311489,144650,13.215525008225875,2.2879875196927992,0.23238589885969288,0.19028519310867634,27590,15045,4
0,110,0,68,75,37,261003,136966,26.116084326853215,10.842960189138816,3.479548318339587,0.5696365694623226,35932,11620,9
0,111,0,63,45,63,339094,186066,172.32592580345036,78.27829705456058,14.311120980963715,1.7355358879397265,22842,17010,14
0,112,0,78,54,32,401242,240401,4.293699138346576,2.5531007387820353,1.1491868273835364,0.534538364531402,15167,17635,11
0,113,0,45,36,48,354168,231558,20.06568450566769,2.586942576825773,0.8800300910060458,0.20239152806573113,31967,16022,14
0,114,0,58,31,28,480530,234098,174.29486214403607,61.44083626038745,37.54959202623016,5.119998936948158,41182,14751,14
0,115,0,98,40,45,505134,155630,149.59447692686,41.04624139060019,17.900349368721262,5.163620434301308,23507,17878,1
0,116,0,61,36,48,270974,191057,608.1171300932053,196.4409309355368,31.851833115262785,4.076961408348279,37843,20966,3
0,117,0,93,17,56,184737,206354,98.64280516278859,49.76632878596221,5.151920498264757,1.1974106083767095,36724,21508,4
0,118,0,80,24,34,271086,197164,4.595365385797053,2.167044461640107,0.31999157405315753,0.19999173494828662,45602,16347,4
0,119,0,47,50,23,311835,227292,0.380554125138535,0.060288516581607984,0.009004625595227763,0.011130220019703829,48636,10616,10
0,120,0,84,34,28,522577,278684,23.223307232098133,11.758044903688855,4.111742236970814,0.4497739288863357,35801,14122,9
0,121,0,73,40,54,262519,210518,8.284384249918809,1.3179945179888277,0.23632226474547902,0.08907713539040436,28801,18384,1
0,122,0,68,43,71,327793,170755,422.2437327911027,74.84482753129065,14.668874179262447,2.0878286703226836,13836,20493,0
0,123,0,78,44,52,231883,127359,107.99993566966269,34.71672547940946,5.712805878443829,1.3531136613428045,39765,20332,6
0,124,0,82,57,21,265332,208792,77.21522899763534,23.599005620010324,13.104353790249878,2.4575115170217114,41313,14118,2
0,125,0,85,23,52,178561,167015,121.3726980278265,45.5100012292723,16.681227215075314,5.75688200900517,27425,16126,4
0,126,0,92,48,25,153726,221430,477.50216038881877,213.6545439118484,32.36864252160076,6.540634908590426,33520,17599,8
0,127,0,81,51,34,436093,218232,323.794551867398,87.43107124177115,20.753102135668207,4.238084675380209,19733,22304,1
0,128,0,54,54,42,406619,278175,92.7003017722499,47.92402494594288,20.28942913810227,2.255899105482643,24017,11222,7
0,129,0,67,18,45,263039,210691,324.590397868742,166.21470878595784,44.14301052980894,3.5325140917701394,16783,17299,13
0,130,0,100,43,40,406338,222779,62.02130620803337,22.99228694495009,7.68551367338974,0.8405077869709632,32690,12427,4
0,131,0,85,65,30,169309,167236,5.8818226335460375,2.0707804320647316,0.4698003678641272,0.3661162862119114,26003,20842,12
0,132,0,100,38,55,282663,128391,107.05299380527737,41.04885812136728,6.90309335535055,1.84486308682427,42496,14836,6
0,133,0,95,47,32,317426,253723,24.488967186364583,7.801155599553318,0.411538035791599,0.5823962601220727,32347,16191,6
0,134,0,78,51,58,426605,260325,419.03384526319013,106.03030396130153,10.019246440011056,1.2896978043287972,33530,10811,3
0,135,0,79,24,19,319754,183461,132.65634693722734,35.04527139612833,14.096886748729162,5.511331497557982,30114,12860,6
0,136,0,74,67,43,354475,103303,19.95264319591467,8.027911235841847,6.984043238628977,0.8199505451439377,45797,24923,13
0,137,0,48,47,21,253003,268043,86.00762776388649,28.64491297869759,16.65086057575511,11.333650347220644,44523,18076,5
0,138,0,75,47,27,326395,259410,46.37931567128553,8.275335225439353,9.090075901408932,2.0761712221645836,28283,15934,10
0,139,0,93,15,32,426436,194162,337.8765009746539,115.2781165148024,30.735615236314036,2.956960718572071,32984,21856,8
0,140,0,66,51,62,138349,253440,66.94875734671011,28.843669335978845,8.330184259329839,0.6406591281262147,44147,22544,10
0,141,0,81,47,59,413607,197948,672.7334399194361,113.50755483176036,22.87962109818374,6.211379705040708,18240,14800,9
0,142,0,87,64,53,279002,210852,450.808924814257,198.74016874273192,29.73766898495727,7.9463474281763835,33019,11182,3
0,143,0,61,35,40,159404,118697,172.96581546410155,135.8863900526236,36.75361804800244,4.749902621909473,26499,14238,5
0,144,0,68,25,42,273286,261101,749.0467525898966,261.755948519972,36.02491440952161,9.777279010692,44725,13195,11
0,145,0,59,29,58,429008,112348,289.76440828009834,56.841750822197696,7.789767365746435,5.272910068028611,35306,15507,3
0,146,0,62,32,50,251766,286072,255.40004859524956,66.67963335692038,30.26819240822631,5.287991859105039,12622,16361,8
0,147,0,55,23,40,329933,291143,369.27365820205483,108.32038267025517,12.850604850284075,4.465310135761832,25842,27612,10
0,148,0,61,59,62,138681,72272,167.35888169765417,51.30114888805962,9.133193854603254,2.5042600033354985,44037,9805,9
0,149,0,96,59,52,117433,277848,181.46319610705604,54.414584789215255,15.859340327506823,4.094708035558711,38920,8458,11
0,150,0,61,37,43,192326,188061,42.84293221409835,10.031293475495756,1.544582821097509,0.4895807934955581,19575,12058,0
0,151,0,76,34,33,401280,221112,168.11117247884278,67.96302939933045,11.81899197386783,2.215012098098402,20212,1000,1
0,152,0,67,12,31,294916,129473,91.92766548111736,30.918067922466566,7.175530603512886,1.6545934556295423,30781,5539,14
0,153,0,92,50,34,409969,183870,1.200857905347512,0.7705887241419501,0.7433020899895125,0.3267175745673196,29456,8370,14
0,154,0,94,64,46,415811,140945,1.5654408605001207,0.6874372235615857,0.09712814717476302,0.011235415625623907,27432,20666,12
0,155,0,87,30,52,224184,160535,126.75502084372307,40.57276555736743,6.3151788309246495,2.0854633337520148,25967,8241,7
0,156,0,79,38,18,456700,261111,2.3778253298718592,0.9533809883707313,0.08285867460892683,0.00946759120761513,24121,6514,4
0,157,0,71,46,10,245562,249957,260.4066717710059,52.47657958591482,4.379790376123484,1.5990177028887032,52554,10779,5
0,158,0,57,65,25,400036,241023,250.60484261503237,90.98368542480974,26.513433614485116,3.15610860527493,26342,16998,11
0,159,0,100,42,33,395949,173044,299.63230541661875,70.01374368558875,17.136708572776477,2.766515538487531,23408,12437,5
0,160,0,63,42,57,306503,165483,20.275664405898993,4.328206930488141,1.1772078571832658,0.5098136874007336,35059,13292,0
0,161,0,84,42,35,306666,117531,30.369512145861446,15.323436548821093,5.259308527052327,0.670897664968246,28986,12129,6
0,162,0,90,18,43,332046,233900,25.80708044977813,8.519087706258205,4.159869982356738,0.8308927678285489,20784,8379,1
0,163,0,66,18,46,311543,296831,206.22796138312057,56.58202745590319,17.92953864614921,2.3105824100578403,27499,10379,6
0,164,0,90,27,24,260986,272789,227.50209340732934,62.937988970523094,23.199762023128947,2.3565015482340645,29398,10911,13
0,165,0,86,55,61,252409,201534,148.70267600839895,35.568296734520615,9.022032359853375,3.5219107391641007,34302,18169,10
0,166,0,100,34,30,261785,224666,9.599311131505475,5.139731467905611,1.9388647494480336,0.7749052838061455,33130,9399,10
0,167,0,67,32,63,421821,212371,0.20485428289842025,0.08486248406944262,0.012157174980860998,0.01252559271693942,19845,20101,9
0,168,0,55,31,38,141165,245472,0.04571139980362388,0.024093064322615373,0.007951136146449217,0.009591022797934315,36086,18417,4
0,169,0,67,37,34,250315,287105,0.33427055491097096,0.07517124760439574,0.005227549037167309,0.01106847974644957,38921,7178,3
0,170,0,78,65,23,267405,171520,0.07574602728910193,0.022219018450423258,0.0047276891475,0.011315028725529247,19241,16929,10
0,171,0,75,37,42,277190,173379,1.9022571168397033,0.7990487707509685,0.5815047700133158,0.5052628279768666,22232,15277,8
0,172,0,69,28,73,329677,185643,126.66124263720718,30.63464524719518,3.3318658623364295,1.0609275893736396,28244,21803,8
0,173,0,46,40,46,165175,198357,15.289696957521898,21.42576408328575,16.040828612945813,3.041552618256047,32195,10912,5
0,174,0,82,66,44,402531,236416,1.0790871229419199,0.1514531083403466,0.04296027738798392,0.01163652319875785,32576,18270,0
0,175,0,100,32,30,388695,196639,0.0392546429978208,0.01727130394542038,0.003991588821721999,0.010698851732352454,29572,18980,0
0,176,0,81,22,48,367433,157328,0.22334849846683338,0.053887962277848554,0.0052374514784690835,0.009937182589744582,15684,6274,9
0,177,0,84,32,42,279244,157989,0.17689482166084453,0.03155408036733001,0.010089889550928361,0.009942638396402866,40120,21545,1
0,178,0,83,41,39,226164,141238,38.37970107825464,7.2630682269318845,0.6931718720858228,0.7792274238824783,20083,11327,1
0,179,0,80,50,47,267479,194648,405.91716839886556,101.31670648180157,4.78967137047141,1.8353736946701074,43505,17345,9
0,180,0,88,55,12,306086,251690,141.95384872290086,36.551774978528776,15.284291168235596,2.122871182202291,41675,13896,14
0,181,0,80,24,38,366618,221016,458.30760274812127,141.2538775963512,8.894595503982716,2.524546296494444,18864,14042,7
0,182,0,70,25,22,291868,228169,135.7946917506481,29.462521067941747,1.6799275456977067,0.9332049620344838,33524,10972,10
0,183,0,63,35,40,336045,145789,1.4357470871522122,1.0483224459266913,0.3505746121493846,0.09571258609843089,43610,12033,11
0,184,0,71,50,29,256609,141360,71.99777799516332,30.420725313546622,6.542644905020133,1.1330656045963439,35888,17247,2
0,185,0,79,21,30,328632,208918,114.59513532985427,57.264182065920245,11.934748023912755,3.9244744683871855,13022,22086,11
0,186,0,70,30,19,275080,262316,294.6206969639385,74.48231516381131,14.068279619459691,3.878345653114706,29625,8911,0
0,187,0,79,31,56,326795,242241,103.47129454119124,39.86736338883087,3.8935709767349915,0.37488919470610893,38337,12342,5
0,188,0,81,54,29,123305,166321,4.579001476822221,0.655627619178,0.19224023157972145,0.17488032790526759,46809,16307,7
0,189,0,87,47,30,348710,314561,83.82301106928983,25.8330644212929,14.968124175264183,1.261449313233029,28644,16042,14
0,190,0,94,53,62,354000,98513,41.22100996612259,10.131287637971898,3.333579230123047,0.5194371864413169,13337,17504,14
0,191,0,76,60,48,352896,201450,1.5188805711494675,0.7958068978133921,0.05528922469802208,0.11772768738843273,51881,20806,14
0,192,0,55,35,9,201255,205136,0.16226666281114813,0.05191350870320405,0.0051453587506712535,0.010628272430953222,28775,6426,10
0,193,0,69,22,60,228986,189543,67.15378663550308,29.368204912510976,2.789775514412388,0.17065666840726898,44444,12144,14
0,194,0,75,22,64,213141,226283,53.31446106394774,10.546931241118681,1.1096462941994052,0.1464046738234594,27418,20221,10
0,195,0,47,12,63,332998,189886,24.52746383610254,85.74591411024292,8.832387843651329,3.2950637045659334,35497,14104,12
0,196,0,95,33,50,365822,125231,16.036558526308802,12.391252897132507,3.011722110765394,1.7364876704996632,23145,9249,5
0,197,0,77,34,23,230343,195572,6.398100143160864,3.0638168419997447,2.1329770043730494,1.4043042902804164,23339,8673,3
0,198,0,80,51,39,431561,208229,531.7415976368111,188.8935242322916,10.153514716698115,3.5998160560621457,48096,14937,8
0,199,0,95,40,18,430238,245577,45.937678817262636,26.718839439812356,7.319423422299199,1.2781040478096912,39397,12932,9
0,200,0,65,32,27,313795,270877,14.518373527200328,13.209039565040896,2.582085148701948,1.1776061815550833,29720,25785,7
0,201,0,83,38,23,337088,157225,0.20821874721190273,0.044394733856116045,0.021263870054297723,0.008861087513639386,39345,14215,13
0,202,0,73,24,30,132044,283609,0.04314375527820067,0.017017098729182615,0.005358449056173271,0.010962262129869622,23221,11181,0
0,203,0,72,55,42,247096,178594,0.2065375019273245,0.06633929086521913,0.01205515867595465,0.00927223095503663,30015,21242,5
0,204,0,63,28,33,174764,174474,0.15035082261498267,0.02691835809744231,0.0039240543730743975,0.00976806336588369,31022,14604,7
0,205,0,99,22,32,209001,179450,0.09645919455782594,0.02664494742297406,0.00340303778643563,0.010071377732578029,22415,18874,3
0,206,0,69,52,35,351451,102435,0.3734275859534395,0.07236146131198624,0.005276614265826501,0.010296650900783794,21105,24410,10
0,207,0,85,48,62,375605,178874,0.1606392241647497,0.05866107025637021,0.007222829598624217,0.010412020427416475,11114,22389,8
0,208,0,46,14,72,379785,265550,0.0556331224343018,0.017625197068851985,0.0038930433071976533,0.010449067234544487,20324,16863,14
0,209,0,92,52,33,324169,223867,0.239167131846705,0.03404465068314393,0.0032765442946991723,0.009478543116172423,48278,18636,8
0,210,0,90,28,45,352337,211378,0.4142369736304856,0.07506817826548066,0.004556143858781812,0.009879878707156519,12229,21733,1
0,211,0,76,34,27,141086,217535,0.06429571822891665,0.017279093055979616,0.002474449971510701,0.010004397508003741,29653,10218,12
0,212,0,71,42,51,171046,263072,0.17515026720222687,0.0476251754695625,0.005718920923479785,0.009933470884491615,31526,8471,14
0,213,0,81,48,32,279078,156100,0.16695356425611818,0.029218992081149003,0.0036341598344876835,0.009648436204639918,27502,25068,8
0,214,0,100,46,29,359748,245193,0.04167590490256806,0.009732783824366821,0.0044674321069841485,0.00912529472780567,38743,8743,2
0,215,0,48,39,70,255273,203326,0.18638885355392756,0.035165317894652756,0.0033647953832772765,0.010628874617489481,27249,26341,6
0,216,0,86,33,19,163921,160806,0.28474746597779527,0.05361535839398018,0.004313100204553983,0.010466550270757716,39534,11526,9
0,217,0,61,46,3,230823,223182,0.04459818868555804,0.01505128813433756,0.003765433575968222,0.00987632671615883,35491,10485,13
0,218,0,74,38,51,206651,204191,0.29332127317191453,0.04432995842033903,0.006729263443665585,0.01270236182842342,16467,18968,6
0,219,0,71,67,34,127551,159663,0.2293149356383985,0.029314227627349726,0.0028136803039266675,0.009878001606747767,41615,6971,12
0,220,0,68,48,30,522439,146523,0.13091161232271847,0.018452701616472094,0.003404216249754906,0.011380168948153942,26862,27858,1
0,221,0,74,26,80,423287,178255,0.31722442252112537,0.04630330880585105,0.004729296964317824,0.009744282795766297,12088,24620,6
0,222,0,57,32,50,102434,174449,0.23085843475458265,0.03459714214930957,0.0032455986929268224,0.009550732491268,34712,22699,3
0,223,0,90,40,39,107794,261048,0.060979617227875545,0.023921289619807794,0.0037054257813406628,0.011525524671071747,27129,7372,7
0,224,0,48,59,29,219401,189287,0.207701972242103,0.04691855736668373,0.00482745030453836,0.009509645936517371,46286,21474,7
0,225,0,83,61,46,151066,181345,0.18778080610984207,0.02972102354979913,0.0037235711806982118,0.011228071420883747,40956,20946,8
0,226,0,70,34,14,538261,256440,0.045879394156274365,0.013704470903675482,0.005361463066704389,0.009513517750408335,20977,15831,6
0,227,0,57,25,32,219768,267483,0.3121308726558704,0.060344163838160096,0.0034560074051314866,0.010908764694169166,39489,19206,11
0,228,0,78,24,39,336154,158426,0.18048711330808867,0.024480303333671256,0.005603231674833716,0.011196403660185804,23039,18087,1
0,229,0,51,43,43,249420,137811,0.18988481344783245,0.03909236128779414,0.006280186756229549,0.009534733720769364,13429,8943,6
0,230,0,75,74,37,183281,225761,0.25187535397872274,0.08316969863890265,0.0035569711958668,0.010365659293134401,23854,12815,3
0,231,0,53,48,29,404734,189630,0.10739744111629242,0.031744081825651506,0.006618976850039116,0.010221424891722976,16708,13492,7
0,232,0,81,16,53,365483,172739,0.10108949392836514,0.04697422582463328,0.004940177220128174,0.010411687906155223,29863,7415,7
0,233,0,61,29,15,294043,251915,0.276186192993903,0.0533522579832916,0.002630606609782888,0.01079859210326362,49305,18768,0
0,234,0,68,30,35,538193,186970,0.09985693264163786,0.02694115609536905,0.00573253217833648,0.011888692102580308,30787,20647,14
0,235,0,79,27,32,323505,295909,0.13178712021362987,0.03811209382562012,0.0038782000669123173,0.009390024289933107,34614,17264,7
0,236,0,63,34,55,254353,202384,0.1252243553485205,0.03795155387733743,0.003678136957871624,0.010768717299510237,19968,24368,12
0,237,0,74,45,33,491527,208206,0.10507610342894577,0.01943357505352324,0.0027141866885877198,0.009304618417789144,24596,16741,9
0,238,0,52,50,46,340387,311988,0.07683134781206259,0.03573383894838898,0.007352599321325898,0.010787104791492289,35452,15104,11
0,239,0,84,56,44,462791,215482,0.2306204470830128,0.0374734857725509,0.003515852132254656,0.010951529644165105,29314,12239,11
0,240,0,100,47,12,296091,164687,0.07849108256910216,0.02705036994376217,0.0034906224509025224,0.011560782969630569,22792,16381,14
0,241,0,100,10,39,1000,148976,0.07615456748522406,0.025613793305751618,0.003481136493714101,0.010443203332086082,40028,1524,14
0,242,0,76,24,13,144124,176903,0.36110457163193416,0.051883451756528705,0.003949882017564393,0.009769060034358673,31404,23817,3
0,243,0,86,37,45,408271,211800,0.036509028573850515,0.020251951266704735,0.006741640284235349,0.011111060552832567,50550,16961,12
0,244,0,48,42,29,241093,245550,0.40166507279942637,0.07508495343900874,0.0057897146028119545,0.00817182659170171,36593,20668,1
0,245,0,97,52,57,325332,124794,0.16685747773158457,0.02003301264793983,0.0031432222346211005,0.00981249468565775,18653,20731,9
0,246,0,86,40,37,413384,200157,0.13050011497770037,0.041273164998181865,0.0018002068254449276,0.010494191168218474,31156,18682,7
0,247,0,67,40,28,317948,263937,0.3384437630501762,0.05866186128060411,0.008120725956285576,0.011424228763179419,17960,9894,14
0,248,0,93,43,57,214059,213109,0.05357875171282567,0.027426052859658497,0.005690818869104452,0.01047217531699877,50049,1000,3
0,249,0,71,36,26,298891,267793,0.1872574818071236,0.04053631613837897,0.003175621792935801,0.009918490932306508,20111,25914,9
0,250,0,68,41,53,310693,124601,0.091573389515335,0.020922682998761287,0.0050870318916704065,0.009936087151651044,41141,15090,5
0,251,0,82,56,47,259184,188671,0.2541798749220513,0.10418113386679922,0.006753885795727417,0.010142946355400752,39542,13309,5
0,252,0,59,38,34,161502,206023,0.8090072094825954,0.45322012740755807,0.01906011600105798,0.010062712937043776,23174,13681,9
0,253,0,90,39,19,264451,227658,140.6768815842535,18.99362005129784,2.9183934231654183,0.9022388072551436,33284,12691,7
0,254,0,59,39,58,290718,157430,0.5475523283064495,0.33135035736620094,0.01783746498407435,0.012236938481894397,32558,14923,4
0,255,0,59,59,47,155681,220798,0.5346331198466874,0.03723240227297866,0.004178275354891679,0.011157891417604128,38327,14624,6
0,256,0,61,23,28,208190,224696,14.539456448930476,5.615687658410151,1.192268924877967,0.2934593988085376,31769,15584,12
0,257,0,86,66,43,228314,196324,1.0817494547134188,0.3363212900780688,0.036964250849040495,0.010347390057731658,23319,13785,5
0,258,0,65,22,55,113963,223496,33.10887212900352,12.708780527743492,1.9302213489020847,0.29989731362195166,35607,19443,14
0,259,0,54,30,41,312823,215815,1.707697736145518,0.30585897616604335,0.26586393281298887,0.15360644377458144,35641,18632,13
0,260,0,65,51,43,323695,167081,0.12886074548226334,0.024562972996909755,0.0053063566805588444,0.010257627860745131,20688,12327,5
0,261,0,74,55,55,245567,192093,0.17879770103177287,0.033129254785367705,0.005247173831367615,0.010874511881891508,6946,15970,0
0,262,0,57,18,63,163138,137550,0.13996854198425632,0.036366220987477035,0.003413873487588388,0.009502553365670463,35915,9178,4
0,263,0,57,23,38,340698,125205,0.07468533023053138,0.021576646490972372,0.0033259645956273047,0.01053740303781879,33733,18118,4
0,264,0,100,44,19,354607,212716,0.15988804586982625,0.0275060509281037,0.004058400074619418,0.008228788488206934,34318,23448,1
0,265,0,62,75,20,309858,105299,0.26748602742335237,0.06269043300362312,0.00565170727667993,0.009691375891023514,43190,19417,8
0,266,0,70,58,29,304156,187908,0.06168983103091922,0.019379347035136586,0.0022098847154557845,0.009647119160429865,38760,14592,12
0,267,0,69,36,25,359394,220670,0.21665138760196387,0.04402359289475473,0.004313444817289938,0.009019112144446508,42933,10168,7
0,268,0,68,3,14,290453,200821,0.07611658420347829,0.01709498693262516,0.005375576578425246,0.007973418134354652,37830,18423,11
0,269,0,84,41,67,208224,309271,0.5561036174509812,0.08805694765674545,0.007314266051342887,0.010743367429983773,31439,12028,3
0,270,0,89,45,47,292971,221337,0.05672372907430755,0.015114151670817715,0.005137211886908826,0.010034639955258539,17704,15143,13
0,271,0,70,34,32,260794,186569,0.399394554237078,0.055288308096270944,0.0045222344668072135,0.01159297819900796,45411,18833,1
0,272,0,56,27,39,292968,230402,0.084438539569332,0.016831247307283324,0.0036156375779915137,0.008390492980603008,27904,10985,11
0,273,0,94,42,13,388426,134391,0.19786228354590973,0.04748977815099572,0.00343426248686495,0.010383361271467564,23941,15523,4
0,274,0,73,25,57,179792,250010,0.14337572620398165,0.04935010058351402,0.005036335491846264,0.009349308241512417,36370,9810,9
0,275,0,100,68,10,317747,174751,0.15962860817388594,0.035167441802678584,0.003913730134849649,0.010380790105295811,11643,13382,6
0,276,0,41,62,47,174741,255327,0.16211268746977714,0.038905630963458476,0.00644703673026011,0.009681118834457778,22609,12765,8
0,277,0,77,49,12,208181,220017,0.07711122041037143,0.022634422983306014,0.007368919486391087,0.009323328509527076,23707,21128,6
0,278,0,100,41,33,457383,231281,0.22663539588839055,0.07419856130074584,0.002866520216417466,0.010690039753575043,23422,16085,6
0,279,0,69,30,58,345730,172307,0.11057905812370535,0.038552390833129904,0.002979291957200743,0.011615904982716687,49352,11691,12
0,280,0,71,39,15,316094,142762,0.11459153831798106,0.026140740415571594,0.003232586717940006,0.0107706347118436,29176,12951,5
0,281,0,79,64,37,134152,141875,0.2264876937084038,0.06723629531334081,0.005242809429717602,0.01203321823730875,23611,20136,8
0,282,0,66,53,49,276425,114213,0.1859017388472316,0.03523550832676571,0.004957883913984532,0.011857585553119162,29516,7199,14
0,283,0,70,43,46,92720,180827,0.0990911074927977,0.028082644556054814,0.004994133544575042,0.010078913039092445,38537,10985,10
0,284,0,69,53,41,303725,170629,0.21381291055447055,0.044051437288700375,0.005065179556314597,0.012081886604488697,10937,9807,2
0,285,0,65,48,47,175303,250590,0.05550540412322059,0.023869382983065415,0.003676158217826134,0.010998596715034212,31144,15881,6
0,286,0,93,45,30,355784,148320,0.2288677539889585,0.03622223123017362,0.0033189270729521514,0.010927417346985765,25470,15675,9
0,287,0,81,54,68,316130,309697,0.05293218152063926,0.01362927935760641,0.004154309274074202,0.010627648136931149,32695,14299,1
0,288,0,78,47,15,178390,149921,0.1619543594547119,0.03290717020781616,0.007742625067844365,0.010876016382778207,18541,14650,8
0,289,0,87,52,57,338159,154625,0.10003888821389365,0.0595842685831521,0.012340352207713658,0.010123072682252354,28202,8335,4
0,290,0,71,42,42,509338,125999,0.08095511346658904,0.02436877819285068,0.006344211041798018,0.010120447605232044,28633,10370,8
0,291,0,63,36,49,279727,200484,0.20468356523973982,0.05397428604995626,0.0024075094114169053,0.009418565759508862,17294,17962,14
0,292,0,65,31,51,388030,183904,0.033636688767432595,0.019316213136337426,0.005628124277443561,0.010833988261435801,48643,7739,11
0,293,0,75,29,48,89701,194606,0.2702723677528173,0.07250172098199803,0.004571004354535704,0.009949510115809062,34148,13708,14
0,294,0,59,15,27,346769,220343,0.1917207179314698,0.027066432542733415,0.004103287627792404,0.009693618410576435,39212,19834,5
0,295,0,67,26,35,243072,249132,0.050470925646795575,0.02447270333278942,0.00288815141010695,0.01144645786667241,26460,16102,7
0,296,0,67,25,18,273098,141508,0.27288611553907105,0.06780106820108861,0.0050514962831927565,0.010319932660598346,32147,11620,4
0,297,0,100,32,35,359511,200980,0.11960009755269597,0.020936343258933704,0.003500655964676211,0.011480579547353625,17981,18626,13
0,298,0,33,63,44,275651,242766,0.18290015025877812,0.0808481449049198,0.0033498624190342247,0.010982366091859985,23598,11422,0
0,299,0,72,37,49,138256,145293,0.27590532667850604,0.04249144618008637,0.004644451922419399,0.010341676081950503,21011,15305,14
0,0,1,21,64,65,987913,588292,0.565246886685472,0.22551052465551807,0.05485757998537322,0.015009027083876235,1000,6018,14
0,1,1,24,75,101,463293,629287,0.7276464606292915,0.2535495631665481,0.08884148710310773,0.013992952070097384,17244,7363,9
0,2,1,37,70,81,911636,417917,0.2895783903520814,0.2086389904011771,0.04734326127618591,0.012366559450669065,12989,4510,11
0,3,1,36,81,59,737104,429816,0.3786428382073426,0.13588600493336553,0.047602173919199284,0.014427246160276273,5619,4668,4
0,4,1,29,47,96,911912,460872,0.6238868346329952,0.16676493971734851,0.0537944683736285,0.01053577551437114,8826,10361,5
0,5,1,31,94,60,997661,439122,1.9818516457955972,0.912607304227223,0.4930221579021458,0.24669904286807431,7893,4925,12
0,6,1,42,77,48,625135,613381,5.261483220439405,1.8166019915470917,1.0884775168954208,0.38691486838905914,11448,7506,4
0,7,1,24,90,79,571965,350038,7.282747735574695,2.279011657800156,1.0868137244030247,0.47393834346566094,7462,2087,10
0,8,1,35,83,118,1093257,554270,25.653839709267952,9.534272061786174,3.8454514896091263,0.8165728628193795,4256,5715,0
0,9,1,27,69,43,788562,638670,26.167900749516253,7.705069797008154,3.684681181944624,0.9145632934487605,12446,4184,0
0,10,1,27,50,53,865549,442126,12.313419438749518,5.751527340730628,2.4001731832131865,1.121352899683621,19071,8077,3
0,11,1,40,61,95,982154,647206,14.197114722957942,8.122390429664918,2.046242524497489,0.6793434658104239,12648,3648,14
0,12,1,38,93,67,607742,615733,32.1267066111903,14.036805635637066,1.9320901168587916,1.2510467839280786,10375,4142,12
0,13,1,38,90,92,980392,465076,29.26226298495306,13.754182840568154,4.235887472994359,0.8662817458930735,8928,6159,13
0,14,1,43,60,63,928030,581879,1.7222626661065197,0.6464241484907245,0.17329676727869642,0.0669860143860302,6056,2897,10
0,15,1,30,27,82,1094004,417338,0.4534722967604732,0.20239361483002116,0.054628343400529106,0.01590120507156565,7962,5254,6
0,16,1,36,66,114,1090516,389826,0.5962095823107725,0.31543974737828767,0.07455640451791964,0.01235414506534202,11961,3796,8
0,17,1,26,65,56,812687,453621,2.3401705970616473,1.0839765640677956,0.3364988917277632,0.14829976767367833,15936,5280,3
0,18,1,33,66,100,950611,635030,9.958420864148705,4.9970850242000955,2.164737861156242,0.6342164425109194,16159,4817,4
0,19,1,28,77,93,808910,454169,7.376863711509212,2.340707242282025,0.9379186408703861,0.3126537805872103,10851,8671,14
0,20,1,30,83,50,829048,504167,2.1697552672273828,1.1159573942720733,0.39791042018563944,0.17503971942598612,10933,5925,4
0,21,1,35,84,91,574228,399562,0.6883363545835943,0.2671380349759077,0.08130202776340698,0.014358646025873771,10261,2387,9
0,22,1,21,76,81,755100,586665,1.5270343857890052,0.43996696965649434,0.09033478437694444,0.010022988935427316,12855,3161,4
0,23,1,50,42,81,441046,583145,1.2193414121651796,0.5989995137721184,0.21018784412221467,0.17517331344227,10240,4125,11
0,24,1,19,64,86,772503,429570,9.849774974464978,4.492796909243126,1.6601478703265233,0.4478116533107943,10322,3600,13
0,25,1,17,100,72,1064008,268294,3.2351547042489472,2.222680471910613,0.8557103606201755,0.3981222200912861,5698,7838,11
0,26,1,41,75,81,955585,463827,8.340985020862474,4.057302296100705,0.8834100278824673,0.3439091545017051,5579,3883,3
0,27,1,37,75,84,822449,544253,142.76643863112272,57.83769856999993,8.73425495715631,1.2877896880733,6544,4925,11
0,28,1,36,75,94,759591,498680,61.921939137161615,18.319616880872275,7.1774538137169515,1.904053621032644,11199,6202,6
0,29,1,36,76,49,691936,508048,21.734210389029478,15.017931479444664,2.611077979424828,1.3966712283724767,8467,10581,0
0,30,1,29,34,105,616297,534952,32.64231350819272,10.424319066337306,2.352407081158065,0.7311738826671795,22911,4707,3
0,31,1,21,66,56,963733,448904,65.27966070650892,31.649572571333017,4.3180314391282,1.1340512613753604,11939,8322,4
0,32,1,30,69,95,492993,374467,13.424967205663677,9.819973091395138,2.7190769354272826,1.0962092674582125,17854,4137,6
0,33,1,23,89,81,488398,573900,61.26356322865237,23.012528780186837,4.239504529127028,3.497366261347323,17423,6952,10
0,34,1,39,70,54,980871,411510,34.951515991445234,7.960323407915337,3.347437491070916,1.0746464320963758,12123,3325,2
0,35,1,28,45,90,841570,379838,288.5626319732842,137.44020027772345,21.456107603967713,7.238324817690442,9795,6602,12
0,36,1,21,76,61,808965,550006,80.33137755355965,44.539536850838985,59.226252847177804,11.446908078046333,5505,4255,1
0,37,1,26,57,101,841412,389418,317.4688623482539,137.76489870509738,43.34324403221951,15.053765990132087,6990,6824,3
0,38,1,34,51,65,1202017,418181,73.47434436270156,56.92437580527891,32.28357789182117,7.154917522831149,14201,6612,6
0,39,1,24,57,50,811207,658057,125.32197520061415,157.21096414972214,43.103478264441335,7.240775379025256,11348,6252,14
0,40,1,21,78,110,858658,658856,43.0779298770617,18.45526248136084,5.35202274289618,2.1809933701206603,6787,5856,1
0,41,1,32,88,83,1211611,619126,97.88445084389917,28.621229477759922,15.484001046184268,3.8483060834672713,8962,4045,6
0,42,1,32,77,97,787281,575936,58.73050135141418,14.893042304446716,2.0057197336129664,1.2849974134971913,11647,6449,7
0,43,1,24,79,62,1145263,615639,399.99353652427067,135.80046356500952,57.345165371370314,7.605750632649228,10124,1796,5
0,44,1,25,77,42,378597,696260,293.02038258822756,136.90704109666575,28.3262572443713,10.156608848211725,8809,10106,8
0,45,1,32,71,113,567623,609413,125.81847991839874,51.08036971852461,16.233792362756386,3.5702008240782463,9726,6288,11
0,46,1,15,80,79,666405,525127,85.00543594668935,38.41169480156966,17.19652263666397,5.999780025429984,1000,6084,0
0,47,1,15,33,89,916798,587294,144.57774362963568,45.65585766818145,20.0993679999556,4.777269992377429,10091,5944,9
0,48,1,22,71,93,1154798,453505,155.34186972768714,43.83976888388139,29.533404502338488,17.353758075083864,4708,3512,10
0,49,1,27,54,73,681836,514632,326.6450716680977,141.86133078969254,66.96517775407659,10.030902235574718,11817,3807,1
0,50,1,33,87,84,995650,519079,1148.3962698796047,350.0032370316994,27.086430138239606,11.802234092387048,10669,5481,3
0,51,1,44,67,111,1247445,486191,365.19256019579575,135.04248225112124,43.26171047767076,8.341052673847154,13742,4026,7
0,52,1,38,70,79,1112952,468515,123.87097357195823,65.13575900722684,16.06657989285901,6.870045116201191,13790,2630,2
0,53,1,28,47,98,719225,628786,174.0255192834294,31.5921862407718,18.807413446899304,6.135082051289073,18598,4839,10
0,54,1,29,85,40,973712,404702,436.5169362988767,118.14308946606184,52.603407637083606,8.108201076728804,1000,5701,7
0,55,1,19,79,102,867881,514777,83.68381756237432,93.60002711912634,18.50092882316889,7.641232210705516,9369,4975,3
0,56,1,29,78,49,668109,371067,220.80341847525355,108.45319397146831,25.121785779830482,7.0218522059462725,1000,7104,10
0,57,1,27,57,100,885458,299228,110.73157646970661,52.333000899434786,12.464683142759677,2.4672483319035416,12453,5326,4
0,58,1,33,58,87,705238,619518,68.81881406457242,17.21128183765502,12.640191308040478,3.7464008944704172,9164,8171,2
0,59,1,21,73,78,824870,628586,78.88929804661795,48.4576955643823,6.365430291142666,2.8249916527195693,7646,9612,11
0,60,1,35,59,78,524320,451459,157.73473534430394,47.742160380587784,27.40494976810347,6.805915184494758,11335,4734,5
0,61,1,45,76,74,447413,505063,172.62100723329695,74.11539034891545,15.699932529056111,8.81673907940191,4735,2769,2
0,62,1,28,37,63,742692,471070,333.6304570901245,82.03084698724227,41.52178819477562,13.203583811830105,19239,2712,8
0,63,1,34,62,75,863628,471175,204.5828494892561,151.60920113674356,50.56120849446239,9.20473838681356,8777,4901,5
0,64,1,36,96,124,574427,451196,264.647766047354,69.91612816800097,16.432749210023047,6.356397884310357,10382,6604,0
0,65,1,25,76,106,905259,546007,212.36142711888658,87.26829579341711,35.90527887774365,10.114190974450533,9357,4303,9
0,66,1,32,72,62,808549,461883,173.1195867740315,63.858875255789634,20.20236286272268,7.146121747373612,14612,5052,2
0,67,1,30,99,85,930050,541501,233.46758995690675,72.12057728808894,18.254967099570887,6.37117291717599,3988,3960,7
0,68,1,30,34,81,989127,666770,208.37545822011276,44.31406147767716,16.736807396291038,4.009298082481242,14141,4365,1
0,69,1,22,57,77,1068715,538955,52.50526310385674,17.31573411361018,5.641132195807383,1.5981176853762626,7407,5218,10
0,70,1,30,63,59,920654,512479,122.99521711790393,64.84255105833331,9.079963788038379,3.599758794287092,7450,6951,7
0,71,1,34,82,88,740947,442851,198.8927839645465,61.09030870987389,6.1425309678993125,5.76623767920715,14396,6865,9
0,72,1,44,83,96,837772,498561,19.013067563452488,7.354050990154624,2.1586211318211825,0.9727848262296791,8658,1000,5
0,73,1,39,57,63,1265836,332954,14.106716892235328,4.035210959306467,2.675703693330526,1.7626542592893868,13068,6358,10
0,74,1,51,84,119,997092,653967,77.83667038743121,17.384517356237257,7.14395968779247,2.837385907939142,13162,6296,3
0,75,1,22,63,110,814307,404194,96.51162210256689,56.14211797061314,4.4485856530521835,1.5493167898092512,8254,4824,14
0,76,1,38,88,90,769893,308139,61.94130512007732,18.658010156268663,3.7182276303373674,1.2686059823690363,11164,4325,12
0,77,1,31,54,55,680352,489545,105.63236797671573,39.446725882856484,5.641726185681531,2.6506633284589394,7580,6210,1
0,78,1,51,68,88,562560,535422,204.09646950733165,41.23984049546873,14.095761015922868,6.477864148950283,9902,5263,12
0,79,1,21,62,85,1141622,632450,226.61566798577562,147.7490759320417,13.77929343704488,5.513513994798415,12368,4542,2
0,80,1,21,85,90,895699,524479,192.52749897326345,118.42145453195928,23.714263705589573,9.539221619773867,5216,9343,1
0,81,1,24,62,111,546229,592548,449.1314898790348,141.07587483255514,39.37799948941616,11.790847638230694,12201,6021,9
0,82,1,8,69,76,774932,592983,385.45651104992146,103.24837680046642,22.85963568176036,10.40053073476874,11588,3937,14
0,83,1,24,77,120,1054097,583197,170.2154835549321,108.89618662726517,32.327395964443305,11.913614097758174,2555,6493,12
0,84,1,22,78,88,710611,386636,74.09604487540373,43.89153982321298,9.951301777201024,2.4888552534819923,6269,5875,3
0,85,1,31,83,74,637102,551093,104.17969020938848,46.73175228196317,15.058110909265466,3.575483372840492,6542,5760,4
0,86,1,33,73,127,871353,361496,434.9057083830903,120.79034357780411,41.95135130120449,5.987750138769961,7778,6738,14
0,87,1,48,63,96,931630,699439,100.2762601562245,16.68015386987441,4.47589502245696,1.6969214075585817,5220,4054,10
0,88,1,39,64,70,710863,569764,47.06357440249885,25.383656749547807,3.4688830096239673,0.713862179387977,14695,5527,11
0,89,1,24,70,81,680092,437520,24.419587170966782,18.456520141277345,6.073658557163979,1.2587440154942577,15302,3306,4
0,90,1,21,73,92,892117,537585,288.2476871969762,59.1686599484085,12.291896982063811,3.3324685622209165,6060,6610,0
0,91,1,34,67,76,575030,398943,671.6541931530203,149.43151051976125,58.97611262035598,15.039503876262904,4229,5034,8
0,92,1,16,70,82,692359,344531,125.7861542448643,157.65440857271892,19.28185513956636,5.637970581058117,9933,3377,0
0,93,1,48,47,63,775928,587678,272.12306321930686,114.18187533202497,28.537371452190648,7.681787754330466,16650,4901,10
0,94,1,41,80,46,947806,401914,126.12421717923786,21.586976793438467,17.351391962475024,6.310432378870133,20770,5469,10
0,95,1,25,72,82,714465,481898,82.14467893838443,27.087757640627732,10.614682724486277,3.219934063222942,6627,6805,4
0,96,1,12,85,82,912657,520555,178.51680653919908,83.29256083977515,29.425780538334767,8.027015782040456,1000,7441,1
0,97,1,43,70,90,1033207,481757,319.20703023454564,75.73286489517321,11.086388313413812,5.590847543001329,2562,6867,3
0,98,1,28,43,68,698712,397196,108.61213532047037,94.75214872829831,13.23535560213957,7.450789028177318,1087,6077,4
0,99,1,42,64,53,1444585,506070,190.40308641671936,44.39631999471314,15.875090305004997,4.812489301943611,12084,6479,5
0,100,1,14,67,60,1083915,514802,167.71829100606675,52.14758373003452,25.510899383635106,6.2383324747274065,10487,4472,8
0,101,1,24,81,101,854490,587130,669.6813695256471,168.52528810945344,57.67733639746635,8.00831877673866,11085,2816,2
0,102,1,30,38,66,763642,744488,353.8801832327058,173.65400675027573,44.137337492736684,5.7913461068958565,15629,3669,14
0,103,1,30,70,71,688936,302368,309.8034008481048,279.36232569159097,32.61237527371427,7.435525280799597,18144,5096,8
0,104,1,25,77,73,1132254,420147,586.1622956080437,341.83595604446043,10.383957199769013,11.102206570279304,14214,4593,2
0,105,1,36,60,67,842099,522294,195.32019018304075,60.27334956505086,12.906253869035663,8.779280859852125,13675,4509,1
0,106,1,19,71,66,512236,601076,557.162161767408,113.50296493224728,30.007974596367124,6.085094812355254,2629,5543,5
0,107,1,28,60,62,457575,534633,180.61725134618757,45.92990236767159,15.68082356751232,5.921390460112776,7457,6983,4
0,108,1,31,59,108,822488,612299,75.31368079343763,14.249694677774713,2.703137710059442,0.9909322626796553,16924,5565,12
0,109,1,35,63,93,826889,352018,97.24221481457162,41.91815720630024,5.1769316253694635,0.7899178317766085,7251,4031,6
0,110,1,37,59,104,616605,468233,268.5869976516184,105.23929839793269,27.78046272592668,3.9212165883310273,15527,2570,2
0,111,1,18,80,108,497112,646160,77.30462063085021,41.90105455652094,13.903250695315306,5.365271281351343,10616,4688,8
0,112,1,14,58,33,407382,413975,6.95799525451573,4.734424817758177,0.6535244705927956,0.8447363667653418,13915,1000,11
0,113,1,42,56,86,648133,210096,2.367384468789895,0.8789625936474647,0.8091870725935287,0.4516857039950982,5640,7179,0
0,114,1,33,96,68,727450,418322,11.022715108770676,3.066362844528838,2.491654582391011,0.9207734638065426,13815,5194,2
0,115,1,22,84,102,938354,543732,10.38378463766797,6.83682921263715,1.608709009316125,1.153092418129985,6802,8539,12
0,116,1,45,42,65,773933,492919,110.9234587172119,22.920072987320264,4.874884293398774,2.0350150577185637,11152,7677,11
0,117,1,31,58,58,1012797,371512,0.38808551228469146,0.2002685982467293,0.044533761580310985,0.012260049039676984,9854,6101,13
0,118,1,41,73,51,921014,427847,0.3735323804652991,0.15665166915413622,0.05043574718998524,0.012042564568039876,15960,3999,12
0,119,1,30,74,73,902646,366941,8.60572986745912,5.512293799614509,1.8371156985220594,0.7562449236767352,14160,4258,4
0,120,1,50,47,98,995849,378698,47.84056017217779,29.65492811052201,21.681785724531984,5.785380680537399,1171,8116,10
0,121,1,47,87,85,522661,412100,318.4807431579215,88.19506826471165,44.14731930656268,7.899546360139345,5947,5964,2
0,122,1,27,82,55,692751,510548,60.94236773212929,23.623719761488406,32.94807262015993,6.714044359976958,6820,2372,2
0,123,1,39,77,123,1280282,261197,199.4864004911439,100.07469701970221,36.140163462217785,6.2669158408156616,13458,4333,8
0,124,1,36,90,92,418754,636573,318.8928653791277,180.7947377789311,57.65447569136108,10.977064047722893,7523,7822,13
0,125,1,43,76,95,740441,489648,577.8351592540731,274.71204249306453,59.843542987851855,9.201948435781828,4553,7204,10
0,126,1,20,76,105,895229,389334,172.41812884465008,115.37272429531784,23.369495042643912,6.460353008477051,3176,5815,9
0,127,1,36,93,47,424612,402646,99.56721140722816,45.62062107394846,8.325494057779258,2.678803437205624,13636,7727,14
0,128,1,40,86,61,649463,436526,9.544033563024323,3.50792987250948,1.2407865168027594,0.45830094112372216,1000,2514,8
0,129,1,12,57,96,1199199,500624,1.1097109312444586,0.29953749623068027,0.10166961689548404,0.049721902955989994,15275,3813,5
0,130,1,18,79,63,834088,515134,1.2157671601173452,0.5214942894950741,0.14742757705308324,0.07283968093476911,3565,4782,12
0,131,1,9,60,74,685109,480616,1.101583362875039,0.460841949864272,0.1530089212521891,0.05381072710936218,7761,3996,6
0,132,1,27,77,78,842094,424458,0.2769147653055184,0.15786053384544638,0.06169570273751095,0.010720052612844078,4157,6499,11
0,133,1,37,77,54,684728,498903,0.6487603774468172,0.7997135542997296,0.21813755882099573,0.09543246759188341,5404,6602,8
0,134,1,45,49,72,1142504,292601,1.2602118759245804,0.734457844061292,0.24815698737294428,0.14475695159229401,8882,6017,10
0,135,1,30,68,98,601794,378464,1.0763813464523537,0.4329176690004713,0.15847402183119785,0.10105157055346808,9316,2959,5
0,136,1,46,73,94,695441,432378,0.5173436235410594,0.17984994681165944,0.04290215677750604,0.009577790126196256,2268,8539,5
0,137,1,16,63,102,501555,365777,0.21991464051238815,0.1255216405075115,0.08067214348334667,0.011315524812215478,7973,5678,9
0,138,1,12,74,100,740910,478128,0.5478762190309486,0.1452782299401629,0.053348512453654566,0.011380765361796287,10516,1814,0
0,139,1,29,82,88,765086,366193,1.0383953463108833,0.3877150125889238,0.14118117873367184,0.054813738363085715,12339,2592,11
0,140,1,33,69,86,1039128,671303,0.589723018375961,0.21036869394092653,0.08338614955293307,0.05057813482070298,1000,3481,0
0,141,1,29,73,85,596653,354238,0.40785415916318307,0.228821805336914,0.09476131689396142,0.008447965515100771,7605,8304,12
0,142,1,9,90,67,896725,651123,11.357517576186561,5.918523714084911,2.0883997807084325,0.470619486059619,1000,3253,13
0,143,1,29,77,59,817345,299476,1.2474410129867077,0.5837814967603,0.2967298290297259,0.1722308835732308,7458,2880,2
0,144,1,16,73,66,421499,700510,1.6085961275651997,0.6063984853761284,0.2155910017627284,0.013440989252542512,7847,7189,8
0,145,1,36,55,73,654939,558399,42.48584574440022,9.066332314927008,3.0624024861539128,0.6512460371015745,13145,6790,7
0,146,1,33,80,66,646987,579158,86.02003566654105,33.825725661563304,5.7991413538557595,1.5024205941671982,14867,3882,9
0,147,1,20,74,88,1136607,363468,7.609590950192168,4.1430127634164915,1.0850445514033062,0.6066329543780312,4891,6016,2
0,148,1,24,89,84,909145,467732,4.003893193299856,3.37314462671475,1.2376144851517836,0.5426494494046452,11471,4494,3
0,149,1,19,70,86,828934,474255,22.88589702439965,11.7535860467979,3.1818926678613493,1.0163674606789688,13275,6239,14
0,150,1,29,42,87,1000,489923,0.3692289012074659,0.10912807443043844,0.0396260273468904,0.008595096800617884,6264,4389,13
0,151,1,39,44,103,418346,627260,0.3356938324935946,0.2622846687440966,0.06197331511763312,0.008129990028390243,13865,6057,6
0,152,1,20,81,79,945557,569131,0.24248702943485978,0.11658365848707791,0.046008480690539685,0.009730774417448046,10679,5046,2
0,153,1,35,61,100,956408,483427,0.5236219272141747,0.23972520427629446,0.04317721414842686,0.009386403882562925,8632,3819,8
0,154,1,24,76,90,651550,599910,1.8212779250337532,0.975464854598594,0.498363423702529,0.18879977626307373,10708,6862,4
0,155,1,22,71,102,805535,618314,2.1172737902366823,0.6429516170472088,0.22706717428307857,0.1365335051091201,2098,5140,10
0,156,1,28,67,112,791352,443205,369.13933067588624,96.90907251870534,22.276127920186546,2.817910254217459,10702,6964,8
0,157,1,19,68,91,833889,440275,37.40018692175983,20.71099260939681,4.19537299184021,1.0092299263054347,5770,6023,0
0,158,1,24,57,82,725599,716169,35.57383957351781,13.320039535657218,2.7668866742491964,1.0194303917847394,10144,4918,12
0,159,1,18,69,81,963073,476015,58.62016684200192,22.35073487275172,2.015004732391832,0.46995141109401384,7970,7356,8
0,160,1,49,61,70,1021221,435702,92.83807805353825,24.46744043280702,10.366211538741286,1.9253600262762967,11441,5513,11
0,161,1,30,64,69,608076,484549,1.5880923691172213,1.293209274672538,0.28128611647546015,0.05968656336648002,15959,5937,14
0,162,1,23,65,98,561125,607446,0.35293073885382925,0.26468592543463126,0.07773570722442308,0.010533192146818294,10635,4411,4
0,163,1,32,66,60,640777,571838,1.6899559236368547,0.5160966082048273,0.19139384463296052,0.10078113566166168,15002,4082,3
0,164,1,28,83,112,809743,487441,1.0626373446507096,0.3994788014094741,0.18399462455137228,0.06339134887384837,4885,5375,6
0,165,1,27,68,76,871126,561158,0.4768085964914861,0.12774604896582434,0.031177403579394393,0.008044099475656465,17168,3213,6
0,166,1,36,85,137,957690,525028,0.49709086755103143,0.15441699107417756,0.04004022851963222,0.01129615521390348,4936,5309,13
0,167,1,37,93,66,994284,485778,2.2275630619500313,0.6270920599273763,0.38839379756157877,0.21228185216959533,3732,5412,3
0,168,1,24,82,85,872489,469997,3.2394005359698683,1.5343584485791477,0.5271758667916902,0.2617879031943388,8625,2946,8
0,169,1,24,78,72,845918,514804,0.8572229201106283,0.34549067259523264,0.07528564750416014,0.013363365384108466,7777,7580,2
0,170,1,27,74,64,1129779,458384,0.4087745564318918,0.13847269111449245,0.06628026723315789,0.020472634172991794,2090,7912,11
0,171,1,6,82,101,801000,507063,0.41041388307809695,0.16919902843869672,0.05840061619601752,0.008820927062077322,4360,7738,3
0,172,1,14,71,57,918009,495046,0.37870578672868993,0.17170294874570946,0.05778972225391386,0.009775695539706255,1000,4660,10
0,173,1,43,84,66,864050,354938,0.425084282973444,0.18318992421335611,0.06351030534025273,0.009084977868627667,3243,5358,1
0,174,1,46,79,91,765362,447071,0.8413037667909251,0.1895348628914942,0.036935655332840545,0.010653870609399018,6700,4322,9
0,175,1,27,64,94,766682,474160,0.31189359902921837,0.20083205215865604,0.04573215796757615,0.008813682581807411,17449,6486,5
0,176,1,35,83,52,1064391,685971,0.5206739788785429,0.1700482401193555,0.057056853782714356,0.010110501196674015,13565,4664,5
0,177,1,33,71,91,781953,483997,0.37532222853840114,0.1322886929648451,0.03806822852387294,0.009655051073969467,11617,5442,4
0,178,1,60,68,82,729466,527324,0.4630116346460594,0.24615078624247835,0.024530266627838523,0.011544381578679389,20826,5742,6
0,179,1,41,62,61,652588,715132,5.156535435187562,3.476020240322008,0.5665269772742593,0.3746038386122664,1037,2821,5
0,180,1,28,72,64,884507,342076,5.1937704696148455,2.641690865884444,1.0559013846126826,0.5519973703926446,9661,4939,13
0,181,1,20,84,39,697572,346559,5.604150162369297,2.468688420622508,0.8214802861233339,0.33535432200922544,20177,6845,6
0,182,1,13,83,114,866358,422167,22.778457686590826,7.700764009451001,2.3574046010126075,0.726554342963181,7463,12659,14
0,183,1,32,75,100,835544,466693,9.088348170399954,2.651535957483201,1.2483341193430713,0.4233195387754967,5861,1474,4
0,184,1,22,78,54,714522,476788,1.9463359773593454,1.169329402134366,0.3269158601782135,0.17379621055019148,14086,3736,11
0,185,1,15,89,95,520883,448912,4.124870831573376,2.288826956640576,0.8837424997614634,0.35791372246901343,7216,3809,13
0,186,1,23,67,68,594155,376633,33.313912282275545,9.135312850708388,2.3416664437645216,1.4918867646833947,16296,2520,10
0,187,1,19,53,98,625625,597398,41.077480939305104,11.440427344110578,2.9399477789420136,1.2042136277306754,14157,8926,10
0,188,1,46,89,70,599194,454597,15.842859505896225,3.2535804566241504,1.5585502485018747,0.5676969651349862,9047,4931,9
0,189,1,38,62,72,891053,618433,2.6578380051698196,1.3819920419340546,0.3682720291897967,0.13983176402933975,14902,4677,7
0,190,1,29,59,74,1225835,398296,0.8052524159673504,0.38440402905282456,0.042348260122087825,0.007767036633163128,8822,6265,13
0,191,1,44,43,66,697801,695968,8.94272437404233,3.3185697190431553,2.19047824978333,0.7449981465419067,10663,3835,14
0,192,1,30,78,107,723145,333422,0.8939698963792295,0.43938371953924343,0.037478707523580186,0.008750014958336,12926,6477,13
0,193,1,21,45,97,683083,498550,0.26437195522681944,0.14556353064279112,0.05058351394553053,0.007393543684854042,8052,3851,14
0,194,1,45,58,82,971535,400162,1.015719438146259,0.36881021168714295,0.10604588267146366,0.060086079110510816,17551,7783,0
0,195,1,35,78,100,885271,503556,1.373598109677281,0.7708124266004974,0.25734860786350156,0.08889297828115049,10349,5280,8
0,196,1,19,80,47,796674,402048,0.4959365052107088,0.3668121364070471,0.09672285666074425,0.011369733134429355,11448,7782,1
0,197,1,28,60,55,557377,285465,0.19860514188748643,0.16403589956111975,0.04952701784489341,0.012351376971398013,3418,6239,14
0,198,1,21,67,89,606447,421930,3.7365765794833936,1.527244015141552,0.5885443888339814,0.2475297901251473,6777,1000,9
0,199,1,16,56,94,835058,659610,0.6793220167747546,0.6333503298939632,0.2675916363662615,0.16940892606100813,10814,2576,5
0,200,1,39,61,85,844657,399997,1.2232812997747526,0.35369195010477195,0.10486543032314904,0.05399293497335637,14343,8296,5
0,201,1,49,73,42,796778,550844,2.785416660718933,2.6812470738115413,1.114700804167265,0.37975286798821184,17064,4381,4
0,202,1,16,62,58,932985,500569,3.2275011753093974,2.7120557910875194,1.106153296097947,0.4887084248935881,4696,1468,8
0,203,1,35,66,88,555484,454532,0.7916138463549761,0.4211735837144904,0.14817158998502072,0.05779309721263708,5866,4022,4
0,204,1,23,48,128,860717,704335,3.0178993223878146,1.4157432356299473,0.49722991033810576,0.1795459375998103,3850,4298,1
0,205,1,25,86,104,849597,468547,7.48779557772503,2.2354436113165073,1.8831850476046073,0.6989895475879462,12468,7558,6
0,206,1,24,77,111,608412,516943,10.817281001387645,5.921103463383962,1.2973810322964705,0.5276535923105942,17066,3355,7
0,207,1,21,81,86,679020,508566,1.308140777587727,0.8435934444455939,0.34782733145928385,0.12550837763027384,9210,4791,14
0,208,1,30,89,86,938625,657500,2.3518648138447116,0.7410348603916338,0.2726703552419355,0.06423764194124502,10291,7215,9
0,209,1,21,57,59,572281,350140,4.001804618230285,2.195444137167386,0.31990028115397634,0.15080118833512493,10662,4082,9
0,210,1,32,64,99,1292754,724417,1.3102662432153203,1.2086345462643249,0.3259536161952959,0.06990783643202368,7654,3326,2
0,211,1,29,41,78,911152,651944,17.722384536476273,8.323361041834211,1.1751230325522632,0.2963100033851212,3893,5762,1
0,212,1,27,100,93,788532,539766,4.156593956681599,0.7842468057905937,0.2744373484116036,0.08012078945519281,15299,6589,0
0,213,1,20,67,80,749569,561815,0.4916927185927404,0.29093970213636133,0.09099254909054236,0.009006464509243021,10771,4884,0
0,214,1,24,85,85,957640,477193,0.31436351067505025,0.20081232662793835,0.04563131836646259,0.010807363578367672,7259,6270,9
0,215,1,37,51,78,717730,515008,0.20623679744214723,0.11731218032112256,0.047477305597818015,0.012534386836590833,25025,3949,12
0,216,1,35,84,84,725936,541999,0.34762025049664563,0.1650807704600898,0.05331437960230002,0.012550437596387307,9985,1071,14
0,217,1,20,97,100,1090517,409139,0.455079805875738,0.1986676455272177,0.08589478735477833,0.008314351437010918,1439,6762,5
0,218,1,30,69,54,705688,651940,0.387364252966079,0.128878371705152,0.03915248754949484,0.012241033538655305,13274,2997,12
0,219,1,37,54,50,827216,522412,0.5192121043658628,0.12907027882407768,0.04641900387611689,0.009004914399356898,1000,3800,2
0,220,1,13,67,88,647957,514160,0.6349739856069516,0.19939341474784672,0.06259816532875667,0.011873240005844646,12330,5470,9
0,221,1,35,36,108,851808,413330,0.2891789676916676,0.1415556043875095,0.04981989141554563,0.0106319748003963,12197,6945,11
0,222,1,23,69,113,916122,616974,0.3423923853539274,0.21741221849608294,0.09692575267614982,0.015696911532765614,16899,4844,0
0,223,1,35,82,55,1136579,495405,0.4880194392722451,0.17227048342799248,0.059867714360399366,0.008761267119523712,4988,3999,4
0,224,1,22,69,71,612530,447482,0.6153060123718865,0.20253415927227503,0.048865090334116915,0.014513907944667559,8531,7973,12
0,225,1,11,65,50,510425,391397,0.3023962972127484,0.14170869585692483,0.033088310636818156,0.011763445110647933,9654,4392,13
0,226,1,13,77,68,746641,483847,0.2827377703351608,0.13839872583222965,0.07903482979238267,0.012957443657760942,14328,4492,0
0,227,1,30,79,102,676577,383029,0.47838876712811873,0.12411706361886876,0.052310455575350974,0.01591184518651398,12171,1853,13
0,228,1,32,45,79,796910,534583,0.453563167052057,0.271584356334948,0.04978734365872246,0.009660550646580784,12593,5233,12
0,229,1,20,71,72,904397,577437,0.2375663783977722,0.17616456146962411,0.06271973474036222,0.009215090764754876,16094,7896,11
0,230,1,36,100,90,1253004,460697,0.753095261662157,0.2321532330815979,0.03122575859594315,0.008851678011117437,8889,2093,8
0,231,1,13,49,64,709702,523610,0.3464293795102365,0.1354293994976411,0.03218145970288814,0.011501131945314337,17313,3582,3
0,232,1,29,68,111,357919,622012,26.882996107658332,4.666418009257132,3.0464320263399256,0.5031612264400936,9558,4925,0
0,233,1,17,99,80,752404,482716,23.476845892716778,5.467602887090525,0.5569992498130089,0.2238501916720295,14477,6079,9
0,234,1,23,86,71,870105,489458,0.20919742806471175,0.10150772870727415,0.04253053947938243,0.014336564149661835,7522,5604,4
0,235,1,30,62,91,606073,500551,0.2843487370873158,0.09044041968973965,0.04141933623208244,0.010919739555398954,12975,5079,8
0,236,1,21,73,98,846736,455941,0.3598485992039488,0.10419432485543978,0.04902440959462938,0.011122361658839886,15790,3677,14
0,237,1,26,69,111,827496,464834,0.20917668228019087,0.1454374739657612,0.07552031967104002,0.012807770819820544,4589,7734,5
0,238,1,40,58,75,851970,423124,0.35910916265084997,0.21450086923437048,0.035012259933205704,0.012612585658069515,14721,1000,10
0,239,1,24,68,101,958264,542948,0.24074405551465836,0.0914325091787341,0.030456972149017037,0.010567510736443707,10893,7274,8
0,240,1,38,65,82,783461,492843,0.37085663582690814,0.09502086714197902,0.02995092138934276,0.010697949576005847,20191,9050,6
0,241,1,18,71,67,909507,559882,0.6327600868119017,0.1611227245772253,0.08585085332351114,0.018453549071157607,8680,6482,14
0,242,1,35,58,64,440207,602176,0.2729106415252475,0.13730069825110755,0.04568276625330227,0.013946366477379249,11467,3819,9
0,243,1,44,50,58,607524,394933,0.31999493622936437,0.14189941526806396,0.06223043658002318,0.010906626892079701,9219,5576,0
0,244,1,5,69,65,731693,416325,0.18846771287479683,0.14710640831100896,0.03838332159050407,0.011027890830090654,13314,2679,14
0,245,1,22,95,102,598974,569188,0.34186493664429585,0.25316845339243416,0.04553870619365138,0.01062457417560134,1000,3087,5
0,246,1,35,71,94,801319,474563,0.24844629194449966,0.11002468120861407,0.03247299464494979,0.013124103232830966,2948,6079,5
0,247,1,27,65,55,731251,508071,0.2747199996355816,0.10857103104604104,0.040960233879747725,0.007805822583608023,13342,6165,6
0,248,1,33,81,45,708973,508357,0.2132218090028213,0.13206999996814187,0.04371265235027975,0.009267190045155301,10132,5736,0
0,249,1,23,67,57,976760,405198,0.3496722985652731,0.1402814647752519,0.0441594787077313,0.008227346670318337,1000,2612,11
0,250,1,30,98,64,816764,550604,0.31869150092675064,0.1707948663369742,0.06679002819976917,0.00799672306438884,6829,9700,4
0,251,1,28,69,73,583258,524892,0.3197238233668223,0.15984633550677044,0.06590250218057142,0.010312579150784552,8035,6142,11
0,252,1,41,80,103,679335,399152,0.41213676599783045,0.2474401329894277,0.0448104589415634,0.010348917792314899,7574,4765,4
0,253,1,32,58,69,950644,483482,0.7259995780035357,0.2225967896402768,0.04109437328599383,0.010717032215444754,14657,5166,2
0,254,1,33,77,113,839941,489097,0.3102881083847653,0.13647946511708683,0.06142848047169862,0.01746503335184984,16281,3780,6
0,255,1,25,74,46,1039188,574755,0.586236159449645,0.1989880141164472,0.028930789758790963,0.01223784815235177,1000,3277,2
0,256,1,25,69,73,969313,617312,0.2956136505566156,0.13372331108390517,0.044992268860984536,0.011896643508578284,9402,9944,3
0,257,1,25,62,95,722186,499163,0.3013117713721258,0.19600036977347768,0.052333800326434435,0.010230916644832048,10568,3303,4
0,258,1,33,60,96,1087101,331929,0.529066245581211,0.1320161605604243,0.059548165800297856,0.014034536318818283,2591,3677,9
0,259,1,25,74,73,1103563,572611,0.2051304334286647,0.08917448665305822,0.03880642709267001,0.0089547740434019,16265,4339,6
0,260,1,32,79,100,442916,719807,0.18013256040944178,0.1287800159361787,0.05945998662288529,0.01269150888769557,11854,3577,3
0,261,1,50,68,96,806356,571790,0.3080430131362591,0.13543119368410964,0.03430044123712626,0.008229430851167818,14252,5023,7
0,262,1,38,74,66,690032,472719,0.33779665621983135,0.16128673702242685,0.03414589346962996,0.009851355289742158,7771,4146,8
0,263,1,26,69,86,747904,540103,0.5045441462320291,0.17786355413220098,0.03422531081593542,0.01160425430283667,6105,4744,11
0,264,1,42,71,94,636769,580025,0.35678374460453494,0.20656955640864397,0.049740543066412506,0.011073079080510213,7152,4356,8
0,265,1,25,66,67,611715,511300,0.2750018960119864,0.08998222281662507,0.039097139400829636,0.013014064410203705,9449,4535,14
0,266,1,9,70,113,980234,631493,0.4965067190944937,0.17429995536492734,0.047830778699619936,0.013955319172921097,7872,1922,3
0,267,1,19,100,63,566387,386766,0.36310119466578294,0.16646052542196899,0.03745119140046985,0.011005439124174659,14527,4376,12
0,268,1,11,74,82,818670,459597,0.5991925269866707,0.16019035378023694,0.05710537471746498,0.010690478975933468,23330,4752,9
0,269,1,26,79,55,530172,545911,0.31725538299886413,0.08806943842383687,0.0286579762697879,0.010988494392959361,12912,4454,1
0,270,1,30,76,82,1053881,569831,0.40620449418721993,0.11866673366769581,0.03721027108303451,0.010852912860900333,1000,4479,8
0,271,1,46,66,58,806006,445286,0.2961387189247857,0.21609006267267591,0.04595119534795489,0.010895680475563167,10775,6839,9
0,272,1,33,89,74,949058,454730,0.23637955836324875,0.07801964194788716,0.06334166217729358,0.016389785147119463,4061,3976,0
0,273,1,27,65,48,839021,433342,0.6265370829848022,0.21460390376838254,0.050956057467241564,0.009728389147196013,7961,7024,4
0,274,1,38,85,95,749351,425538,0.3597781596170875,0.14302553111628255,0.04555028216183572,0.008228350109752784,9821,9024,9
0,275,1,7,64,87,813674,551900,0.18923180416416943,0.2272288719640127,0.055086615503007266,0.01141953382484422,8704,3700,5
0,276,1,32,55,101,1101466,496249,0.5922438856028445,0.16109713884318794,0.05140947319144349,0.010066031513012576,4824,5751,9
0,277,1,37,75,73,620514,629726,0.44141320549583596,0.12059283713649609,0.03519201004015772,0.011306668452323577,12609,5484,1
0,278,1,15,53,102,290130,390636,0.42391117167907993,0.19693724754451855,0.043261684858942696,0.012655026411331049,1000,5104,12
0,279,1,41,78,80,642627,484280,0.17209489614356124,0.08377690176984526,0.043803214343860364,0.011260411364662317,11931,1766,0
0,280,1,33,52,82,558182,573583,0.9308442970412854,0.5772262448609775,0.08031978974092104,0.02457878024532984,5489,6775,14
0,281,1,25,65,122,993602,534426,0.9745853827964772,0.3496754257135196,0.059851719534599064,0.023102269835748337,11393,4249,4
0,282,1,36,48,70,764854,390179,1.2066128454201928,0.23655586756470162,0.044005408150438914,0.010439972541338364,3276,7325,11
0,283,1,52,100,104,965490,615214,0.36558215095883756,0.1658709153119657,0.06122036186972237,0.01398559369463655,11157,4969,13
0,284,1,31,45,89,806378,509587,0.23119810118902492,0.0851286095644278,0.04561515786248353,0.008658550295278122,16886,7270,1
0,285,1,32,70,68,801735,691704,0.9364309702326906,0.27910280764634604,0.048822193055136104,0.012862583953914314,7026,6026,5
0,286,1,25,87,53,832788,486789,0.3313012752880402,0.15987420805835978,0.050665850080627975,0.012714746034509478,6916,6527,8
0,287,1,21,85,59,1096004,615800,0.9115834319604488,0.2573904243420785,0.03623136273512149,0.008879997763275988,12162,6252,0
0,288,1,38,82,102,837305,464162,0.45420593081106586,0.11351281195269047,0.03586731508321972,0.01260245545595489,11055,4723,6
0,289,1,21,65,114,1021833,476390,0.8472621751042645,0.1572051085905254,0.043164719135598634,0.01218755065099632,3091,4275,9
0,290,1,30,90,81,1009032,549402,0.25422465134972977,0.15513103234087872,0.05224134411902319,0.01189417445715523,15538,5899,3
0,291,1,25,83,82,767341,329777,0.34125118292609147,0.18692031073051768,0.06117717793420397,0.009321373889249685,14044,6396,0
0,292,1,34,73,95,785213,298094,0.6483433114160974,0.2506985158503152,0.05025589714078774,0.010493427520447494,16410,4986,14
0,293,1,33,73,81,724439,432299,0.5320767976697475,0.16152092496360812,0.025023088650380675,0.01139382515288419,12729,6556,5
0,294,1,40,65,101,1056635,370044,0.3571220631483035,0.18423626623522357,0.08062552940998408,0.05398506338554411,19439,3523,3
0,295,1,24,56,85,611787,274439,1.1094283971179493,0.35400255388693064,0.16328261480428538,0.07591082719943222,1000,5509,3
0,296,1,27,88,82,655401,574252,0.3289411206262719,0.19056924733781927,0.05074630633307332,0.01109910985600346,17619,7289,5
0,297,1,20,89,66,744751,420889,0.47992126886948444,0.176178746929979,0.06693143686922093,0.011757402385675755,8050,5507,10
0,298,1,25,56,61,570369,465632,0.3815343339232206,0.16525557252840012,0.04650516561235316,0.014976560005412731,7280,4776,5
0,299,1,33,67,16,681741,513918,0.31454781343713134,0.1333899211061041,0.05585722040869166,0.012989557516878154,6427,6817,10
1,0,0,62,36,62,291713,215244,12.350444830820521,6.927029554015973,4.879601648133828,3.7839067554713623,34244,9623,10
1,1,0,64,43,46,45139,149607,31.817703525093826,9.253394089117926,13.540095836643406,3.8577024483708837,30913,8557,8
1,2,0,63,47,35,217433,208793,6.631324356069044,5.325987619077323,2.832339485403527,1.1501286460474602,47836,17516,7
1,3,0,77,41,46,473544,166218,1.2737760933987845,0.42885080525134417,0.17203259300216878,0.04329654939719638,14270,9019,7
1,4,0,72,27,31,414470,203174,9.812970297909471,4.346714604199923,1.5319165120583134,0.322313941566313,43551,16435,12
1,5,0,66,33,58,398501,135016,62.66771549618335,29.653477228716312,6.349873579203916,1.0457449733813626,21164,18765,8
1,6,0,81,51,55,280724,155454,1685.0512413628571,343.46041158582545,20.469077860612813,6.381972793914814,8567,19442,3
1,7,0,100,22,45,465092,304931,533.9500134199495,105.51341958033694,11.579857368782848,6.691864807946924,33202,19035,6
1,8,0,99,33,49,325736,178688,25.86491000852972,11.637965525690552,2.9927474675566943,0.5068477850793233,28744,21408,4
1,9,0,46,48,17,368984,255672,1.3829162188721422,1.3086871076835531,0.6982917155086537,0.15983280221746918,30921,9964,0
1,10,0,83,53,62,564690,193706,0.9144155094028904,0.42057925128983153,0.07931870025709088,0.02258815421219799,35214,23441,14
1,11,0,72,37,38,409032,139854,1.0816236907192176,0.22737299217334153,0.05605971772701167,0.011914975621868445,35496,12435,2
1,12,0,77,33,55,293454,146001,1.2686905724964426,0.28042535002226454,0.05156415474038412,0.014026309608983697,24691,9598,6
1,13,0,69,20,51,351042,160351,1.0426497131046104,0.2930558420233596,0.06699328675514701,0.015545894338656134,38117,20373,2
1,14,0,76,47,55,440413,307286,0.4655565997685479,0.18074714827595112,0.05711945135311738,0.016868662389396712,9833,18104,14
1,15,0,77,59,24,362247,188444,0.6495486577863889,0.22065188035332248,0.06685701903237351,0.011380368037431468,29054,6478,14
1,16,0,66,78,26,378306,209053,0.5701546733468755,0.2972726362966266,0.061496696420247125,0.01502038728071387,41293,19369,8
1,17,0,61,45,73,428793,234089,0.8760059002254911,0.2228489323015609,0.04614633732442898,0.017476121476509787,32856,16419,12
1,18,0,68,39,17,553013,225229,1.1369481680686193,0.3852646534839551,0.09419073781512624,0.019295414125357693,30499,15166,3
1,19,0,78,26,23,206519,243249,0.957609981484596,0.3095930598825714,0.08401376603218381,0.01735223948575652,26560,12623,1
1,20,0,83,11,40,370207,173729,2.1348621546632023,0.7141178713267693,0.11472982836513147,0.014718882833119649,33472,21546,14
1,21,0,87,42,40,345958,140808,0.5030651698147328,0.19204123577196375,0.0998352720836837,0.017585950442654263,27194,22915,12
1,22,0,67,75,31,261430,152772,0.6488124466927214,0.33930962846082163,0.07469394798158088,0.017172803441824678,36269,18240,11
1,23,0,79,59,49,235261,123406,1.267227840220344,0.4004846526639501,0.08785550992677182,0.016389162649186884,24806,8760,14
1,24,0,89,56,53,465205,173991,1.086537266108109,0.4156897275537168,0.09517181961520932,0.013996416305733022,45256,8884,11
1,25,0,92,43,39,197775,13692,3.1287369646261944,0.6057080644778847,0.1055056707804921,0.025240305005260946,35469,10869,5
1,26,0,74,45,35,159095,236229,1.9916784058475872,0.6067064143739659,0.09231117632285366,0.01686019449903714,48128,19815,13
1,27,0,71,3,39,243701,228604,1.5020533309439683,0.44987875826135826,0.1446198459053169,0.01925620909058066,26121,13382,6
1,28,0,77,51,32,121809,151226,2.8223297599100503,0.8420282477683813,0.10063618323579863,0.013946652057771049,42243,18104,10
1,29,0,57,31,14,215411,131156,2.492146261848456,0.5962947848904835,0.0862029656978263,0.014073072865098193,17346,12027,8
1,30,0,72,29,44,194744,276396,1.5785277222779868,0.33711584391460303,0.08966588686430695,0.014652809672263784,37220,22004,13
1,31,0,86,35,51,308604,248324,2.268419406077632,0.6272018289416909,0.11769368332823887,0.014452433796417976,28842,9230,0
1,32,0,84,34,37,444548,187131,0.37592927416743815,0.24388333274874752,0.09391431937942199,0.017342420525894103,31191,13891,5
1,33,0,70,29,6,241074,166244,2.3304786725386206,0.46833941447066807,0.1496736075009809,0.023869827270979235,37293,13816,4
1,34,0,78,40,31,386510,201901,0.6559301882635128,0.3666805694263902,0.13908864272055207,0.032887592045866214,37433,18427,1
1,35,0,62,31,53,375126,127955,1.9239979971073524,0.4982973412248644,0.12911096778692374,0.022274005849330814,38385,16802,5
1,36,0,85,41,18,77952,214648,1.001460695026665,0.2607343286486949,0.10426277790467695,0.01516212078645821,33518,22408,0
1,37,0,73,17,50,244807,139894,0.6472659579635108,0.31514348815088283,0.07207451628376699,0.019179759735721405,35418,21485,8
1,38,0,70,36,33,262398,80456,1.2971144294440722,0.458424198065566,0.0894684259294073,0.01754164927279028,27781,11500,5
1,39,0,69,23,39,338145,159308,17.680130847911546,5.682007013167508,1.1440857954609869,1.4040658104412957,23558,15218,2
1,40,0,74,30,29,357006,149245,29.56208102838333,9.942375201091389,2.925884436970751,2.9875044467444174,31666,14961,1
1,41,0,68,42,22,333082,290345,18.032330615918262,17.519275856403357,2.991877393926341,3.251515760894732,8547,12296,14
1,42,0,84,15,61,210500,283734,37.80163990469045,8.04517154014995,3.2864785867618025,2.842149363446788,34190,7296,8
1,43,0,69,27,52,236667,144183,3.065974742276569,1.8863683353903808,1.0816242886757526,0.9352888976217566,38698,14900,9
1,44,0,98,48,49,149675,194995,0.8934683274234605,0.5450904858955247,0.1332679725546784,0.18402715058792127,36199,19368,11
1,45,0,96,18,53,306638,167184,0.8128497156055059,0.3952129036248527,0.05504662905389658,0.049179885260659646,23887,15964,11
1,46,0,61,66,47,263281,291890,1.086021474434507,0.35392782807144585,0.1150917224362404,0.019638933947663514,9552,16689,14
1,47,0,76,58,54,353266,108990,1.5748782329801614,0.37483737723861577,0.10464420431870317,0.02013609335958189,36561,22171,5
1,48,0,65,32,30,369687,223255,1.3129597144374061,0.3815985675805751,0.07970832885583869,0.01648164403249144,22113,10634,0
1,49,0,70,28,60,266622,263899,1.0905525958846953,0.31023119487522266,0.16487147785336104,0.03146800360966139,17126,11025,1
1,50,0,100,43,59,328209,172716,0.8656322127304459,0.247660188113638,0.13950490335464075,0.02120644656792633,39483,12855,1
1,51,0,70,18,45,278418,201180,0.6784135720968001,0.6296944906527487,0.1061227481718975,0.022755134777490485,16446,20391,8
1,52,0,80,9,35,188651,252654,2.1917341413550773,0.7977045794418653,0.18291150646619123,0.019541190325772607,28284,19479,0
1,53,0,83,33,21,219983,144653,1.9245354608262426,0.48139909615844234,0.16383259720598664,0.027539335048201156,47773,16323,7
1,54,0,59,37,43,73109,231827,2.2932541077049655,1.006314446782945,0.2816067265729764,0.3500465918570976,23327,22146,13
1,55,0,62,41,65,260425,122579,13.005855823355343,4.731327891894344,1.090309331303071,0.7728427305991379,19343,10365,7
1,56,0,56,30,22,240645,120232,5.988787766633157,5.569768175894282,2.7999364514355305,1.0665743415498836,35072,12887,10
1,57,0,61,59,55,190486,242530,34.13344435310798,16.54565911568648,5.579729394838548,3.4821926253657947,33270,16816,7
1,58,0,32,17,32,381917,151652,79.6025668054626,24.169051592345113,12.807155954263738,4.358940894715267,13426,13979,6
1,59,0,83,22,34,352628,208966,39.82423320846591,28.704635617924847,6.680512736752782,5.43472609885909,30526,19237,4
1,60,0,100,47,22,355374,141093,68.00912239892068,32.36000224387707,8.227640304292139,4.403903348064189,41781,23641,8
1,61,0,77,22,28,369162,214030,74.91489153610563,24.617731971897772,9.683071216279371,2.830481370894276,43999,14540,9
1,62,0,53,21,49,299820,117044,126.11334130478753,40.807206802226176,11.421840065846744,3.015406457206274,27395,17049,1
1,63,0,65,41,51,298792,264781,18.17681035981868,9.881112162541168,7.355518677184202,5.707362560636173,34957,19639,11
1,64,0,68,24,43,383020,240671,41.01159716915084,14.455819713695075,6.067240704876723,4.725348743106432,35420,18824,8
1,65,0,59,38,32,366727,169935,105.79669839856622,32.832416372603795,11.162272444191629,5.068948941502236,40081,23852,2
1,66,0,87,29,23,402741,106849,163.5396442506434,50.56604253110299,7.348507272754818,3.0798065236560968,29091,17083,10
1,67,0,87,27,40,295639,189765,47.60089882499323,20.901001087183637,10.354102635682473,3.5638525627417494,42953,15267,6
1,68,0,57,8,34,201362,182083,38.39334525499878,22.21503303510195,7.6537901317757475,4.168400270283486,22702,10145,12
1,69,0,85,42,43,323710,172780,42.25939432437443,16.87973916131019,7.9393554334036835,4.51094610489366,37802,16752,2
1,70,0,97,21,35,242174,252531,69.03006308704748,20.527872865983113,11.48043659632911,3.8500941930893586,19979,10409,12
1,71,0,100,37,35,365353,260676,39.92387652550507,26.411730490409674,11.963324633953006,3.4022384017166787,12097,10207,5
1,72,0,100,32,42,328780,221377,58.90911690807036,31.427095020986627,9.021301300439982,2.6542390149307553,36122,17069,8
1,73,0,61,36,45,305144,274529,51.66780118614775,20.357101010326815,6.7434986377526345,3.9718059225763143,59553,13346,13
1,74,0,100,37,58,260797,59841,53.55775076559286,17.842561610556924,8.853930712945788,4.3559123768068755,33204,2898,5
1,75,0,69,42,34,400067,184795,48.252446496812205,19.14184733279443,5.40957035682363,4.103850293508903,27908,26607,1
1,76,0,66,29,48,392390,182411,26.730605264943364,17.487990836775165,6.98097757113535,3.133533859604431,42420,7733,0
1,77,0,79,58,67,243951,242105,31.646226150239265,11.959902651313381,5.98257151661661,3.477751418966937,25553,13727,4
1,78,0,66,12,48,177161,184078,51.79565203396301,64.62094415761675,8.749705324937644,4.986273976637771,12351,9062,13
1,79,0,80,36,57,317944,227771,98.5515134030366,71.5483872501703,9.820173824212112,2.4549275979984357,39426,13723,1
1,80,0,55,52,30,418590,175919,117.2605003816209,37.43179456338344,8.103512860309195,4.499308947258466,45546,12800,8
1,81,0,71,47,29,173821,166298,53.908122881980496,32.806020480646495,17.49809169712074,3.696833347048053,31288,11635,0
1,82,0,94,25,37,347036,240053,258.42607094651055,122.88988657369693,12.388016212787063,3.507962741113347,33125,14517,3
1,83,0,74,27,39,217902,199908,71.43836878041763,40.76870136514578,8.575848127146065,3.232222333654499,23911,9688,5
1,84,0,77,24,56,198309,215355,627.628652251661,115.17049084578878,24.801677893808197,9.520164277058967,28374,17683,4
1,85,0,82,48,29,393118,137985,157.02652270297594,110.56304997573586,33.02520850840128,9.940037751298936,32223,17175,1
1,86,0,92,28,38,365034,233891,71.43987984415182,32.12149874550086,16.757827730784467,7.483239034681444,30449,15329,10
1,87,0,50,43,56,284770,146146,769.9647744532701,141.70474536427872,43.537923237957024,6.387156508850099,30357,17704,6
1,88,0,83,43,43,378949,285658,431.27540251475534,238.9159591150829,34.08091876608092,9.516548256115103,1000,20169,3
1,89,0,70,75,39,368351,187175,389.113516593914,206.7279570515839,37.34513216480758,15.239563741672992,31649,7968,11
1,90,0,77,44,43,151375,179298,398.6507381837294,116.8584236697426,58.11255303504564,18.603025854626996,16724,23040,0
1,91,0,90,27,23,308427,244609,234.2643572454745,90.08219788990561,13.714029397571977,8.588868127514955,34756,23361,14
1,92,0,57,18,22,441280,197414,130.21753710991229,48.82115676928393,16.607607299858028,3.5619869072716925,40574,19293,7
1,93,0,59,35,16,347381,235874,184.63381720970628,73.69512615411841,14.90653837711005,4.4293655104618335,35602,13367,9
1,94,0,45,38,43,38422,185054,89.39240453396218,84.51048718871564,26.37936406135525,4.6585600286274795,18519,25635,6
1,95,0,66,6,53,192935,235676,185.3826342177972,103.40410066377356,26.567059663065805,6.429315227444583,21658,20596,14
1,96,0,94,29,51,399577,196177,191.391710350709,60.06054503947982,15.028679091915697,4.316804411738185,29332,7521,9
1,97,0,73,44,57,244283,243342,112.9792931666571,41.384083308241586,19.779820519077965,5.128208117147772,38534,13119,3
1,98,0,54,32,61,412133,257537,164.4120217862397,67.55193512750526,16.002959938000355,5.777519120294068,39945,18023,10
1,99,0,67,54,42,504610,120772,126.4181077346704,40.10370372993714,19.056694343790383,3.5228099575024436,33606,8660,11
1,100,0,52,16,39,276205,217889,159.3551914744719,47.71264139593109,13.429186529810131,3.4723353112086994,20357,20514,0
1,101,0,58,50,62,238216,291481,283.74555448366743,62.84467800351717,23.526473242382274,6.556336695326788,41739,14019,6
1,102,0,80,53,29,199384,230889,99.44325006505511,44.02508090194079,24.75360568381226,6.60699971265686,29742,10066,2
1,103,0,57,54,22,375824,321924,781.5339853058309,232.71277525777433,46.42838376168363,11.075733520163318,26023,14120,14
1,104,0,91,16,34,239731,153590,1025.1285799462112,384.65170648887585,84.54153660019314,11.673101118959513,25132,12228,12
1,105,0,73,44,33,259776,212893,633.0483357283653,111.83316129813088,25.503244451690698,8.121314884574675,14780,6396,7
1,106,0,76,29,40,189142,224382,40.47290772311673,24.723126397900746,14.840042104892143,4.380308949258632,40997,14797,9
1,107,0,70,18,27,256743,173656,97.00152271087909,31.65365798106965,11.680682777678621,4.5853587724222375,28748,12907,5
1,108,0,86,33,45,229328,138218,56.84477475765057,15.10326741968596,8.685901712218111,4.765749293320415,23078,15579,6
1,109,0,86,26,31,101801,308490,60.74042452828071,23.413504884775993,15.670855981593643,2.948456843067746,36072,9602,9
1,110,0,80,53,58,216132,256110,125.20364803246702,41.93538957492952,9.710778212773468,3.4895482738349273,37873,15806,4
1,111,0,83,47,22,374618,227893,22.20672443667811,7.380277452496873,5.669241944982514,2.9930575142832025,12673,27073,7
1,112,0,71,22,37,434899,202393,76.21901146263517,52.77279070991385,14.78015931405345,3.3748747759586655,45506,8752,12
1,113,0,83,29,34,289333,207019,55.297559850781454,39.174880273366846,7.142553596296818,3.7091833125556724,52213,15325,13
1,114,0,69,34,43,303369,231401,68.840806249813,30.485340754488124,10.386178197898404,5.195983815859246,31019,16597,2
1,115,0,75,38,53,328598,272117,33.02565217828406,14.289468268914959,7.510694777588275,2.956420410232961,32393,15330,1
1,116,0,70,55,43,496261,164655,55.52993598126741,33.68302086942358,7.189825010766549,3.5717600320622194,53935,14876,13
1,117,0,68,50,38,199014,205282,95.603674275238,35.73207990411425,16.115851270015273,4.176200990764467,19072,15390,0
1,118,0,64,40,50,173785,181500,38.75531202298463,16.445556226328286,7.065901140883635,4.221507707793317,24783,12851,9
1,119,0,82,36,52,294840,147155,24.46013685980887,25.39603405259423,9.580284873075454,3.054760074193491,35812,23399,10
1,120,0,94,13,44,339420,169315,53.357834243515754,34.93258746058078,6.497217860750428,3.6337171983987284,41476,17067,14
1,121,0,92,59,45,296663,210814,32.438562004368215,26.56047976112733,15.238729745259405,3.557956366917528,30380,11883,14
1,122,0,56,33,49,163545,185035,133.74621763781872,30.256767412956446,8.749694427625334,3.914036719656351,21864,21055,3
1,123,0,94,63,15,388480,201364,216.0911365611226,50.44190164115747,7.848409276169772,4.99649009330677,42881,11380,10
1,124,0,70,42,34,286186,236231,77.65254174325011,25.66127261290288,7.4974120242354605,2.1404128579581885,29922,9325,13
1,125,0,84,70,45,355437,257753,76.5507761505784,22.501845568605543,5.229872675391931,2.2075283548872418,30013,12894,4
1,126,0,61,49,35,455279,332690,122.78828226896125,36.56384891973472,10.96084261718277,2.4613891079717476,39298,22172,7
1,127,0,77,18,35,153671,238562,139.6390932854247,51.621893535314136,18.089395522702574,2.8784186314544593,45056,9411,2
1,128,0,79,30,45,128164,169155,59.90498715800041,31.796704427520606,22.909112094402335,4.416821146884741,32397,13569,11
1,129,0,52,37,45,356556,255136,81.709850517672,26.733433387816845,19.3892821412384,5.387575290806418,34782,12078,10
1,130,0,84,26,47,96552,184105,161.47114967004154,59.738326227658376,10.83605493705183,6.107796016614973,40463,19283,5
1,131,0,95,34,28,260012,165040,150.23816792708695,75.1089712738738,26.6587281532812,8.547491256964078,27735,9623,7
1,132,0,72,19,18,242870,231140,137.54020419781338,43.38134644509051,17.861212704532846,3.5815611328797217,24515,18152,13
1,133,0,95,40,52,335985,270687,168.87307937501072,81.25626643028059,24.59278093393566,7.973019247647222,26322,8330,13
1,134,0,72,43,28,233389,169723,310.8504074711012,156.86919752426147,24.899958898682538,9.280730795305315,20796,20465,13
1,135,0,87,24,27,349196,215770,88.25521963151692,56.604592358437785,22.790716455472676,5.593905019933618,19122,17790,8
1,136,0,41,69,26,193301,222817,365.10846769586266,89.7878552620215,28.955019176740016,10.974582705796923,52210,18668,5
1,137,0,100,40,57,175792,152571,266.5012643706188,129.4302382660383,64.14995078089775,13.089362690315797,21053,15901,12
1,138,0,97,27,43,301928,128427,1073.3823769071575,201.40356773857985,22.085091771602823,5.731273442640634,32714,9669,11
1,139,0,70,15,45,310528,129857,122.20309751845357,23.790483354347877,8.776047248038383,3.594228525554195,29142,18975,6
1,140,0,45,40,50,329520,263942,49.992337887539605,28.070335513587388,9.72242812749983,2.7337236143902865,40486,17940,6
1,141,0,79,36,39,447957,176807,77.75586436984712,44.224272095391946,7.6375996606665995,4.641250509095191,31161,11189,2
1,142,0,53,51,55,428060,168486,293.9610258371078,138.6727010205656,28.24699187366756,4.752097595156014,43870,8811,8
1,143,0,81,37,22,345161,215922,127.64983630325237,49.119629527408115,11.144591143169619,6.295738445754355,28706,15345,9
1,144,0,81,22,23,380939,265040,160.56296965699227,41.47783782085591,16.204180658045033,2.668213699818168,32453,15740,2
1,145,0,60,65,22,326213,141765,66.8211779160596,108.2677367933893,11.930013554556798,4.725105734448024,37508,18652,10
1,146,0,91,46,46,417950,105590,164.20174584017107,35.50470005424826,9.727549374692863,3.026998215805082,31991,11872,14
1,147,0,87,36,47,336388,273778,56.367412797913644,37.74316262135779,23.46653566314739,6.766363249922273,35269,16926,5
1,148,0,89,42,32,244775,225689,80.9867090259342,33.049058966210794,19.875028192145617,7.936018532578242,32836,19903,7
1,149,0,75,47,36,224753,146364,101.58567966283957,43.78207394800722,10.621816101031675,3.3238153725330406,15863,4606,9
1,150,0,53,18,59,415098,178084,144.9132677112066,31.78851069497556,10.946564663839823,4.931552415193278,37655,3354,13
1,151,0,89,42,29,281691,149881,118.82194145156717,55.23330165751063,17.349429640953705,8.146327997812573,41775,15891,9
1,152,0,70,33,44,491679,231997,125.07074409609092,28.355470023337848,5.97884493032346,3.388779559761311,28704,16424,0
1,153,0,54,47,29,189555,251141,92.6796552120039,35.94917116980484,12.233792008288356,3.8381774308170247,27947,11850,6
1,154,0,95,28,56,425143,233464,417.4045518337384,123.7870776546158,23.393436480605818,7.317068920086086,32933,7602,5
1,155,0,100,30,49,257351,208320,614.2219741926508,164.60905495380138,86.57035278976512,12.24438358802545,49457,24110,13
1,156,0,74,64,19,340726,218904,59.560638647453,16.408511915094433,10.085150311721518,5.144488154320156,27154,15333,3
1,157,0,100,58,36,169826,162916,51.495686891169505,37.979673426900725,9.910526482446057,5.306556088245051,36224,15556,10
1,158,0,76,1,8,116150,177791,332.6673524363495,66.55496959239733,69.04508333562379,9.999729949572554,28251,12506,4
1,159,0,69,57,53,447998,200299,159.59419323886712,31.74381459279647,17.745371361758863,6.516653940150337,35975,14246,10
1,160,0,65,38,70,256131,186166,58.18022281886018,26.999401463618025,8.859587179330687,2.632111068081273,17243,13631,11
1,161,0,99,29,7,398537,200028,76.94072529617333,22.414647259369737,7.962950537448768,2.0745466560282293,47958,21865,13
1,162,0,63,24,18,234355,119121,58.78800560744522,21.994202799140403,6.879084298871804,3.5399953016010626,33673,27413,1
1,163,0,86,25,42,398672,244061,82.58079312737564,35.30122600892322,11.397281205620038,4.0312245084066225,27212,11054,7
1,164,0,66,29,39,257137,146393,543.5455126955525,112.03689113060078,7.580235753572846,1.9010981822734798,27483,20458,7
1,165,0,68,23,33,178952,94592,291.07034619203614,103.76618474645576,9.849935423847237,3.9245000459905826,32781,23061,8
1,166,0,90,19,13,364648,164234,189.8147289891879,67.44051294540303,47.11185972377362,13.361129942902103,50027,10860,14
1,167,0,69,24,44,394460,189217,609.0503504466438,140.01711037165958,54.01503052471193,15.864315396762121,45465,12190,10
1,168,0,68,44,53,364043,300883,75.6402031814242,18.67296282835084,8.128999071594581,3.8338051289319868,27311,9022,14
1,169,0,91,40,82,285524,175557,82.30813591143018,26.3711923075163,5.24440180560818,4.734629202162943,30941,12034,1
1,170,0,98,48,59,125114,210486,103.8095974501199,51.379602092896846,15.637977821005618,3.3828283950464137,31444,10663,11
1,171,0,84,39,20,193105,216034,68.51605735474975,20.4308684882072,19.67961164406824,4.30962608888119,10481,13900,4
1,172,0,65,20,39,229798,124256,40.385661713042886,26.77001710835331,13.82183225053365,4.636689461732369,27695,8621,12
1,173,0,67,47,48,274173,194737,94.30621360639364,48.85294018783716,9.239537473282509,5.168873108486531,32101,18008,6
1,174,0,76,24,29,413079,186777,82.00625060243344,28.24831354156615,13.564869123746924,4.025628426443615,20921,19211,14
1,175,0,79,49,51,288263,204182,25.892444180591312,39.82772798903274,8.242669950443089,3.840488090410186,47270,12836,12
1,176,0,60,22,50,89337,221152,44.343838303152346,29.666348008998472,18.80452600435364,3.751965003910372,18741,9648,9
1,177,0,85,29,58,40907,242539,35.90980946563284,23.676642023166387,9.77765205148753,3.590568914731407,19847,16012,2
1,178,0,76,34,52,230524,157176,79.20399043353076,44.73335728355948,21.97565189476606,5.094358086277539,36916,16352,9
1,179,0,49,50,44,248667,224160,54.3106133498897,13.575820299887322,6.025120146295141,3.7314220489164844,32787,11451,11
1,180,0,61,42,30,335564,163577,39.371082466318526,27.5481915323632,6.1695849119490225,3.3515427799109445,25476,12913,3
1,181,0,67,40,20,154750,154488,85.35320485437671,19.77159815213446,8.38354336902073,2.165285926591263,40072,12678,2
1,182,0,73,68,43,161732,287628,172.8366561045413,39.940915652042825,7.773620539348756,1.798313149308046,32437,18969,12
1,183,0,100,12,33,345358,109337,15.174650376797837,11.77059133093088,7.081246861020683,2.1490670530559224,48491,15983,14
1,184,0,78,24,35,433420,174168,19.34869983401856,18.577020296953663,5.409208312664742,4.486840455650535,12215,5865,3
1,185,0,62,23,56,103646,211115,49.29798678724027,27.3132690465551,16.40194927573261,4.141918719850249,24782,26942,14
1,186,0,78,13,60,223106,170026,20.372901892825062,38.23275857092002,10.841277762928822,2.292369689921181,46543,12830,6
1,187,0,69,29,21,411123,207516,52.827213717605254,21.72740192811815,9.612017381180296,2.990733993189623,34804,18768,14
1,188,0,79,50,36,393307,132856,141.88102178884867,75.77143322973772,8.846555377085725,1.8379368651251236,28947,15311,13
1,189,0,83,31,33,207430,107738,69.90321595562077,15.685463239200958,5.578004706415065,4.990757918367729,25965,12488,7
1,190,0,93,35,44,415987,156281,74.69835328838482,29.55319625582475,8.009243849358198,2.364864653634063,33498,19778,12
1,191,0,74,14,6,304490,207606,224.95913743598786,93.43868597993327,11.156619334985988,3.5050081159509747,18551,24028,5
1,192,0,99,28,18,366005,191422,123.80275687295362,35.58850417909081,6.457881801697204,3.842240636122295,15655,9403,8
1,193,0,88,33,38,229596,231807,146.78186323096523,77.48681798672193,14.501891404672355,3.1260797894637493,35632,11083,4
1,194,0,64,49,51,329241,128765,82.78251870154725,42.13947701416497,11.25717650232114,4.292222726689961,38553,22733,9
1,195,0,100,14,41,183419,171218,62.44976048792953,31.68265645085671,15.774843085821882,5.176944041503916,39408,25345,1
1,196,0,79,33,50,245265,196402,39.35400193989871,16.86471754363822,14.595134926344098,1.8508215732022546,25706,16869,0
1,197,0,62,56,42,270312,151550,63.876474000946686,27.58086091527394,10.323307641173173,3.6116574336491194,25310,21747,13
1,198,0,99,33,59,314012,206898,76.9413245533932,16.322967248741563,3.823705005053073,1.955482949554514,29966,12636,14
1,199,0,100,8,62,540653,185938,129.18144350618363,51.87229628575698,6.94308242657009,3.5604189919398053,20065,6665,6
1,200,0,74,59,28,555985,224341,134.83028947809953,36.37065734144353,11.7087951953621,2.210351003899364,36640,14658,13
1,201,0,67,51,53,261209,214438,74.01746895639339,12.03005427106021,5.140349147285049,4.262380268192732,27038,22145,10
1,202,0,72,53,47,447959,107328,185.47673995120377,27.86932609085085,10.966696051682105,4.891809570897608,29334,11395,0
1,203,0,85,13,77,189084,273627,45.342359731925285,19.019978303632723,5.741582493392113,3.681734484454845,28246,23102,1
1,204,0,94,62,28,339927,91384,51.60546213150238,16.033469782670302,6.826639663142332,2.9090904694638877,35140,21243,5
1,205,0,83,28,38,231434,122405,163.66502507657535,71.56120340606903,16.48120686699947,3.1405698499186623,32861,15869,7
1,206,0,76,32,24,254903,196252,36.425531541970855,20.333172906941847,11.683014675961761,5.4591857585337165,49063,29360,9
1,207,0,97,29,25,566075,214798,33.65626283355779,46.83027266838925,22.90192717451479,2.7169458113380163,26158,14238,7
1,208,0,70,54,45,261301,185886,80.18362407754451,38.37522058625917,14.374975155958156,5.0826276421171475,47928,8498,7
1,209,0,90,37,43,235015,172900,67.46293348873535,24.880995237772343,15.555203921050465,3.7572517605277524,11882,13364,6
1,210,0,70,47,48,199967,195889,76.39433174055894,38.64823923003732,16.052109649051552,6.2146297322009705,34895,16886,1
1,211,0,81,41,47,223073,226359,102.23960760936627,35.87225606671862,15.764878966591603,5.440079093654505,14143,11667,13
1,212,0,73,38,36,157822,142673,427.0942137999398,78.63866995643022,28.125152718829902,5.315586945171905,19761,11568,2
1,213,0,74,25,36,322285,144285,171.73193514780385,54.99461910629602,30.29963431990003,5.583082408574467,20253,17403,10
1,214,0,69,67,25,320486,156722,391.3155113981731,105.30935806403072,30.423867292936876,10.068079739791102,19475,19272,4
1,215,0,95,18,29,333771,266004,176.73670254497245,65.63954652626742,31.24726108433006,10.123306693102995,23919,16485,11
1,216,0,64,46,39,298857,218646,185.35751572783062,133.4319852362452,48.15910543684127,17.62529228252752,52005,14792,14
1,217,0,63,45,42,243262,228619,437.60441092179946,114.39992679516149,33.28991930057888,21.49503730580339,21219,12152,3
1,218,0,100,57,50,234315,279551,200.05520473990828,73.13089901607475,27.779955287526672,11.987001975857666,13862,11429,1
1,219,0,89,60,49,315900,239370,343.5642140385927,164.3315386007522,23.28667201380717,17.133904718821217,34937,13701,11
1,220,0,39,37,63,294848,207821,403.4895129426842,86.67369479418493,18.90798598839983,5.625803872302656,32422,8718,11
1,221,0,66,47,25,236423,277915,43.208561220516735,32.15844022163372,16.125863175418775,8.593328569502502,52162,12023,5
1,222,0,47,66,36,271340,151416,127.31627902511053,24.992719308917636,11.025327814044717,3.017101208225259,29592,16541,8
1,223,0,60,39,26,453944,186734,33.405160228544204,29.44220890792043,8.502338562403372,2.4580953141231756,7125,9227,2
1,224,0,27,24,59,497017,257812,29.75998148177121,29.846952732308758,14.336503628944543,2.4844323089350255,25725,4662,11
1,225,0,72,34,32,277976,90301,24.450845082152732,13.699010456590104,9.666452825664715,2.851618304421517,25526,12688,8
1,226,0,57,20,57,226622,160161,35.97196171513978,59.40669481126458,14.331006334745322,2.3519861595976455,17671,9013,6
1,227,0,75,45,61,295690,239479,146.91657499270968,56.47830395023445,7.962867704400013,2.9838352048164523,24373,12349,4
1,228,0,50,55,46,413588,205329,128.34813420062576,56.792905515045206,19.73611531556062,4.079624658704184,28504,19241,4
1,229,0,76,38,44,295632,225690,141.16425086170125,37.46715830207036,16.645124878875976,1.948685505848738,29391,19202,7
1,230,0,68,15,40,335509,104179,129.0406284875773,28.32024907883614,10.7193948396333,3.8196226924405416,16195,14715,12
1,231,0,97,55,35,234246,157951,80.21361802888453,32.76739442207913,6.11990396228699,2.1015678658019246,36093,17889,12
1,232,0,96,13,33,183331,232459,36.99234681155143,35.42745240942867,11.230649479735225,1.8526441286355055,46359,24842,13
1,233,0,86,16,37,376155,154901,154.91419629963295,54.01461170813011,7.8402096423378325,3.229812439840712,32805,13729,11
1,234,0,70,37,67,319484,241242,34.21973247887267,22.66000037437699,8.254658801650791,3.0087586616634647,41063,10152,7
1,235,0,100,43,24,365583,214372,153.87313257877324,48.72240221660202,10.441282987921662,3.601079612698466,31813,18348,2
1,236,0,51,46,43,128920,141398,370.15162985399513,93.13765149557213,11.724966539009392,4.2992415955170795,19535,12481,14
1,237,0,53,39,50,483264,217275,62.946988641249575,42.80413864821976,14.302956655712393,2.0323316028979193,32709,9579,13
1,238,0,73,66,35,325228,237447,54.379316586920176,34.48543622714916,20.207676139877215,4.78604580177475,24974,13756,1
1,239,0,100,40,46,119276,218074,57.03290641132875,17.147777356655286,10.33898535011668,3.814870908176485,18905,16969,7
1,240,0,71,55,17,398690,226851,125.13084783114294,30.130066227123592,5.9685600290828855,1.4702404888578187,29219,16814,5
1,241,0,72,51,59,262661,113563,157.43270511861687,65.71202134423343,8.980009621973705,3.358376770134035,38203,8079,13
1,242,0,53,20,56,303050,312752,60.571476339890786,22.133719834907865,6.33631600022748,3.727105851183076,26594,17159,1
1,243,0,89,37,38,252227,341040,170.6705478093739,32.75566777352864,11.434182350606521,2.391388929461527,49399,7697,14
1,244,0,89,71,26,290210,271435,113.8992322577217,45.68737293632668,7.442771142239424,3.9093815135940395,39509,8542,1
1,245,0,86,32,51,295247,205777,47.68436912196308,44.356880630542854,8.896536706818484,4.721228108920477,24521,21699,0
1,246,0,65,29,22,132992,179753,148.71489885689067,67.82348537930322,19.85889751474799,7.549659021786534,24217,6394,0
1,247,0,64,42,24,386576,180809,95.49841136522235,35.984240102068554,11.292278864111184,2.9815599393896166,51447,2974,4
1,248,0,55,32,39,311286,239195,240.75129138130592,79.47830002831506,20.146043872070667,3.838700751892241,26637,17194,8
1,249,0,76,28,62,344618,253450,47.27446644686766,38.78550626193698,10.662225222202272,2.7411066126523194,33642,11998,11
1,250,0,58,32,49,381595,167519,12.470844377935409,12.628142306547392,8.654918794593168,1.9737252695148844,34218,13041,5
1,251,0,57,61,30,312085,198924,42.18010918662908,24.694675754384015,26.206319139085956,4.508559639585301,12761,22430,14
1,252,0,68,37,14,333109,262846,77.33761281901425,15.340617196012364,7.492082995844032,4.6411845295295935,12891,20331,5
1,253,0,67,20,40,152957,194872,314.877463815668,181.69076545280905,35.64813744379093,5.467282016706409,38563,19674,7
1,254,0,66,17,43,216962,205596,643.7964185619234,171.60353528709803,50.91226563592654,11.882689179876659,19526,15141,2
1,255,0,81,73,38,308501,268829,434.43951541668656,284.79001831385295,88.1404589928756,8.307470087787072,30118,17565,2
1,256,0,76,36,67,318570,260776,207.5569740191336,103.09776851101061,18.86704922107927,5.929846421136396,14899,12579,8
1,257,0,70,46,38,340070,240244,103.24339042810365,37.366027283733274,15.558198370731166,6.836806022282733,26715,11958,12
1,258,0,77,28,5,440604,146545,74.862581173808,20.237731877953266,13.293684882542504,3.4975236450924623,32137,14972,7
1,259,0,60,44,33,290579,147162,91.18358271321723,56.619560036444476,16.842372228961402,3.788256535827543,9398,18035,7
1,260,0,76,61,46,336289,163213,209.08335886207698,76.2767273093206,13.95075974259271,3.548964324158845,30540,22758,14
1,261,0,77,30,45,305899,173904,115.96373570091964,41.04260103690177,5.699486000820363,2.623487439871684,31092,20362,2
1,262,0,52,46,37,275027,210798,295.13056333493853,114.95490489346814,24.270434796198902,6.662651007025096,25314,18357,9
1,263,0,89,18,34,278916,195343,96.0794301126139,20.987730073416003,9.325545157943454,2.5848347077804426,18995,14420,5
1,264,0,61,70,10,221571,191921,70.64020176449198,42.35225005914546,4.9214278883239,1.1930399517421835,26233,13691,11
1,265,0,76,44,41,288298,187103,212.24467450189897,57.18183684943904,13.437687726254408,2.783715723657635,26248,16142,0
1,266,0,92,33,34,278112,156130,136.90320885880254,36.61517869406173,9.934727144642782,2.149242249866457,49249,15884,13
1,267,0,88,35,43,284830,176938,515.3591372239573,97.12376318043772,11.441526527596617,7.188230101597762,28791,9648,5
1,268,0,75,32,47,125809,321678,96.79441320210077,35.351759951843825,8.810213817716484,2.8317298956771437,25356,13118,0
1,269,0,69,33,58,290105,234960,221.51271992328643,55.194930854333705,25.91525239081193,5.6895394000460735,28771,15140,8
1,270,0,89,3,25,212294,201002,60.81747143131063,72.88226529228562,11.30272832246465,3.8199356578260266,34236,18216,3
1,271,0,85,38,20,293814,124978,130.87084870010196,42.68137741311811,12.223966465035902,3.238750630498832,33868,14680,3
1,272,0,65,37,31,190523,150477,117.59688961910528,20.228900466320304,5.8013638909040175,1.1459216260214107,34498,24622,8
1,273,0,63,47,28,304992,197886,89.51649387664992,25.729471317389464,10.826413457050002,3.0884584915959445,36030,11946,3
1,274,0,43,32,27,270303,267979,23.395424507970315,19.58995512119909,5.258372217334349,2.0009279706085685,15397,16220,1
1,275,0,77,28,61,237371,211452,60.00112115407334,27.14324738579014,11.682726727405708,2.536870465194377,35164,14383,5
1,276,0,73,39,42,328933,210777,296.9385016923159,60.83268092167002,8.297519924346528,1.5701595976426974,31841,17072,2
1,277,0,92,15,69,337547,255500,198.19891935472268,39.37500495183087,8.951059995681309,2.662913703278095,23769,15044,4
1,278,0,80,42,39,295069,151436,100.25661932796123,27.366240409086824,10.888150060000848,2.9917101555421026,31064,13454,6
1,279,0,95,12,22,356878,270308,213.27089315417575,50.681293252817326,17.83269362940574,2.783856069310099,28900,17781,11
1,280,0,64,56,27,258670,180829,99.26103630404559,28.497864064926976,5.813779452505415,2.493347002321322,29791,10909,9
1,281,0,92,50,55,339995,257905,160.49381598901024,41.45377938087756,6.636305959957268,2.426800094230233,31743,8428,1
1,282,0,67,26,22,295777,283506,52.13567249873857,15.41389866337218,7.380255666030743,2.418975054635123,13217,19799,8
1,283,0,86,49,48,200066,154636,80.72184170578706,31.58092194800111,5.04196969051195,2.340087365234528,32630,15109,4
1,284,0,53,41,34,219864,200001,176.71295732318887,56.059465177235786,11.589923235974176,2.3274698946339627,36504,22533,2
1,285,0,78,24,26,416540,239455,48.26139418001471,26.032977876804786,11.622933317426538,3.4994474387364387,32437,15036,11
1,286,0,45,9,60,457633,185665,84.41874967112696,30.75521715444619,9.563244087273716,4.657230721482356,22749,7740,11
1,287,0,70,44,31,371325,187059,29.918575436559415,16.17737627377601,9.471867614260017,4.7050426351643795,21368,17113,0
1,288,0,81,28,27,241681,180080,58.09290553407523,19.236397649376016,19.300884020571935,2.54510999541499,31821,6036,1
1,289,0,67,56,38,442772,106970,140.78128249435468,30.72465532549319,10.011844205881413,3.9384609945718667,38030,6962,12
1,290,0,59,40,32,361254,252874,75.0716476089677,25.20461071285864,7.668488273144387,2.476314018297814,43086,15102,2
1,291,0,87,29,73,333564,149516,206.89080875441616,63.00861246899289,14.510728206731489,4.044855664454009,37648,16013,7
1,292,0,73,66,55,484230,85536,223.10991923154387,81.59942356769729,23.789004199778343,7.283285644391945,35117,15668,9
1,293,0,67,48,31,214002,252344,336.60398909369536,61.221395438572635,26.047257363933138,9.468871669045367,4574,11199,2
1,294,0,75,1,32,377298,224240,456.46745942580066,220.42691997065532,46.494397985290895,11.719503734188876,23863,11030,7
1,295,0,100,32,9,218539,134096,1186.5382733390738,452.3154484731409,66.53506130583858,18.530222002714684,33129,28486,2
1,296,0,92,19,42,239337,254310,1243.0820888528306,222.00485548431266,71.53884389521647,17.694173197216884,23199,9354,7
1,297,0,92,28,28,560206,233273,425.43022892289497,114.61773849170886,27.542520914134155,10.448854257045992,20698,10983,4
1,298,0,81,37,41,350236,200016,163.44998342005675,48.637137028620245,17.945417691509395,6.61873967465841,19376,22260,13
1,299,0,77,45,10,484918,182481,64.17240212060814,48.805074519100025,23.447093849585304,4.156882711449245,47648,10978,7
1,0,1,33,33,85,638780,645203,260.79373772596335,85.12658375315847,19.331363800460146,4.957214258511385,12596,4559,6
1,1,1,26,86,79,725536,502177,98.76742635379246,32.6517800678949,12.74129475117013,6.005669560204611,7203,4100,5
1,2,1,30,77,78,881466,513125,182.3439893806341,42.861956059483894,18.48541267508932,5.190565171133752,14764,3575,1
1,3,1,42,65,74,1006760,588728,273.8164581718909,49.109661117584814,11.352956166725509,3.0153600306421153,12346,5129,12
1,4,1,31,78,84,723512,439422,426.5994295837297,117.02036394288251,12.343701571186587,3.015930972356934,18655,2363,8
1,5,1,30,55,54,680818,644728,232.40874470442816,74.47390514233531,17.76918220005928,6.322786014669028,1592,4078,6
1,6,1,16,71,96,996501,557706,58.116946397968036,37.32685740887977,22.97672532583308,3.564754114461673,2941,3539,8
1,7,1,37,81,62,922537,435873,167.4474256917818,55.70186552511562,17.132605121088037,3.6867600434266317,7907,5552,5
1,8,1,36,23,74,829744,456755,46.9976256500268,22.865383186393583,5.421049895406999,2.78382281904768,3304,5696,8
1,9,1,51,63,86,1036223,374361,86.09580698901378,37.43880335028391,11.753438826213404,2.064805224023634,17869,7819,14
1,10,1,26,69,61,1189401,530772,109.29098743320576,34.27774489622232,12.274821366121218,5.631857327092997,11164,3040,10
1,11,1,32,67,40,873183,482222,640.8050484496152,148.91110488740054,32.64008904261266,7.47961099897115,8350,4308,1
1,12,1,32,91,72,682025,531270,166.40447699203023,95.9812566499629,45.92470724025627,12.005144439165631,17768,6871,3
1,13,1,45,53,51,899461,329829,160.78658710569678,73.37997796740956,22.978269333773508,8.199189960876897,11462,5947,3
1,14,1,29,60,94,636013,447608,184.24933336160592,112.33707245132312,42.667949254678,10.754116789559914,8955,3679,8
1,15,1,32,41,56,1048432,401788,450.09716932378524,132.8338122137769,48.88722422015152,12.474614603640003,6091,2354,0
1,16,1,36,92,109,659670,549298,239.34716853294614,197.87819481681865,60.9098632090712,14.872489349799835,12779,8700,7
1,17,1,31,66,79,761371,439819,404.02125938695036,88.34969356328867,36.56202323579755,20.90072944062974,12611,1814,11
1,18,1,25,63,81,632464,547033,294.99196682759003,151.3469750460115,54.6911547378482,19.300530035186824,13409,2504,13
1,19,1,31,69,40,836434,446692,361.635021426349,229.4309045704071,63.9206891629349,20.751968677110277,14030,5374,8
1,20,1,40,79,82,843490,662609,525.2524413165169,161.1466545351331,51.65767587043141,18.839932976406388,17252,6921,14
1,21,1,19,75,78,948529,505159,272.11647062947236,126.39790536633734,32.3225159459424,15.482344801051003,5860,3246,13
1,22,1,31,100,54,823928,591584,129.83669544763654,133.6118936204566,27.813335902976764,14.523836567264343,21183,6364,8
1,23,1,22,76,81,809253,488663,154.88522874707962,91.34345516897842,15.988238076314042,7.308320993785269,19000,2981,5
1,24,1,41,63,72,685223,592285,155.07933471424252,44.48842883577778,15.689604555218503,6.033045825006714,18586,6602,5
1,25,1,14,61,75,742730,422700,149.069024350792,44.39993493993419,16.60818769961332,5.796372945702135,8969,6626,0
1,26,1,24,64,80,521417,495802,333.2180881968828,88.11192425023734,17.22314802247757,3.5721504201609937,6430,3244,5
1,27,1,33,47,70,1078740,453495,75.85694221348932,52.90228930488594,13.585420783637177,4.603246803215622,10524,6755,8
1,28,1,45,70,84,781139,686862,127.02288574884834,34.59829136847542,12.453253136867156,4.811938255786806,11417,3038,10
1,29,1,29,81,78,1128139,381139,192.03363430301098,75.58669813841733,18.727255944044092,4.204531986750454,14286,1000,14
1,30,1,24,60,89,775794,707025,293.93528711322404,60.06684071178127,16.6233136838472,7.101494233754948,9178,4705,0
1,31,1,48,57,69,419575,362570,139.51682469876678,149.59915037237042,42.163329851909275,6.397845179128142,14606,5771,11
1,32,1,15,92,58,709921,573599,121.47980315247835,82.75183517023079,13.148253319865805,3.328081698072763,8262,6517,1
1,33,1,8,48,65,799478,437815,134.67679106955802,40.57480545237102,28.269527656583275,10.53327705690897,10238,7146,14
1,34,1,34,38,108,813070,525486,102.88446825948017,90.25387600568288,10.920917435904753,3.05839483784515,13614,2920,4
1,35,1,24,52,99,935367,482914,87.92576277635489,44.05591236338892,10.566068708395816,4.822229387554671,10608,4977,11
1,36,1,19,46,104,834776,416953,130.40885835434574,39.91894423593489,10.661024181012394,5.9710207647695865,6620,4117,6
1,37,1,37,75,105,732600,508105,100.70909235853088,58.08795447791647,31.59410102679908,6.221937536554819,5490,4974,1
1,38,1,32,64,70,617002,458289,81.14910161099512,38.94052900157876,11.506006521017122,3.416993952634601,15325,9601,11
1,39,1,24,66,85,718726,557137,619.1691574730853,167.29856873420513,49.24842793990129,9.182288219872005,12481,4616,0
1,40,1,17,87,81,920905,399451,340.2844470922993,93.35100895630904,32.974787518340655,9.16139525594842,16936,3039,11
1,41,1,38,59,93,971682,547247,931.1801300431525,283.9344499676677,48.956496096835494,14.07552298949934,15725,4488,8
1,42,1,36,81,74,665228,586411,237.5947450075109,91.3699223640345,31.29139382057522,13.14815123181023,8592,6690,14
1,43,1,29,92,81,1001399,489175,198.93548467552682,77.89551470770702,16.77673797244429,7.972337853861185,15033,5969,7
1,44,1,48,63,81,913812,367718,156.76554781336893,96.99941553740842,17.516188674933602,5.865000908086148,11762,7080,14
1,45,1,19,81,90,622583,673230,80.51523086583994,20.27793517020746,5.990347823223469,3.70071889593666,9432,8696,12
1,46,1,14,66,93,849341,546698,179.14102517925616,53.05985079412602,11.214815837363668,1.7565576172193293,23249,8611,3
1,47,1,23,83,81,873953,427892,138.9745049328117,55.8590222098646,13.140944539385524,4.054232096585725,21729,3394,13
1,48,1,29,46,82,587111,549385,205.838735559848,50.24081028459052,7.325914043682793,4.928842251803428,13252,6498,3
1,49,1,32,45,84,528272,332433,144.64376864869243,44.4882876374443,19.619291405733126,4.437220928316085,5750,1502,12
1,50,1,27,64,112,894763,617636,87.33767959792827,32.90733534563194,11.48791401943794,2.8474402937743855,7607,7183,6
1,51,1,33,56,45,709144,712448,213.9668443704262,58.110026157241656,15.669234722040986,6.4605250578921645,7290,1903,2
1,52,1,17,62,60,1102420,582408,64.66483617793943,24.556717402944123,12.139030541971419,3.986847769587526,14071,1912,9
1,53,1,44,66,93,1144213,399693,62.613653212923296,20.96533548135698,10.274714312588742,3.8376793423965743,11920,4620,4
1,54,1,29,80,85,894397,301092,102.864318143622,69.91331969127289,11.478460740142355,3.571226679851328,8438,6862,6
1,55,1,41,63,85,990348,636402,243.35386991621257,39.52980950647736,9.774402642506713,6.322315749847219,20331,3121,14
1,56,1,33,57,93,595229,485252,148.34685998160916,50.997149673292405,16.23018821574828,4.955732308423346,7851,3941,3
1,57,1,34,64,84,533620,460857,197.84680154987674,58.741864496351525,9.071170965646234,2.1041426018851372,19318,3330,8
1,58,1,35,58,68,771717,616498,91.55797818400814,26.63531857861533,11.476100879062209,5.09755909747762,15854,5295,9
1,59,1,34,55,92,542687,440962,210.25028240812966,51.96706025834217,16.048992451789328,3.714863252289258,13219,6843,12
1,60,1,36,45,80,861527,576231,194.3303908057283,56.21051311984806,10.576045901789477,3.2593827750563054,6105,5034,6
1,61,1,43,71,71,643264,502372,277.462563804274,129.11192016649488,20.281629343936316,5.806684629900205,18021,3758,11
1,62,1,31,61,93,838091,524695,197.92757119122328,36.768867993181814,12.062360038357188,4.102700050714568,19864,8067,2
1,63,1,37,84,93,765379,662926,60.66517560603913,20.59743524314801,4.072737792076294,1.91658042425258,11180,7036,7
1,64,1,29,48,84,927470,451108,51.449617984080284,28.784555544698048,7.861321174047233,2.966039394556737,16238,3433,9
1,65,1,44,61,114,865267,441968,133.5163845024582,24.24916552293259,14.061378545172774,4.06530296674905,10491,3213,1
1,66,1,23,97,106,719215,479776,172.76423702350746,73.32873394510179,17.41196032029914,3.1056948223524334,17525,4187,5
1,67,1,48,55,100,526322,379711,97.27164455979424,48.652512994323466,15.141816671797123,4.470177240391648,5258,6960,3
1,68,1,29,66,131,832502,593642,189.4182187207281,70.80482325244847,14.28107531508897,6.782092664281939,14946,1000,4
1,69,1,15,51,77,451504,580353,175.80094104550918,48.06791123910132,13.85860756816894,4.736831196167227,1000,7619,9
1,70,1,31,49,70,1049221,499064,109.19030772827799,55.56338819673565,22.0647147185314,4.302773529478162,4150,4283,13
1,71,1,23,93,97,905786,407589,114.97845096839686,22.540997339704177,8.55295757697919,3.3798669687087686,4702,2551,12
1,72,1,38,72,74,968554,225481,64.87503116581188,33.22223527148332,9.476617001541648,2.5419904793983745,10068,5283,3
1,73,1,23,72,80,606103,416631,103.23507259940706,70.81242339261445,9.749675807051856,3.4000744412204353,5580,5562,9
1,74,1,25,44,60,871216,476887,637.5833431919824,135.2742282716513,24.411079782994868,7.389081938896306,5619,6741,1
1,75,1,11,75,92,666679,310085,144.65283110395458,93.28374163659467,26.702544271512263,4.917759481146269,9103,7293,1
1,76,1,25,87,50,829813,749450,160.0931221809176,60.154322304726676,28.479528611698928,6.002893870740718,9361,5691,8
1,77,1,5,87,78,600312,541551,215.26315988007326,65.22305983906705,22.22222762929749,5.297924610478545,4234,6011,14
1,78,1,14,80,79,783311,554442,167.7090065731617,84.71059445339708,27.305848711487418,9.07521386682315,3284,5128,10
1,79,1,37,53,71,524293,485000,187.85978965559138,45.85634439831653,9.547333982044616,3.2571230075238637,5744,6330,3
1,80,1,37,74,44,767993,573753,164.3942582933793,95.01801495002867,18.27763481884617,5.385554463867758,15009,3779,14
1,81,1,34,80,44,471123,469912,164.02499891029146,75.89184704149359,45.18566750093845,6.909825565310501,23185,4216,3
1,82,1,20,43,65,1149422,483802,124.36434947338641,53.77115470856141,14.882549266909253,6.484273549776045,17297,1865,0
1,83,1,29,53,90,832080,640498,75.61751463892924,13.947716333209145,4.193967354077313,2.9071828404475513,8214,8302,9
1,84,1,29,83,85,801136,609799,248.49480961383955,71.63093959929054,27.00818730562883,4.575132379607092,12081,3737,12
1,85,1,18,83,79,935211,498905,68.8012078873911,33.520474403166446,12.55322897798103,3.0556454082566913,9992,7151,5
1,86,1,45,46,62,540138,702247,245.5869276232051,97.68970413832741,25.019903341335024,7.023038664179971,9284,7517,8
1,87,1,38,81,86,643849,491797,124.15432248117344,59.74217742030334,15.480975822284982,7.877192862826814,10548,1908,7
1,88,1,27,71,44,906211,449421,300.3612293369215,73.29400554218388,19.513969395512298,3.0734039347591144,11385,5273,9
1,89,1,30,81,32,832290,512695,50.669255353640175,17.8595483642752,7.532335365876935,2.271842291885666,1269,6312,13
1,90,1,32,60,75,656069,530088,139.28853620158324,22.201248002919538,5.419653554710613,2.8611600953349483,6903,3897,8
1,91,1,9,79,69,929609,380759,97.66980849029436,38.652449727705815,7.248296998058018,2.7152402169198875,9787,2265,10
1,92,1,27,82,100,860546,548748,380.6442662247258,107.8673747336825,30.401273944767407,7.714173727864665,21921,7967,0
1,93,1,23,64,83,901111,711467,93.57892178850815,66.80784177281905,31.168117395900754,8.514625900863752,13185,6296,6
1,94,1,19,70,113,877947,595006,164.58991838980998,50.30910651448396,16.67991693904819,6.1240447571597825,15509,5082,0
1,95,1,27,60,69,663719,566406,219.46789714892805,87.78902755668123,43.91223113871298,13.833039168157303,9448,2907,1
1,96,1,47,94,89,784830,548040,143.66204067193058,54.41077815849149,30.21639775086985,11.303009774371102,17194,2970,1
1,97,1,36,68,74,428588,400215,53.18491365564828,22.309851409122523,20.90992797410268,5.239941851992594,11421,5334,11
1,98,1,24,56,107,697833,400354,302.24091625017667,157.88699802638877,50.878030054561954,21.552665298484,14128,4069,2
1,99,1,35,59,75,750931,516311,75.02484119632815,62.956683739706556,28.97052038790472,5.689400424000797,10875,5438,2
1,100,1,43,71,97,925350,457180,156.4515188336015,107.18948083689322,21.058205395503634,6.248901838150546,12760,5745,3
1,101,1,39,81,58,902430,355334,321.0345689209311,79.79533541873056,17.767452731958755,4.853624250244221,7621,4097,5
1,102,1,30,49,71,649583,464940,403.02680451109563,132.53343209398585,20.163519033154056,5.680598766430093,19148,8387,3
1,103,1,23,97,78,645158,545068,229.89931701835147,90.47005182519636,15.4850435206012,4.155002079721673,7591,3489,6
1,104,1,36,74,105,1061394,558030,343.47489318015124,78.57917031393383,34.61254941640633,9.631337959625512,5256,3102,3
1,105,1,33,76,36,741218,416723,380.01628321044046,104.72700713525033,19.317081898041202,9.004606712402525,10801,5839,9
1,106,1,38,68,73,822849,495408,492.74460259286684,94.46449622092669,35.0576049956988,9.698983520967277,19365,5963,14
1,107,1,36,70,72,957049,541476,194.12900888330543,83.68655474043666,17.89916030156133,6.116105422204522,6584,2996,10
1,108,1,40,67,38,784099,373173,35.011911562241515,23.049529616913137,19.191237218613164,4.626485125271322,9094,4313,8
1,109,1,24,85,70,769668,422756,82.84498565061553,31.563997368837832,15.866368307247303,5.030577353317497,11281,1919,1
1,110,1,43,69,49,736933,498680,121.40052474404584,39.095650420127555,5.971424302768141,2.743897766780361,3379,3869,0
1,111,1,31,81,33,698185,409078,108.1534194759711,48.792264650633165,10.899377112647045,4.638661635796898,3122,6605,12
1,112,1,50,63,74,828580,467206,162.9309087040936,73.18720097599535,15.326704681040733,7.037945611890327,15625,2412,6
1,113,1,23,72,74,435507,749578,205.93629955586115,33.90854011080072,34.24939650337491,8.59846502663937,10377,2817,6
1,114,1,47,57,75,727776,349277,172.5066071926009,122.2842824845011,74.31434010572592,11.492347261582848,4698,3342,1
1,115,1,31,88,85,908050,642465,57.27399901509692,53.01246924725805,21.373713330670604,8.269454918531586,8431,7281,7
1,116,1,23,57,62,884735,534166,85.64980006268124,32.1387480189882,11.759570696373371,3.5771878627213183,7203,6999,4
1,117,1,25,65,115,1082212,377598,130.2399667761699,19.715524837873467,9.479871208496132,4.028463364445737,10039,1000,0
1,118,1,26,65,79,967483,567858,50.60618397315689,15.060557873458006,11.145202624759728,3.1756431585994314,10982,1426,2
1,119,1,34,64,105,881651,504289,63.76702817633428,30.031287013327166,16.103015083180754,4.9604457987815875,1000,5176,9
1,120,1,35,80,46,805732,620533,61.491972534618164,34.36048526263271,14.302221909311868,5.092140104976666,16670,1784,5
1,121,1,24,65,63,708693,566049,86.93839844614939,58.26682837576656,14.10594985112542,3.991377711467771,10369,7414,2
1,122,1,29,90,93,900653,519632,158.0818311512209,109.17561220252229,23.531053336494168,4.39908889140031,6808,1000,12
1,123,1,51,57,75,864697,469355,348.08173341723875,107.95970458404298,12.058832837638557,4.469358484994642,14421,3496,3
1,124,1,47,72,58,725143,616891,108.57459754414094,34.62023238931126,11.615157095856176,5.166868564710838,4827,5415,10
1,125,1,34,58,43,626581,460796,117.85082533468416,38.83748606512444,13.326492205258251,2.5529120891251016,8428,7946,1
1,126,1,30,76,94,789380,359981,39.72121333447499,19.058761885198777,9.174928385812695,2.739087095273628,3917,4991,7
1,127,1,31,69,93,1031201,310412,308.36510315393843,64.30367822648462,16.38292600183042,3.9610589293974563,13721,5632,7
1,128,1,36,67,84,822041,376400,196.62640608257317,41.86523319751265,16.05605220214485,3.484177500393581,15967,5354,3
1,129,1,19,87,70,805679,580296,152.4234642718569,48.06590349197246,10.870481410813456,3.6596666996502125,11920,6881,7
1,130,1,27,60,57,884633,463677,62.801404397727005,60.69391268173103,20.85678358025851,5.100349978249567,9054,5615,6
1,131,1,13,78,78,896264,422799,92.12514976684861,40.21575844921083,12.322283334074044,6.115110535689975,3621,6475,5
1,132,1,33,58,53,849781,456643,294.5585337439128,67.74082345567562,39.80103093287595,8.600047945526612,7713,6515,2
1,133,1,36,71,64,791583,582944,213.7168602077516,62.7860921145826,18.334121581534212,5.542700641656461,11158,7179,7
1,134,1,25,52,105,698363,563331,58.926273205042236,47.628501633435654,9.610568184579652,2.7665506028154967,7127,1000,1
1,135,1,45,60,42,1000971,516200,20.662131194253433,11.938170735429434,4.6246317851908385,1.479111591396612,7725,1957,13
1,136,1,17,68,93,714607,440020,231.046155365078,45.14194861154571,17.489020078400475,3.54683175380681,4389,6353,3
1,137,1,15,97,109,1114465,460944,208.7572142729504,52.48742857453752,15.100375232463197,2.7276728296843697,6283,8927,4
1,138,1,32,71,96,830871,486766,59.00061917871341,31.78308077684817,11.486071908017806,3.297411532708677,2667,5650,4
1,139,1,40,94,87,810538,410535,49.261943357801435,19.55605480079604,6.703018843012858,1.9023550195587275,11383,4484,2
1,140,1,46,73,70,951995,488948,20.340374981451788,12.872406296639234,3.4095934162006696,2.2741460031542458,10249,6970,8
1,141,1,25,64,67,669362,405322,91.37205446412011,47.81505932095359,9.888909093236732,2.577590590652603,10472,7642,9
1,142,1,40,93,35,914773,536580,48.18327394288552,20.556584611322428,5.721664468019386,1.9167809744648177,8196,6347,2
1,143,1,29,76,80,823051,547816,53.29872203169575,24.74362729701113,5.409271047776296,4.0634344386380175,7046,4928,2
1,144,1,28,60,71,882176,611721,94.99681447189458,35.62737361439551,12.394478142637947,2.986085057769606,8510,5098,0
1,145,1,38,77,66,663281,526047,152.39954139328003,44.11535561659896,28.032034401579903,3.3476300999585096,7868,5526,2
1,146,1,36,65,79,661405,522876,106.85945160383686,65.81506379668976,12.422131406754175,1.8617082130945648,10765,7650,7
1,147,1,14,40,81,433496,416427,193.69065579418157,54.51347250965409,11.027148852537724,2.787716519950649,19164,5841,7
1,148,1,44,84,67,708549,495248,129.9597521655118,34.392719355371554,13.443815853789244,3.4603982176182684,9054,5867,11
1,149,1,43,86,112,698058,397747,79.1777332528301,29.811317669236857,6.802301715613136,1.7149363244455833,7040,6911,11
1,150,1,23,97,94,666525,329571,120.93751396139828,52.214035204210994,13.989451646535956,5.834391458948998,8753,4901,12
1,151,1,33,76,97,776907,473484,342.8745977527469,95.59591033652896,42.000168529805194,15.45526910610321,7538,5515,8
1,152,1,34,66,77,812853,449623,248.0002717494394,126.35209953664183,39.64131016219874,16.022502384397153,7518,8929,13
1,153,1,32,82,90,899948,561142,71.18443173763586,34.303459011943396,32.450439671154534,8.98404607607766,7078,3728,6
1,154,1,24,82,62,913157,403828,133.20577629138253,53.585339486305706,16.379890281817175,4.742821064762951,13425,3859,12
1,155,1,23,94,93,930095,781348,318.5736609871321,89.32658052316864,45.50310522824967,7.084436291565533,13360,3281,3
1,156,1,29,69,75,938459,452007,182.79417752829127,56.97532555167627,35.65338467010394,6.208233886999942,14511,5631,3
1,157,1,41,67,59,855062,492967,211.27423324739726,80.44130495567165,43.30656741381268,12.547396398224953,15570,5751,5
1,158,1,35,59,79,811045,443314,500.1483694030246,213.30577889967668,45.0864733071594,11.871685377014687,8177,1166,4
1,159,1,26,78,74,985820,577782,190.29734577896423,84.9354231262495,25.731248802464542,11.739583470640103,2161,6928,10
1,160,1,37,46,126,938657,478620,382.17272278084744,138.42379157755101,41.43247289564673,17.20069811336097,19847,2835,4
1,161,1,1,81,88,503606,402072,170.9698398037333,84.05743969114374,52.66143202643222,18.948572241981466,1000,5900,9
1,162,1,41,78,111,765442,316652,120.75986860510721,88.67903258983671,34.11871887221496,12.346603146724716,8291,5254,12
1,163,1,12,78,102,439319,557391,187.93152177680673,78.83768347645183,26.111385289998292,7.971284326447802,2867,1000,3
1,164,1,26,72,80,435408,564980,227.96774756194722,64.11984806294137,33.34175610776573,8.669554100016732,12014,1000,3
1,165,1,18,92,71,698224,534272,232.96058636420477,68.6261676337232,38.03509731721241,13.211909148528024,5215,2756,6
1,166,1,17,83,45,774401,478475,87.74986046089869,48.206400966309516,15.98273659725566,10.81213155567361,15658,7355,7
1,167,1,41,60,62,715164,468078,114.24540817582555,24.256867622336834,5.210636169330348,1.965189571891283,11162,1252,7
1,168,1,25,61,93,444782,577751,162.4668385458163,55.75467945812129,7.386634687830613,2.4435226712348834,17557,7223,6
1,169,1,33,56,73,955019,489894,151.28443997364474,46.23413271733107,16.246401067726634,5.574340887190676,10507,1467,3
1,170,1,29,78,87,658611,612452,398.624663754379,101.67476578115428,31.4665855624882,9.400880161902357,15796,1000,9
1,171,1,34,54,39,897875,490095,398.3725583480458,102.28892357311351,37.03899874594517,9.31761178601,4571,5593,0
1,172,1,30,86,89,664112,486467,72.20376521457254,25.480236696063947,9.460979022532587,2.316241325430283,14925,4930,2
1,173,1,17,89,101,700473,537085,76.40337555958455,21.103556545178993,5.981881965889502,2.0772098313402165,9324,1480,4
1,174,1,39,56,44,886736,639174,158.65373171660153,42.641357896979166,6.72695980819697,2.4032020996122734,11189,2595,7
1,175,1,25,67,87,730170,617674,116.55616958785099,32.39068150877098,11.540334154857637,3.4149870468012775,14637,5610,10
1,176,1,14,70,106,834101,495176,106.19268476356675,48.912251370490175,10.915419821276098,3.9137394197345072,11932,4257,1
1,177,1,25,83,113,855464,462626,31.635944881224976,8.962985097674519,3.1616879714238415,1.7196348144531117,6046,6241,4
1,178,1,45,94,69,514574,379168,69.18824238326117,33.24837169436444,4.644421784338757,3.013773680336611,7552,4327,8
1,179,1,38,44,95,895557,569207,42.0139873515547,17.38382530806121,9.073885534189461,2.2292256507170496,4711,6974,5
1,180,1,26,65,108,612477,321619,112.89305231362586,69.50453784288082,23.720235090775134,2.3051475428192747,13576,2706,3
1,181,1,26,66,88,577787,670521,62.4179098781437,35.997875358558396,19.927783907394,2.975768064636246,8271,6175,3
1,182,1,26,48,105,654679,584313,88.21839538193424,18.552021770004725,5.859352172703243,2.539749184262583,7756,2464,5
1,183,1,50,62,79,962897,425403,50.281681789060215,16.449736736701013,7.100702827391433,2.7469089186061715,11012,5615,7
1,184,1,33,76,87,479926,623089,134.50862216639803,41.76277822652891,23.23372918841059,3.281972982032145,8815,6279,1
1,185,1,34,65,67,930199,554818,125.13241891686059,70.96009122819252,23.41168345026979,3.0183761654169423,15844,2874,6
1,186,1,40,46,76,867910,546769,61.390811229875496,29.046431207395145,10.1252911088654,2.2689278642525026,13925,5756,14
1,187,1,32,100,88,814866,473307,12.894985052599191,10.716241365574229,10.087605586857297,3.1307117390219505,13614,6127,12
1,188,1,27,73,66,849335,555265,54.44846822977236,19.558940590775617,5.422214370869935,1.6725191045682222,7923,5999,14
1,189,1,28,71,75,741979,358322,41.33510460831619,44.76097039758929,16.13384708322428,3.930559761150757,13549,3507,1
1,190,1,29,53,95,936457,506285,160.93862560237653,37.67033560655627,15.823755032642422,4.452448748114354,12517,4272,3
1,191,1,29,73,121,714687,432012,137.91089226131223,37.13044750579131,13.724382630018278,4.530323819262521,3918,8418,0
1,192,1,37,67,39,475028,471194,79.01323180087755,18.847030828285817,9.102604984383579,1.9097532456665511,8769,3230,6
1,193,1,30,41,119,784555,431108,131.4772696655814,28.199407242250363,6.568509231374728,2.2861298356185396,9143,5280,4
1,194,1,37,53,74,960271,436229,32.13062448425007,11.731925295649722,7.990595518685133,3.153895340721329,17477,4586,2
1,195,1,29,81,99,898407,628844,49.789514334834045,28.915525464416593,12.514148357915076,4.275458039603126,7900,5675,8
1,196,1,30,99,103,1162880,356713,100.14224914137131,89.44560954306498,24.463322999236482,4.788196935868336,12412,7808,8
1,197,1,10,75,111,749362,540866,150.5924461618756,47.70687537287012,22.62936811624849,4.52663612925266,16504,3816,1
1,198,1,39,86,65,767849,386931,126.2566112668038,109.37928773611416,13.514293758082614,5.6062154408177385,5387,5730,9
1,199,1,33,67,75,753338,632150,220.04484346519916,92.93151682595122,24.303492213192413,8.712878945233314,11397,6417,10
1,200,1,39,68,78,644737,542780,133.54933619800565,28.535960339200937,11.5827317028169,6.160101536691426,20162,4336,4
1,201,1,1,86,72,705370,359531,89.04174622296415,22.583353288710157,12.298361235251901,4.887756126011308,2156,3302,3
1,202,1,50,94,106,592222,533466,42.56064107078969,41.459658086302646,16.90602527027395,2.719800043318305,6965,5201,3
1,203,1,28,89,78,341224,430413,203.96232942874934,59.307094006379266,8.05876162987356,2.05039978623381,11364,5045,14
1,204,1,41,54,47,683955,522687,33.17458087781089,43.12198585947207,14.214538896808552,1.6759692678866256,11821,1724,1
1,205,1,19,68,67,804697,367157,66.9519244189417,26.982629368439156,6.116106719556101,2.1124093880009482,10787,3426,7
1,206,1,36,74,48,926144,623096,82.18411259596505,24.72898144601039,5.5411329288912645,2.505356120114314,12728,6452,11
1,207,1,19,66,75,684868,300259,37.32774983190329,12.996212233178394,4.700678957930221,1.4838770681568054,16304,4099,6
1,208,1,23,75,93,687188,419242,120.606495516951,27.641092270931544,10.763406431248164,3.053644698249825,10271,5922,6
1,209,1,49,82,66,1006123,391802,357.5063949079551,95.93466989328206,25.145977525428556,4.442920910837088,9628,2898,0
1,210,1,28,85,71,533765,537925,147.6372908185614,46.94004538974222,22.411392365473226,9.048608211189629,12973,5250,14
1,211,1,32,95,74,767345,450748,93.30774537165482,77.42727276595762,18.294407047912895,6.446987420540133,19949,5247,7
1,212,1,38,65,82,991450,481560,71.85501195413666,21.356462223262525,6.859071654116331,2.145308639248423,12999,5598,8
1,213,1,34,49,90,658317,435846,33.61366101138518,16.91233105327061,8.710240490769243,2.8912706819789453,15194,4245,4
1,214,1,31,75,96,493292,363155,225.68610437968272,97.19345421045989,29.91572652455709,7.920752978449068,2134,5317,7
1,215,1,33,98,125,1141369,477145,498.52041114187585,109.04294893207988,12.981840875630256,3.3911212659047645,9102,8790,14
1,216,1,54,62,82,959859,369710,22.850170201274967,41.74867688904463,13.295421167509636,2.2707460531065844,3931,5838,12
1,217,1,29,80,94,966073,316796,174.13177861190013,55.08046454292838,14.708774083208839,2.8060338242227663,10076,7944,6
1,218,1,32,80,48,782138,562591,270.2407433797972,46.74370759891982,5.295378144606374,1.9666679654970851,17134,4654,14
1,219,1,40,72,72,928125,376093,83.2970264829857,16.799545351735176,6.145057679769384,2.6512504383047766,3541,1000,7
1,220,1,41,70,74,301922,645711,193.34802190250187,106.93612705325586,7.862625805203167,6.236634170773071,18685,6502,8
1,221,1,41,56,59,712541,641766,374.2192755887945,90.98991486257295,13.768773594758072,4.241403228802895,9976,8930,4
1,222,1,36,35,69,989513,588569,113.13727549875802,32.50509027157564,9.077076777299439,2.433970145565231,14463,5276,11
1,223,1,18,53,77,520819,386421,227.26605489688953,40.9255423352704,13.956441620975253,2.105349071672621,15144,3858,6
1,224,1,46,64,69,733309,712160,479.0986398322304,92.45589562033325,10.080904628139598,2.939767880722141,19977,5177,2
1,225,1,18,86,132,863932,264755,116.87668267131447,72.79219598291002,10.478096656165764,4.950374040783971,12905,7332,8
1,226,1,33,68,90,643144,411699,167.03287606119238,65.26309739572136,16.121221395780935,3.5778489336452948,5640,5272,9
1,227,1,22,62,120,801475,583321,43.10550483915073,14.820569312300512,3.069503922815805,1.764909104756364,15062,3650,13
1,228,1,29,56,109,877136,575469,43.05271241872528,15.933831983688421,4.913606945163305,1.8821979788364154,1000,3025,4
1,229,1,33,79,67,860394,427485,642.0629635969343,192.7160033943886,25.567064352269107,5.281063256472904,5463,6429,8
1,230,1,33,90,80,719851,421434,143.64282710739388,49.02956417490145,26.841132288487696,8.059315242375966,7097,11263,10
1,231,1,34,85,71,634189,478460,289.764975731784,86.66690048480145,22.01418151436653,7.579279604647548,1000,2660,1
1,232,1,46,79,76,879230,491302,267.7579543717954,95.74109368604586,32.38480669331329,10.261967770966134,18420,6252,14
1,233,1,34,47,60,867830,453055,143.46125942064086,79.61593195068579,12.798433562554948,4.215341042569023,16645,6375,13
1,234,1,27,64,71,858005,665799,151.19813181878348,47.67341057336468,13.144766417510683,4.751880519717411,12255,2757,14
1,235,1,39,99,87,822899,431636,514.765282335519,165.92667845886845,28.844781596761596,9.811078923410646,14898,6611,14
1,236,1,41,86,86,868029,646646,415.69424204019896,122.45569789710433,16.47287730888437,8.209260099883775,11831,9071,5
1,237,1,17,46,85,975393,540593,172.3814372620703,47.31915488558216,27.120841792608996,6.423921117872473,14319,6910,14
1,238,1,35,69,78,861990,601918,248.6409869957331,84.14347997130996,29.10669263178566,9.3623368633277,16312,4266,3
1,239,1,37,75,97,819545,350508,79.33520598198356,29.48773419025902,15.811454607578984,7.717359452487605,2769,2277,3
1,240,1,27,58,74,694627,602799,104.87282474113213,20.941787047599885,4.594560418865593,1.9440032284795818,14576,5895,5
1,241,1,43,35,107,1077175,599260,57.19479539789938,21.490571894878034,5.003363252738325,1.8606331786860613,15645,4709,5
1,242,1,28,71,43,575393,433396,66.17718228517377,24.427596749852697,14.256449494780561,2.750002361338954,7047,6315,3
1,243,1,31,58,93,759442,584793,115.05919178418834,36.638450346200415,10.074717776923638,2.958538496207614,8844,4401,11
1,244,1,28,58,89,698185,352008,89.26879533140925,42.80679515752518,11.734013391294006,2.197975804767728,6123,3170,6
1,245,1,30,64,66,434579,452537,315.31964449804684,63.03672642354863,7.744807335482941,4.251387660969914,11555,5145,14
1,246,1,19,67,72,870762,616710,294.81382103591557,88.99765059142675,28.351608714894027,5.399075761961351,11954,7329,9
1,247,1,15,69,89,759347,481802,128.44285062927565,48.93371347453839,21.862450522138626,3.29819252454467,10979,6627,10
1,248,1,45,56,98,806375,473576,61.17676946914814,16.530635835006525,13.575646684302866,3.3939804477235547,6167,4436,4
1,249,1,21,66,45,764234,640455,134.39268411219757,22.568664567486554,9.616911205947748,2.7811412676312184,16858,2641,13
1,250,1,20,43,92,950655,304651,89.29475185848213,70.44068524402203,31.66519312471558,3.57005779549576,7090,4419,10
1,251,1,8,74,70,976293,482235,30.66437869333372,17.45449820978885,6.900349126567322,2.3844460197361053,12763,4367,1
1,252,1,23,27,102,579746,493396,79.03509555434549,71.31430343340281,14.878947984807382,3.8871116020322427,13942,4899,9
1,253,1,16,65,43,1153067,420325,236.53042836566547,116.932352915116,24.95929186853896,9.247530340609217,1442,8959,3
1,254,1,46,83,128,751964,637414,284.5431216956607,57.863144014787444,20.521987532119553,4.368115416411018,11674,4379,7
1,255,1,40,54,62,917516,408993,233.67185931425004,84.71313675307114,14.456583232113482,7.200374247745424,16268,5264,3
1,256,1,23,80,108,836062,410247,111.95164322003829,34.26261393922476,17.267906724321158,4.000231809961884,9929,6554,12
1,257,1,52,87,78,821142,252775,38.89068879587183,33.40470325361656,7.818679708592499,4.689211488983381,14494,6014,10
1,258,1,39,20,63,911367,611074,70.2431682028733,48.10549352914601,17.057759689881046,6.607206498378005,6609,7931,6
1,259,1,26,67,85,1063663,467067,299.44426171753656,108.7291021776315,23.480757638416296,8.729699975433622,15271,3912,12
1,260,1,5,26,100,955411,467243,127.4873909873059,74.3125727617714,26.537448688867443,5.079178851706215,4314,3674,12
1,261,1,52,68,48,751330,478678,126.33752187334342,66.58776072250112,15.093395832869614,5.774897038436827,9890,4264,8
1,262,1,16,69,94,783150,619325,607.1550365114339,163.13566136704367,71.3661089985962,9.739825748196392,16174,3140,0
1,263,1,13,32,79,687301,661286,62.79010975836484,31.394577699557033,12.901910163894769,3.0359388562248673,15897,5108,5
1,264,1,40,98,91,943038,326754,187.60658925666445,38.0821017150628,6.375984205891602,2.66622413728255,3501,5312,0
1,265,1,54,74,80,917980,453707,122.48607161861696,49.71480782356675,8.44797308311222,2.5286362136944924,8929,4334,13
1,266,1,43,57,68,731576,386483,75.47692382595235,33.53285123256668,5.794556945574291,1.9503770009267976,7002,6093,2
1,267,1,35,91,57,1065301,477633,44.47924029769806,13.451719106138766,9.308360838318961,1.127300216430258,15898,6151,11
1,268,1,35,43,93,1014760,490894,53.160859924191826,17.204954635081357,8.466198246725833,4.7593747824897195,9627,3539,10
1,269,1,38,51,93,1164701,328131,87.97937974141956,21.311869242627523,9.567334782345988,3.3281505616372242,10741,6149,0
1,270,1,37,35,93,642034,536866,64.59429762253215,32.57745756261732,13.065845340874061,3.5074119080016053,12409,2692,6
1,271,1,32,97,88,779961,455081,79.43373405847967,80.50364668865498,17.166691937305874,1.739646402435732,3930,3144,1
1,272,1,31,74,98,760698,578048,48.33192178487769,41.094633185190084,8.25034050755661,2.0438358104904397,11494,7861,11
1,273,1,29,79,108,1320742,503029,38.669630698010195,14.049070301134869,12.271878377060522,3.4675396955559887,4949,4545,7
1,274,1,22,74,42,801968,328378,174.53297731755163,48.87124771763334,10.904590604233267,3.1380606354406604,7551,4595,10
1,275,1,27,78,33,1053034,561463,55.84729053034622,31.535346736653498,12.663768252025207,1.7966204478916852,7782,8333,14
1,276,1,13,71,114,1006953,365993,186.0000822404173,53.827658903365524,11.665322662446945,3.8187627768977968,12420,5350,7
1,277,1,29,74,53,783211,376851,130.19084574209285,42.0281957744993,12.58063725610204,4.525340018315495,6035,4482,8
1,278,1,20,71,58,811102,468321,86.1318833387175,26.731701968958774,9.471123760619022,1.8336468696641364,7627,3200,0
1,279,1,18,60,74,904556,471489,18.976910148066022,16.883520279380846,6.424823086409696,2.2158383557049075,11620,5930,9
1,280,1,31,69,46,1051568,324653,59.81509670327622,23.909825606109393,14.420759806705604,6.357934678743189,16926,7898,13
1,281,1,43,74,72,765598,485220,299.8192741025357,56.67677945952927,15.099866291285295,4.109675377064263,12188,4865,7
1,282,1,39,71,61,698283,491100,119.6432835740629,28.85226412611585,11.006073536244713,3.203396308849146,15653,7577,11
1,283,1,14,47,75,986456,487188,127.48535975481354,65.40475079314496,11.422555382231605,7.243900866606542,1000,4709,8
1,284,1,20,49,85,570626,331203,244.78455339785754,47.5013619686703,29.469748245841032,4.587433678259359,17175,3489,6
1,285,1,39,86,73,850548,514390,38.07384252031679,34.594377739835565,16.323275408738553,2.802861794324542,5713,4028,13
1,286,1,20,65,72,1012034,561952,81.70412399240539,46.55583977055659,19.754757618193263,4.687864124574989,6956,3510,7
1,287,1,27,78,85,886049,365340,37.88964385828611,36.15844189175711,10.43149515232559,4.118687890530414,19707,7754,7
1,288,1,35,53,100,686604,392444,105.19614190783824,71.10125105678593,11.01017987263677,3.7727811866534933,10851,7262,9
1,289,1,20,47,112,599753,578734,117.24589500344099,33.30909141381304,8.621416609900308,2.266653284374822,6250,5779,1
1,290,1,31,57,75,1037414,657997,151.16223554025464,46.89711667651911,10.138066164304911,3.4213948140788206,6941,1000,11
1,291,1,16,66,116,764866,483362,27.370855775845648,11.588014362990982,10.031848137542427,3.104909308642275,3084,7955,8
1,292,1,23,60,97,619718,455042,143.30850575865418,32.36825658837563,5.764842809820086,2.955718022305491,10073,4237,8
1,293,1,33,89,55,1027771,519822,55.60548444588071,14.989524315874306,4.657016988491007,2.863331062079286,8320,3756,11
1,294,1,14,72,54,960200,635634,30.56038389076192,12.055276643504873,7.247962452721268,2.737040374547654,13347,4333,3
1,295,1,34,97,68,589651,414996,135.0056462840867,37.2327479498439,13.398199414985495,2.743317080562619,18594,5079,5
1,296,1,29,76,108,1302861,451597,254.78649276965695,42.26011959323941,9.311604115284723,3.579902423734977,3730,5860,6
1,297,1,35,33,69,691893,448972,77.31989841069604,40.980082565208704,27.082092658270184,5.301293144122038,12979,7175,4
1,298,1,32,85,42,956809,358329,80.57793127094905,33.83316580981875,9.158489859474967,4.305872226633569,2333,6056,13
1,299,1,43,47,75,1197316,585278,131.92344068574275,48.76603521779856,9.535772760540423,3.8060892738749086,12173,5057,9
2,0,0,78,40,21,301393,151534,205.4350893885265,68.22761562289887,19.93904665936218,5.9043185626925085,37963,12270,5
2,1,0,92,38,49,297688,314959,193.06526616704255,102.7908504163714,28.504063621195428,3.889457516452727,23773,11829,14
2,2,0,84,15,28,373814,252270,42.11328087142997,21.183148420560375,8.591369670835219,1.618790810298278,24530,8220,11
2,3,0,72,27,44,113753,227473,279.7190602931487,103.54324986284202,26.987294469661766,9.405035295747805,17684,9457,11
2,4,0,95,73,51,344334,172101,384.6190522686874,85.29931504633461,12.480354253470018,5.0853431931552615,14496,9669,3
2,5,0,39,43,57,355276,261949,386.4043613759385,123.55140216217418,36.32459664029265,24.734178593976374,42806,12759,14
2,6,0,100,37,34,384844,244094,12.278491323029918,11.302656306206195,4.652784859616545,1.724034905945639,32699,30334,1
2,7,0,49,67,44,262452,194675,2.4178873804467313,1.2061223982886444,0.3071870269760943,0.1879181512820739,35313,12260,11
2,8,0,65,34,45,300052,254417,0.3483443260384459,0.07838006740550875,0.041577885934375655,0.016572624862970366,28735,12759,1
2,9,0,74,38,59,54746,252287,0.5196415170689165,0.11881403280267912,0.05057033334012457,0.01835305488988591,48897,12219,13
2,10,0,72,54,51,233015,213697,0.2664740669084357,0.1378009583776253,0.033356235361362584,0.019739076836776136,47586,17265,1
2,11,0,90,33,59,317558,142656,0.37374389265921665,0.11982340274420686,0.03905612082913083,0.019312270285920054,29833,8620,2
2,12,0,59,28,15,447066,148932,0.37903687692421456,0.09289146078265899,0.037146495271368915,0.019801625556507482,29718,9963,4
2,13,0,78,6,30,484577,120760,2.714776620261236,1.6235227254633435,0.4701587119440388,0.33753458973601275,27799,20481,14
2,14,0,66,25,55,265755,266230,12.79332646307487,5.376266485994887,0.9029542904799343,0.6600835839819934,18852,16324,12
2,15,0,79,25,48,387403,126959,1.8869619138222014,1.3263477136150537,0.32976570450786213,0.1332012901561999,25905,15858,12
2,16,0,74,42,38,285279,201705,4.369995855476666,5.534848978245238,1.532797107754453,0.3093314052963764,26848,19447,7
2,17,0,76,30,32,138404,120454,2.6886588755740988,0.6430446777456563,0.2079440748706516,0.07133700285547986,7829,15198,6
2,18,0,66,72,51,360505,284182,1.0890813982372398,0.49459211498703404,0.19803416099951415,0.08424389458246954,7217,9038,11
2,19,0,67,24,10,483128,141873,4.1306647772620915,2.9835488539854795,0.7875773103001804,0.4697464269913982,29357,17473,12
2,20,0,79,61,51,261856,216139,0.518588037409769,0.14184676608516728,0.05211683439388646,0.016786932687100964,38324,17818,10
2,21,0,89,43,41,209274,121602,0.29846501826094846,0.10471837054600175,0.033180834665441236,0.021695978119880957,22297,7403,9
2,22,0,66,52,32,306736,243540,0.2842482437559359,0.10689745931763635,0.034641565739862164,0.025707307960608067,47496,16528,5
2,23,0,61,51,47,287720,254238,0.49548611811733095,0.24478982023097184,0.03975437891239517,0.019695726350763033,27187,18255,11
2,24,0,84,6,34,561004,200879,0.5050985781795269,0.1783020350928936,0.031146440873250324,0.02174814952924514,21528,18479,3
2,25,0,74,39,40,400586,196709,0.36576056062688933,0.11579966363944727,0.030868708454555773,0.019525030966541315,15761,19184,10
2,26,0,87,36,39,312939,240547,0.6118607299081588,0.14751240444712996,0.04642263604786164,0.02085769896927868,30975,17061,1
2,27,0,61,23,51,10467,169519,0.2511661287307568,0.1452711497726367,0.059999327664445316,0.02018584339913463,9897,19983,12
2,28,0,48,46,42,285670,254443,0.2628170353782858,0.1072318092955901,0.034531803071429355,0.020631591333612448,22502,10011,9
2,29,0,67,65,11,485222,214826,0.3639063192752872,0.10526059112400651,0.01860622758142978,0.01863679948588459,30446,22736,9
2,30,0,63,1,19,308004,121348,0.815995300498658,0.6356787710883836,0.034615316265340805,0.022107922631908444,16025,5559,8
2,31,0,73,31,23,382184,292334,47.35713172409455,11.210385216638764,5.67887663726581,0.8382462202394861,24773,19294,12
2,32,0,65,21,46,339195,209200,282.91924148976136,105.36130607033148,31.277865479605744,13.994506282389636,30247,10227,3
2,33,0,86,41,48,251333,183090,202.4638402443452,59.238501793582095,19.86288195034355,7.477842745400799,17824,21231,10
2,34,0,70,35,65,469131,208268,441.76005189746354,218.45793452016554,21.674167750394005,12.260398179804932,36508,18606,1
2,35,0,77,30,24,318890,164080,74.11997792248732,73.05485118256459,28.14068032856551,11.707956443938631,39417,12246,14
2,36,0,77,50,59,229312,192355,21.169133731529627,6.781011205535068,1.7671950534383012,0.4387821284403257,19893,13641,0
2,37,0,77,64,10,302152,239466,17.139334066259675,4.810093833744433,0.69298083133652,0.2795456953495596,27996,12774,11
2,38,0,74,79,40,442754,234384,44.091402686273604,12.626742506702747,3.8973993504822806,1.1078688994385293,28754,18657,10
2,39,0,82,28,43,152054,230984,24.414421711217074,6.06244467259893,2.2414894769480163,1.035265353742717,33468,7959,5
2,40,0,63,12,43,327026,169948,7.30712478046981,1.058027394489709,1.2669764820445442,0.37588664399320015,27023,13826,13
2,41,0,95,48,35,307363,156960,3.2466867223650255,1.1232310115063895,0.5452455166200032,0.20764350772680057,22776,17417,6
2,42,0,71,64,41,145989,219394,0.5108710206108246,0.5008660335844853,0.20110828880574613,0.08919921117356898,19432,5482,6
2,43,0,55,52,21,376676,238538,0.29784246466620556,0.12071593430214628,0.06387236700224314,0.026888954872685587,38364,8530,4
2,44,0,77,64,52,325645,163369,0.3642202612144488,0.20719579611770927,0.027779156769998984,0.01763274058210249,24210,21032,11
2,45,0,62,36,43,387852,188610,0.3168994972210374,0.09810608480057238,0.04866253044391863,0.019482933031790366,22235,5537,6
2,46,0,84,30,45,413807,219624,0.2554690987798895,0.18287607129692746,0.029420992531421445,0.018111446938533064,40471,10156,4
2,47,0,100,41,35,294443,195212,0.25981604848947293,0.15149754985952263,0.034561080842711346,0.01961789355249661,31446,23223,14
2,48,0,63,35,35,244439,257859,0.23635970323915106,0.10632343501054091,0.04519586544526541,0.022140389976580507,19776,16850,6
2,49,0,79,49,47,157547,134602,0.2684736506063985,0.11700976846918988,0.037210145475957426,0.020968890473504483,28048,21445,4
2,50,0,48,54,63,235566,127350,0.3844240066197789,0.12794395462863428,0.025153884255757625,0.02248253039685755,20302,11057,7
2,51,0,81,55,19,301094,254793,0.8536425120278164,0.19048312682829527,0.04517728579506198,0.025335806673453573,18193,7991,14
2,52,0,61,47,18,203642,230855,0.36089715833542363,0.1600204643684436,0.03404235219398084,0.02664190873956827,24547,15489,0
2,53,0,65,43,43,358345,204526,0.27092776153322917,0.07729969467903117,0.027534152110402586,0.021914647899072666,27951,17214,1
2,54,0,58,51,35,209657,183305,0.18069804203938306,0.06370267920552672,0.03444373029469223,0.015211359850209714,23826,6744,12
2,55,0,85,10,41,123718,223533,0.8236852904642817,0.5462101372777273,0.18540631617998757,0.018765284294324256,35417,15023,6
2,56,0,90,43,39,242206,209442,109.64988335990863,22.437862866452566,4.487391896280064,3.1878258396388524,36512,10829,0
2,57,0,75,40,49,318422,214972,286.4088258436996,75.18553294598627,13.684320965891194,20.502855120912077,22920,15329,6
2,58,0,62,43,35,174055,196620,7.313914566988491,6.021350397349583,1.0188816574500137,0.21246486649189525,28243,20058,8
2,59,0,98,38,21,211173,226754,0.5071137946420903,0.14055763719783418,0.033583331880145284,0.021078220125827274,25291,13620,2
2,60,0,63,46,28,236982,245917,0.2603213506875244,0.0900447852677368,0.020738640666975068,0.0199639345428658,20105,20890,8
2,61,0,42,31,37,250112,245197,0.8506940256045677,0.18467123653630207,0.05506798199830157,0.01876841603733265,31572,13826,11
2,62,0,81,56,21,329788,222862,1.342250724606068,0.30195670386825807,0.05739733197480515,0.01908474594373289,11198,19523,14
2,63,0,58,47,39,363789,199815,0.45243302872541535,0.12035525656259106,0.0436602603630215,0.021042229578070584,20407,19322,4
2,64,0,89,42,40,252556,222225,0.2632092775708485,0.13018428542099594,0.034732703184880906,0.02498684690539675,18367,18198,5
2,65,0,69,29,34,196106,259752,0.2273881425121887,0.11102694280662419,0.029436157208478718,0.017790289701096532,20964,16107,7
2,66,0,84,52,43,313673,192275,3.216420298942221,1.507251870759431,0.1255038166475125,0.022368252691962878,19141,23785,0
2,67,0,96,43,15,351772,186376,45.59567400332641,15.743010276750141,4.288055106546024,0.5348871897881071,13838,16080,4
2,68,0,56,28,25,461377,224678,0.5723682811855245,0.19815470646863384,0.042535776206310286,0.02500970965939669,27082,18667,4
2,69,0,66,39,22,414617,236915,0.28501944252483175,0.09304569752091817,0.032079778808072966,0.02649568352893768,26288,7668,9
2,70,0,73,49,53,174115,194975,0.34957556103588994,0.2374764040740181,0.054523911110580366,0.019434691254040317,29897,18672,7
2,71,0,98,48,74,285900,222525,0.25236178328740955,0.08877258227222526,0.037959384737286335,0.01316116098372375,32357,20084,3
2,72,0,65,47,26,345616,157983,0.33402462193939136,0.18806149421555773,0.03384745911507362,0.024267382359742296,34056,13026,8
2,73,0,66,41,36,214980,199451,0.47947280642356777,0.22339841258901974,0.026238544512586684,0.022804001230773814,21954,21291,13
2,74,0,82,55,29,264929,277646,0.28915818200938403,0.13760345325737988,0.027737658495369917,0.01863152107391758,30616,10073,4
2,75,0,66,58,43,367395,230386,0.15478908334383648,0.12584709305781716,0.02807184775993707,0.019547827854602073,27380,10229,11
2,76,0,77,51,30,324997,167648,7.229367489354885,3.1402991425586886,1.3456402779534233,0.5154846390716114,28923,16992,13
2,77,0,51,31,44,300172,174342,9.114566697997933,3.156288884700779,1.4469584187405633,0.5843376400184056,25425,16710,6
2,78,0,100,24,49,234645,137824,0.35808017317081553,0.18768763757220067,0.03530855107118638,0.02245105815091063,21977,12301,7
2,79,0,54,31,21,155439,281174,1.0389177379270977,0.2100706713952105,0.022373370420480255,0.016101242279129676,27547,8853,9
2,80,0,70,69,44,268756,150270,0.8676842117467543,0.16267218136483821,0.025107633143882657,0.021075441453882043,25238,20882,5
2,81,0,74,44,13,290877,73548,0.2842958956670701,0.10544548983747777,0.04467898656820044,0.025289193794522696,32993,7122,2
2,82,0,100,71,36,153157,129671,0.8147261139861482,0.6926875879560358,0.10461843916255938,0.01774007108097547,39451,17213,9
2,83,0,55,38,35,304797,202650,71.00902253822568,54.468413656619504,8.53990137930923,0.49172840908376836,20594,10785,0
2,84,0,100,36,36,339204,164149,0.7407296663247254,0.30583316559020224,0.07643293930079695,0.028830191254996557,24627,16348,8
2,85,0,86,38,35,230800,206467,5.314435585880325,2.1140955574430236,0.8262603414907095,0.5003212817524337,53186,14367,4
2,86,0,81,38,32,340344,217075,20.584603882406903,7.929870156782722,3.1527064873832162,0.47556746546811796,11792,23235,3
2,87,0,60,28,36,327570,168800,0.7786226784385366,0.28232799474636233,0.08387930387207096,0.02380935240375462,13896,21968,1
2,88,0,83,22,43,269546,154014,0.24970580621517416,0.09836329160630003,0.040649714630463706,0.022594368143917656,40531,14141,14
2,89,0,64,47,43,258402,245543,0.41971957131797705,0.18412180462478148,0.056934813199675714,0.0203297419802295,49132,20832,3
2,90,0,93,55,41,266780,214920,0.6002623615851773,0.20242766091370476,0.02873432611107783,0.01980235176963925,44526,5713,4
2,91,0,60,76,31,214379,66197,0.8547934597587639,0.16165478216535187,0.03779982419672256,0.027492271373398474,33140,14323,10
2,92,0,73,33,56,334464,123139,0.15831889585260706,0.121308825629326,0.0339276169747436,0.020128681788151293,25689,13641,0
2,93,0,66,34,62,215472,110360,0.6728352653403891,0.1964648570154777,0.04012157465823274,0.019752114771206964,27256,4771,6
2,94,0,60,28,20,221891,192025,0.3327207883688492,0.11716280272526922,0.032407938335885775,0.026138161902658386,34010,12756,3
2,95,0,86,56,42,349726,210140,0.4006111623786318,0.16205596217035956,0.026517403491574065,0.025589567705377562,39351,20807,8
2,96,0,83,52,32,275792,191425,0.6993708047433697,0.2176429019610895,0.034616401089296756,0.029011196295466904,35366,15912,6
2,97,0,93,26,53,306169,168579,0.2586502106376637,0.15617128697815078,0.030483685576837245,0.022432019001054716,9851,17655,4
2,98,0,48,26,39,128838,251096,0.479353832477039,0.1366453582011935,0.026144940700009063,0.02058247448924057,18234,9524,5
2,99,0,90,54,40,247669,216024,0.2473039199399265,0.06900781037790327,0.02794958936669772,0.016410590023029414,32778,10501,10
2,100,0,100,45,47,468077,154394,0.4011254636290936,0.0998707916427028,0.03166165631827141,0.020690637945028206,16159,14381,1
2,101,0,68,51,35,121919,157641,0.513186975069788,0.14943532777159138,0.033295093702382275,0.02082485337133984,10956,16749,14
2,102,0,100,26,65,474962,161891,0.36678915935746503,0.26852188041489566,0.025761090574279607,0.01846888536918496,38742,18042,11
2,103,0,71,11,47,326121,182628,0.7184205248043881,0.18352826117357918,0.03594462675866963,0.03228852990860082,32577,15175,8
2,104,0,54,26,53,246701,201759,0.3977692031701499,0.10749243045820386,0.02529513103864665,0.020886336134775862,45486,12194,10
2,105,0,70,50,36,279557,220669,0.2762228519106243,0.10360074695530344,0.03694929775242004,0.02432463662879023,39714,12410,0
2,106,0,90,71,38,423051,158833,0.20808480792820064,0.06610361506957384,0.028544872332789087,0.017105435167425843,23773,11575,7
2,107,0,62,33,52,72250,132181,0.3066771012183792,0.15732970111731318,0.026529119039351602,0.026614340151752163,32466,11314,7
2,108,0,65,74,50,441542,219674,0.31256356105685495,0.14087387808669982,0.027537130209783118,0.022626286269916536,22084,10696,0
2,109,0,83,52,21,326564,241445,0.2065871213169238,0.08604411754484217,0.04242241659908323,0.018960647218115786,13867,17693,12
2,110,0,75,19,41,401224,285507,0.21053629737922547,0.07718348850373336,0.04109193157989092,0.017802761510575613,41955,15260,14
2,111,0,83,43,47,125167,220237,0.21289540134454835,0.10115884824102374,0.028615109666159922,0.021598022176817326,28056,17652,2
2,112,0,78,52,38,277253,163503,0.25043709710900464,0.10842003186495115,0.05950563901243869,0.025040751471518942,43478,13537,4
2,113,0,82,3,45,67164,230533,0.29397300998093684,0.13018547985280327,0.027365321655281404,0.01696616107981207,31085,14574,4
2,114,0,68,49,38,419758,192458,0.35070270185389724,0.13814547082998402,0.043192242422655486,0.02496488511915684,32780,5800,11
2,115,0,78,57,6,201729,132738,0.4869693546246303,0.19114236002541776,0.030520455133479518,0.026540393058453248,35767,18773,5
2,116,0,61,45,20,200259,197576,0.38829298678111784,0.15453756893147388,0.04986072611278753,0.020119655248185778,28163,16936,13
2,117,0,94,39,54,106557,214130,0.5447456128661203,0.16056587927968968,0.036859442582772226,0.02052065190194231,27625,15636,1
2,118,0,65,37,36,344436,271678,0.4456514779451429,0.10837521541459844,0.036789309569012364,0.02635463353294654,32422,19581,7
2,119,0,91,36,42,307189,203567,0.3580482208147902,0.12284800913187963,0.03717451453285912,0.016705304193158986,42460,23507,1
2,120,0,71,22,39,225212,159233,0.30149506915690344,0.14194444689379385,0.05280890630331515,0.016047846178153632,35048,11080,12
2,121,0,78,29,27,326310,105654,0.595868081375085,0.14565957725226386,0.02940013199806905,0.02347399217788974,30171,22079,4
2,122,0,67,33,32,222006,138545,0.29001732417845744,0.1210712880266878,0.04130773367385769,0.01955161205524239,25892,21317,7
2,123,0,59,41,44,124071,151488,0.5880592777093918,0.21801021990399688,0.05559879314769922,0.02581414069635337,28818,12931,8
2,124,0,48,31,46,263620,283312,0.60829200552104,0.16490214270001982,0.024414513164092478,0.020380297178362452,21363,9542,0
2,125,0,59,26,72,464471,190451,0.28099436347617024,0.12164822625154584,0.02590782049702318,0.019571507342612364,20177,16406,10
2,126,0,70,51,32,397166,195520,0.328590242595235,0.1040230952533855,0.053350764686978074,0.01832869085887454,27623,20656,11
2,127,0,78,45,65,345537,255059,0.4124916392693413,0.143108576051071,0.04350602122650088,0.025457222804775075,30059,8703,12
2,128,0,90,31,27,324402,230131,0.44242991923303326,0.1499052948933466,0.0326882821701084,0.02176213580119769,37271,8764,7
2,129,0,68,47,47,263666,186896,0.33117254472031527,0.10583802402417336,0.04386195440798249,0.020398369638859676,18708,17928,8
2,130,0,61,33,42,373597,257323,0.23883324801663966,0.10391403791095394,0.026133174263484656,0.02556756802510425,30105,15690,14
2,131,0,53,40,38,356532,165799,0.3212850081965859,0.1479137983655621,0.04654409777976099,0.02344459096989493,34269,19273,13
2,132,0,82,54,39,291688,214183,0.33978995666668327,0.18404908648538654,0.05709985943699005,0.02070194397623564,20186,16457,9
2,133,0,95,30,30,319908,137237,1.4279136332706575,0.31209263533392967,0.035356064945877806,0.01723421419461678,25399,16845,12
2,134,0,93,22,53,139413,213010,0.35247905233705623,0.11627817086943885,0.03259206276711091,0.02368530499454707,37594,15808,11
2,135,0,85,37,27,251970,250887,0.4538071880798507,0.26923679736028333,0.03422380054620488,0.020148070212303873,29408,15199,11
2,136,0,84,19,44,180689,243565,0.38575797413148355,0.1351562599611086,0.026664448586466775,0.020734743880250553,9830,18282,4
2,137,0,100,35,51,178782,245107,0.4577664064383857,0.17688622865113007,0.03123037554132411,0.017501080513523778,37741,8239,5
2,138,0,79,35,60,347027,344388,0.6007374198982325,0.14405548773337296,0.035913228440693765,0.0179597710415217,30889,14771,14
2,139,0,84,3,54,173539,186621,0.3642550868371371,0.1621026385398515,0.03536368497992223,0.024085200328592557,13940,12798,0
2,140,0,70,47,48,376808,154812,0.4823133920146603,0.16957429873122018,0.03141210514427714,0.02305510982979691,21221,12511,9
2,141,0,54,37,30,403200,222802,0.8148564713527732,0.24751194176723168,0.02472611434628645,0.016621883409863897,28737,18133,7
2,142,0,64,57,28,293829,155983,0.42902299108351855,0.17420612707443867,0.03721163468776944,0.02008735347171223,33123,19079,8
2,143,0,74,43,22,239448,143354,0.8462632213444284,0.2686559018818835,0.03480982932245998,0.02069602112956021,40285,18928,12
2,144,0,75,51,21,403102,187379,0.47169739863196547,0.10637054975141469,0.039622962099104694,0.024636863074738315,20986,19060,6
2,145,0,100,57,39,355236,299013,0.4588545063851537,0.11710064217224134,0.018298751395245064,0.02068158631588192,25486,16389,0
2,146,0,76,38,29,419517,234451,0.2922487358520005,0.12813948188354002,0.02023611349770877,0.015341704518103037,38836,7857,2
2,147,0,92,39,57,191849,219024,0.3761012337449745,0.2042720036779206,0.03931996591554454,0.027196275290131976,40449,13756,2
2,148,0,68,16,31,273965,116360,0.2800373946870357,0.1087080687280551,0.02467467310798453,0.019014505168133983,26766,17207,0
2,149,0,70,58,41,278143,168853,0.4697632209123904,0.14026780181272294,0.03473174875522938,0.015504258220910533,24672,15745,10
2,150,0,55,37,36,320942,271627,0.4906332035042712,0.2542915124560683,0.05672471283806458,0.01949763436459286,34998,19457,8
2,151,0,63,24,18,362488,186501,0.5095971664366598,0.17178980988017892,0.03366326111526661,0.019837720476647516,9287,16531,10
2,152,0,82,51,56,313783,309746,0.7026327803887917,0.25098185946332624,0.049756766764406275,0.02192637846433037,29864,15491,11
2,153,0,75,7,50,433540,222402,0.3420697646876538,0.14315695187540942,0.035884189782342986,0.015656706561672146,29730,11022,1
2,154,0,89,33,52,262525,192476,0.6012125571138568,0.16850163528689932,0.025492786374401763,0.02141543858347869,25321,13324,10
2,155,0,77,53,48,195098,184301,0.21769303885663224,0.12194191501664095,0.02993514920823673,0.019282175064534196,34716,20117,9
2,156,0,69,33,28,233433,196747,0.384978561803556,0.10995374013148353,0.022255494611959536,0.022988886445579323,40918,13476,6
2,157,0,100,29,28,220992,127408,0.40765028174293644,0.1762416835617297,0.034738499424097305,0.02025772404878062,20240,19007,11
2,158,0,73,33,46,254407,248653,0.728468457282149,0.25606518948756213,0.04030648083425344,0.01982113556123622,22720,6223,7
2,159,0,92,9,63,273081,222084,0.27681336002422,0.10840737752236033,0.024889973347559078,0.02127289477847659,36661,10860,9
2,160,0,68,50,45,277322,187190,0.2514363558021931,0.16209172685710008,0.024497972912205863,0.028333031371214887,15476,6933,5
2,161,0,85,38,54,323192,194424,0.2822964139446377,0.09699816691914319,0.029522483132355157,0.020346680606207916,24675,3612,0
2,162,0,88,35,32,253890,240489,0.26875876282044275,0.11072998980667952,0.035904876642143924,0.022416855073597905,51682,5854,11
2,163,0,78,35,56,404880,301488,0.3705265510877555,0.11836217582476566,0.034874171949552966,0.026612505331520726,31891,14177,14
2,164,0,39,40,33,106180,276578,0.6033023589367488,0.16991983563160898,0.03013159141597217,0.018813065263947833,27161,22268,11
2,165,0,75,49,43,77314,209287,0.4116484923827145,0.18627919244067725,0.05057641250714657,0.02513974746454012,12756,6985,4
2,166,0,93,39,34,400130,158869,2.0535052481275473,1.769343757060721,0.39732253753469626,0.035711955254381866,5932,15108,7
2,167,0,82,19,53,392273,123334,94.08888069235113,68.7146621775707,15.785250028823041,10.394484031973057,40632,13870,5
2,168,0,81,48,53,423902,206134,70.58237956170949,22.033103389526822,14.151815533259812,27.359975918703963,18365,15248,0
2,169,0,49,47,17,363672,160838,64.20530385012478,27.860160795054906,6.9190175751721315,1.8246364628539908,30454,13883,14
2,170,0,64,43,59,300252,207759,0.9725649615854085,0.5889090649761104,0.17078785822278447,0.02013951450086461,42743,11619,5
2,171,0,81,56,75,274157,214532,0.3120091311463832,0.13265981407476474,0.027811337550829502,0.02386779400546162,25019,3788,0
2,172,0,81,40,34,139786,235846,0.34648960860789074,0.10365516409675726,0.030594397348860162,0.023000764233057934,25403,17840,2
2,173,0,93,56,38,314767,141423,0.883073932757414,0.21863747349543736,0.04902362012228117,0.024390619237322445,36960,20117,1
2,174,0,72,61,58,156320,155643,0.32378184426923245,0.15347584808726725,0.03636066912190653,0.02155502192520453,43548,14847,1
2,175,0,81,48,41,546611,184290,0.5247883407311063,0.23154657611888863,0.03958089299101583,0.022070279809510304,38469,15258,13
2,176,0,75,28,39,196795,213025,0.20604771471172406,0.11569184512233081,0.018942938130000343,0.01685167770969035,44703,8210,10
2,177,0,60,38,68,292456,210079,0.31544912751937304,0.12353463109722732,0.019300040695502074,0.019302510802141376,6924,12493,9
2,178,0,41,58,19,450641,328903,0.3230841101558529,0.15370185693790556,0.041617211843382754,0.01924947601664204,34213,17649,7
2,179,0,81,17,28,263397,87036,0.3138560019682828,0.11947465737041689,0.02351827173632082,0.021715819930082366,42841,9933,6
2,180,0,77,34,46,264071,255511,0.40260117549231866,0.17818720960559473,0.03437750674633162,0.019135655239924207,34503,14445,14
2,181,0,65,34,15,41321,252935,0.2143689198145982,0.18545006033468056,0.035051321441217434,0.024355860484220674,28560,25736,10
2,182,0,50,27,34,169022,154235,0.29787879859580707,0.1774792352918388,0.03707225282224404,0.01833950238822315,17749,16071,11
2,183,0,84,53,34,356153,176383,0.2810195722601831,0.16992717546461253,0.04692322127746106,0.017437395014979967,22664,9365,3
2,184,0,71,45,54,467283,288078,0.3633369647894195,0.1588596523312722,0.03676668546177601,0.018835413092533074,44995,28932,10
2,185,0,83,29,50,210884,168891,0.5116573419143217,0.19934278307605077,0.026176361931452122,0.01907046230420836,29638,16862,4
2,186,0,100,49,14,319673,169722,0.39679164451982596,0.10211192971416147,0.04287336814756462,0.021660754410461676,23697,10891,8
2,187,0,42,37,29,570845,205996,0.5047302193146873,0.1861952306415977,0.031222211135622745,0.019421876517087242,14489,14496,14
2,188,0,64,26,29,356680,225617,0.4364642307770798,0.20337737401936826,0.0346221572088596,0.017755002375662795,34658,6495,11
2,189,0,71,29,36,397607,249877,0.32163305519938035,0.13022019783758257,0.05207972172426368,0.02783187578206673,21944,10897,5
2,190,0,96,46,23,223392,252034,0.4709025359141218,0.24055081601477388,0.16293327447665312,0.0560101317305666,29679,19364,0
2,191,0,50,54,46,455237,239092,92.56025175362282,32.216697821932925,6.916551959645172,2.706353688026833,47255,8818,4
2,192,0,100,32,29,230768,104599,215.17427439951004,63.15775864216609,25.97024277553714,19.16088177382578,37967,7929,7
2,193,0,77,48,48,213199,197932,11.723331257652944,12.753382141794182,4.560907358922045,1.9039312185438861,43096,19705,11
2,194,0,73,63,39,447937,233243,13.273291035351724,4.868385563321761,3.3431320427954443,0.8392766145080632,31437,25982,6
2,195,0,72,21,25,236306,234237,46.75533099316879,13.419487816095716,6.889467675645818,1.5408518109395606,37129,17753,8
2,196,0,68,45,60,299632,164501,51.48579450318581,40.03650960610457,13.759498997242655,9.070116223425817,43299,23843,5
2,197,0,90,52,61,462618,148866,31.271043982288862,8.318883723982816,11.311979408452034,4.427474555888012,21710,9261,2
2,198,0,58,38,44,208587,145422,1.8819063165181213,0.8578984257844998,0.46706616271256984,0.07653849249376934,29631,17318,2
2,199,0,80,58,36,276319,223276,9.69779365127384,3.7597257400571036,1.8198585634179045,0.45170579066874855,23108,20647,6
2,200,0,69,72,24,238978,250362,91.51031531153274,39.02912457542243,16.791925422022626,4.8093750154697785,23912,12455,5
2,201,0,63,45,56,267127,207093,148.7573581674184,101.5026737817209,26.868517645516512,5.900508322326551,28519,10243,11
2,202,0,100,36,52,303924,146503,113.2911882648162,54.24654313025998,30.641756641404875,3.3516679780680256,20463,14474,9
2,203,0,81,54,27,434009,208980,26.85636323557029,8.170650675852176,1.7753356313720723,0.6654512236453228,26297,16760,4
2,204,0,84,52,29,464229,152405,0.8478064523318941,0.19143750867379564,0.03934844945186207,0.01857946285266645,36859,13864,12
2,205,0,92,2,46,315583,163150,0.3728520547373123,0.10662094887329311,0.02826141824368648,0.02257582649903712,29035,16042,3
2,206,0,53,39,22,227341,181569,0.35890149406797384,0.26631596257704865,0.046562441133877495,0.021792750831666402,22242,8737,7
2,207,0,100,34,30,367803,160073,0.22766268642598336,0.09999587995076824,0.030872976191815844,0.021745216574206968,37863,16493,5
2,208,0,37,45,24,300526,143489,0.5186050227929605,0.13396598457996575,0.026829071761407523,0.0234689709801138,20836,18790,7
2,209,0,63,37,24,303789,277468,0.528253929736091,0.12002922646862717,0.03886146388858647,0.02052734436247714,18955,16380,9
2,210,0,68,38,29,196817,105607,0.31773984928352345,0.12456565412386703,0.033026020860612786,0.02379542747078144,42009,11101,12
2,211,0,83,27,53,138291,170421,0.32418502796894744,0.09083138568928242,0.022901723994605983,0.022207715181207264,38453,6935,7
2,212,0,78,51,13,298108,189210,0.28091632340196854,0.12655790974187964,0.033868258619352026,0.01854720797620654,26598,15477,13
2,213,0,72,64,46,193054,261398,0.3896348551321125,0.09700899693873648,0.0513037661009225,0.025486320978174316,48955,12141,13
2,214,0,74,27,43,246973,214733,0.5981508735299644,0.1521863775922003,0.03554454233481475,0.016068192411939287,24345,23099,9
2,215,0,60,19,54,448266,185922,0.3270051516419568,0.08242607399704699,0.06372690301413426,0.023635736537337144,36820,22094,7
2,216,0,52,40,43,292984,162940,0.20990893876054487,0.1181827511957059,0.04621768244184204,0.019979656741904314,14195,5664,9
2,217,0,85,39,34,410709,257363,0.2898278110486106,0.11919288861425746,0.025259361505682483,0.013214841420437233,19848,13677,14
2,218,0,85,57,27,329614,159668,0.5752157656565895,0.1515887824875718,0.03353465134959362,0.022125415891395946,40290,11207,5
2,219,0,98,21,54,358383,210557,0.38531628560906755,0.1390251560996859,0.036156788846556986,0.026189467472056107,44206,9063,7
2,220,0,63,31,47,244996,191530,0.40219435885700683,0.18640830106387576,0.045199999094928806,0.01913200001798518,28498,14154,11
2,221,0,85,7,32,415291,224002,3.693573451457636,1.7333966288252662,1.281695760186985,0.37310778026794594,52796,11048,8
2,222,0,70,60,53,331082,278555,69.20772087255249,25.71469687633425,15.867504745041282,15.837225129538963,43090,10432,13
2,223,0,92,43,33,273559,235274,224.04751403589944,64.31597992251916,17.17816502960266,19.990477425196737,23036,9912,4
2,224,0,90,33,39,331029,193554,122.85844460096307,68.99663833173928,19.468190667905127,28.127628747689645,26218,21634,1
2,225,0,78,20,30,228475,283785,151.14925343874677,92.34294848107004,18.420480587629307,21.33400930452875,16138,14008,7
2,226,0,69,21,48,270631,278990,32.21080309917753,18.593771242776437,6.339822328743913,2.0848264598994466,25572,14687,2
2,227,0,89,46,25,294472,256976,382.6845050816746,179.16890235777382,22.179691548125188,8.986817897516495,32392,21305,4
2,228,0,84,23,35,247431,214101,109.29077213476735,45.73060882678057,20.3235170487193,5.465912811766697,30403,13418,3
2,229,0,64,41,30,455872,161444,164.770414599629,56.48998642906441,16.47757015904779,19.446256211466658,30308,16599,12
2,230,0,55,70,43,258481,81697,52.47300350447993,27.605291067710045,20.526247281559996,34.06075173968841,39973,11382,11
2,231,0,70,34,45,508251,210571,65.93235408777045,24.79057605796394,14.582187111254084,4.89264689152852,31666,12517,12
2,232,0,97,25,23,306726,238699,52.5941166790837,13.929987030436813,5.332503558177244,2.0692635702877156,36850,15609,10
2,233,0,92,45,46,276567,133144,43.52920159735412,41.24089613749816,13.201616208472515,5.208767070875388,34466,16000,8
2,234,0,58,21,17,249557,220774,72.04321850386162,35.50098061140649,38.772664155133064,13.241744296315801,32868,18727,13
2,235,0,57,65,72,342240,177728,85.4643489520746,60.80225773382925,19.558341701715044,25.183100977867007,39216,20355,7
2,236,0,94,61,32,389419,225512,87.33769240510449,92.28293478580333,21.00221282696611,14.947205828919566,38020,14733,11
2,237,0,57,37,55,46206,169172,73.81699874433617,21.852571088260067,15.897464737693763,22.965619685572708,18736,20401,4
2,238,0,82,26,43,300488,163697,205.23246202953965,59.6858290315148,26.995219822506044,26.533276507733603,48189,10886,11
2,239,0,65,33,43,101190,196945,62.98012738934986,29.34995252834136,15.326312880053937,18.784880916785102,31204,18531,6
2,240,0,99,35,22,398182,141180,233.2972091425087,46.93162670209598,11.13489972263174,2.9102761807309263,20492,11324,6
2,241,0,63,45,52,399968,248078,22.05314683329501,12.137779894553592,3.1100833966005186,1.4500113236745662,29350,11497,13
2,242,0,92,55,40,304097,201012,59.963644215596815,46.01153129321419,18.134785612167693,13.341280851297393,32608,20156,2
2,243,0,77,24,47,320839,142770,211.1516713128704,96.19635394423294,11.92374219712007,26.811327584365923,35877,3836,1
2,244,0,78,55,38,157023,169221,149.6702419332015,46.765232596626745,12.183948064790457,19.560840235598075,39605,18312,7
2,245,0,45,49,41,245271,229511,81.45807630974144,51.1208901436119,23.402922151443015,17.81205635356817,37679,15991,4
2,246,0,41,32,26,238781,184928,67.58943505226179,48.655220156688365,32.74784801083683,32.40182127744156,48383,15841,9
2,247,0,71,23,37,255099,235495,314.4263314382568,98.49404773611056,12.29238274959206,31.80976196803425,31057,23091,11
2,248,0,78,41,33,387217,150243,246.07764048339038,60.59749404722611,25.228782647945884,60.58332091187078,28410,9634,6
2,249,0,58,24,29,428170,186014,184.52043163553222,104.20303885921906,34.45280543733423,29.40313382783771,15325,9115,6
2,250,0,58,55,42,361057,196389,228.76714720798228,83.14624087330125,45.69919566194648,73.20337795241444,39699,20548,0
2,251,0,83,23,45,267659,311345,420.78543969932906,182.4934867994532,78.69752602037902,84.50843162712737,36095,13945,0
2,252,0,83,48,43,225383,163602,216.6510121720294,63.986141748465734,35.67910793131313,64.8205326954074,24343,21065,14
2,253,0,72,38,38,309052,231326,295.1298675207178,185.30934290918444,35.10153893370529,33.45694057783471,32428,18293,0
2,254,0,86,31,46,329652,223573,81.42012395085753,57.702347046099135,33.1748565911073,13.614743754687526,29898,16652,11
2,255,0,57,38,43,277901,287389,53.20404330820844,23.70287458237682,14.445936032213858,2.6039099742735767,31751,13958,7
2,256,0,69,56,41,234093,267978,423.8416071051812,84.99217630951084,36.404872311876126,11.20155676677267,27257,13737,12
2,257,0,99,22,42,361525,176872,137.24354873479754,37.4559022688366,14.333473694629902,29.013683737629187,31130,24931,2
2,258,0,76,33,57,371352,147534,117.32531472672234,93.92459617969537,21.470959046727987,34.2084875669378,14810,11940,8
2,259,0,76,28,21,168806,129212,127.3946525232911,96.87969163737313,31.097704817216357,29.92925132233298,25942,20202,12
2,260,0,100,39,35,261626,211798,256.81869545640393,109.75275724879432,39.59626094854242,25.088914533543715,33079,10386,10
2,261,0,54,29,45,377790,250690,469.5450164128271,193.98384806971117,41.01184545230163,41.46839209356033,22948,10539,5
2,262,0,86,13,16,398858,257190,481.3902149496573,114.16773328693796,15.48843412678557,25.52799801814859,33890,15913,2
2,263,0,99,24,60,306456,186945,578.1803472021161,186.8265343624087,42.636280285725285,41.216447634791656,50652,14236,7
2,264,0,70,64,43,336533,202218,221.56883435804917,141.97349052269897,45.590688411982526,21.308356462165285,18453,19804,5
2,265,0,87,43,54,325253,271302,67.0103672445377,30.55031158548292,20.895598565854044,14.431600919002754,11672,13612,9
2,266,0,60,43,56,395430,161840,539.8380417911086,209.04195753347466,29.871627473773867,19.117634670345826,42059,12406,2
2,267,0,64,35,46,189079,76233,410.5724213892124,96.93426918197652,52.98488115333616,50.28690743834863,50930,8641,12
2,268,0,80,39,6,326760,257659,331.126826990068,241.932318847256,28.921942141377514,42.062044154273444,33712,26684,10
2,269,0,86,33,42,211114,141981,298.0199994037065,157.09504538426896,32.54486570180235,16.121454910708366,30062,7593,11
2,270,0,91,47,43,408808,185470,227.00981911880456,77.8663751609272,26.22792692551186,9.388704924581502,23545,30580,7
2,271,0,98,41,23,194165,222829,380.39596077268396,180.7358262509285,41.89438235736545,11.349923838948383,35392,18352,1
2,272,0,73,22,13,340848,176890,49.545680462853355,30.984759391942774,22.542566253336222,8.287651311196608,29845,17250,2
2,273,0,92,43,46,211649,254016,23.130302902551424,8.767997625170892,3.5562773580968843,0.9282472290325373,38493,7465,5
2,274,0,69,3,21,375242,333566,17.222611500262733,9.809186783128514,1.8433510444648478,0.3247849922279732,12871,17731,13
2,275,0,88,46,70,343928,159647,127.4427792512927,23.352904418154946,12.838936093041003,3.4037160574246634,33270,7240,10
2,276,0,78,18,43,323966,206694,532.3049065502414,130.23623182641086,16.407087689709993,4.187410887485098,21658,14175,6
2,277,0,81,38,60,496093,200249,217.5096855004683,142.35256901556673,14.051189547112864,2.250860585339806,39473,20493,13
2,278,0,81,22,40,229747,215640,176.31534513410196,70.70267649327549,22.04005531522977,5.7367740814269546,18549,7787,0
2,279,0,50,40,51,392607,169829,241.38570739695155,69.05679381914405,23.90329209448337,12.568898922338159,36295,18271,1
2,280,0,58,48,40,417201,167490,464.9175644410852,78.38634097255853,27.065580554523624,6.5967104349051,24178,13188,10
2,281,0,76,62,55,392635,168674,1.3135777949353284,0.3450328723674287,0.05575031669076476,0.024096310797607382,25652,17820,8
2,282,0,49,16,9,232265,176926,0.369670771125577,0.10408572505292289,0.04095832418154457,0.019149763796192838,38496,8286,1
2,283,0,87,54,53,276540,177717,0.24984161187941697,0.09751222476624881,0.02028749552533443,0.0162331237898542,22036,21631,11
2,284,0,88,41,50,239403,74739,0.2401970940425335,0.09613678508206476,0.026174612508303507,0.022338482746558985,14990,18470,2
2,285,0,79,33,37,270269,204430,0.6251127919555343,0.19542091724320504,0.031250815922039606,0.01925963025023296,30726,10793,8
2,286,0,58,51,33,215882,184940,0.21639057031146194,0.1737490312778841,0.037601061373963664,0.022896974557943272,23389,11114,4
2,287,0,95,36,35,263675,164077,0.3565835659295423,0.13265199194736696,0.036004544216067635,0.024030488671672828,16294,21350,13
2,288,0,100,50,44,446762,204651,0.2991888936947811,0.2109290012561864,0.03502265597464646,0.020821775614446716,33500,12864,3
2,289,0,77,25,58,268076,199725,0.3737031393663301,0.17466217926828778,0.02138463512696252,0.0211356659328619,32899,10788,7
2,290,0,82,30,31,310583,180116,0.259746892309669,0.1264805577040958,0.042294039137755986,0.01918114319651446,31168,17608,2
2,291,0,78,54,14,227456,200438,0.38797957422392104,0.18150715319941876,0.043563916237527346,0.018651020538732195,35076,18219,1
2,292,0,82,62,77,298500,170905,0.48295718803858306,0.19996780548589838,0.028357990823916743,0.018372708384709092,10049,12221,5
2,293,0,73,39,50,382667,141550,0.31804466680266236,0.07486351652910925,0.034291548226611554,0.020570566248265178,22369,22160,6
2,294,0,74,1,34,348944,298054,0.3310930637715686,0.32197701725560174,0.032007337440999865,0.017967462111073355,32775,14991,9
2,295,0,88,37,57,441829,175203,8.40058718095073,4.571092915471162,0.6584458095498185,0.2077604420775081,40360,19563,5
2,296,0,100,40,54,179019,213277,482.6498388789758,243.71334620381924,59.968799136358825,10.218092601813929,32399,19546,8
2,297,0,53,36,47,224363,329823,254.0080429421152,128.17081887562242,13.391864347600308,14.946842996616533,41682,8381,9
2,298,0,73,45,32,258709,179315,278.65625130855403,40.42554853322092,14.003288024892006,8.355061397465159,23227,20790,7
2,299,0,57,32,50,452491,223009,960.017846914944,170.25757109626807,44.89607989271627,10.55187973397534,23854,20113,10
2,0,1,37,78,77,988249,355667,0.26987346397509687,0.10336295387292294,0.035202960165776266,0.013054707321429888,14747,3249,7
2,1,1,24,72,79,880667,509081,0.30966826244855056,0.11643566757276269,0.030205917455709747,0.011216311508091327,19717,4649,8
2,2,1,21,86,123,938713,574823,0.4067997165795152,0.15180802084404957,0.039627836274876996,0.009775292328334887,11385,5453,14
2,3,1,29,80,73,412011,484673,0.2045988266421169,0.11226871264143863,0.03752037301126952,0.011354701633925083,14678,5960,5
2,4,1,28,49,60,892082,606915,0.4343495682628796,0.1042192836175758,0.048680269733529395,0.0146170703509021,6005,6782,12
2,5,1,25,57,88,815011,493767,0.6426695223295621,0.48859681317405973,0.17420245197687798,0.028535296480497428,9895,7515,8
2,6,1,36,90,89,874344,569602,0.736180015425886,0.2737945323657378,0.06450222400207099,0.015410310832328068,9685,1000,2
2,7,1,39,66,78,694184,488927,0.5439365913945409,0.15267359642818792,0.02539247275223438,0.011796612579088827,11924,3038,10
2,8,1,30,87,75,1030185,537934,0.29024443468366196,0.09535796265918157,0.02077263116117343,0.011944668566483043,10388,8326,9
2,9,1,44,67,98,850086,586812,0.2245774007620255,0.07960558168550483,0.021668332101558902,0.01035504359953977,23885,5698,5
2,10,1,18,55,62,651037,391958,0.29258921447090025,0.19394366946726324,0.035369810596123506,0.014093139629523818,13998,4786,11
2,11,1,28,65,73,686337,564731,0.1799981242684847,0.12767793233094424,0.04406898973375718,0.011698284269255633,16496,1000,0
2,12,1,22,55,69,980554,605431,0.2167032142109105,0.2068905855671375,0.027736105601266103,0.0109508077105705,11354,2409,0
2,13,1,11,61,101,782942,719038,0.2910699334323791,0.15341309531817757,0.032293928073045174,0.011133094397924181,1000,6769,11
2,14,1,29,73,85,799056,507115,0.2781510146149078,0.09343980756701414,0.02159751110477011,0.017657103860206268,12241,4063,13
2,15,1,28,77,58,760457,290079,0.4279127626595862,0.14180813323517286,0.05109340542874904,0.015137654299474097,15476,6089,11
2,16,1,45,46,60,1002226,321916,0.3932714567878397,0.09026664418458526,0.04035693121178368,0.013008678240460774,16967,4199,1
2,17,1,36,69,117,896465,411284,0.24154486663714983,0.08984950503759627,0.03972448890331725,0.013787074768671132,9663,9363,14
2,18,1,19,61,101,562573,628242,0.5761715924656231,0.17742783741181709,0.049248103138708574,0.018082022523250384,2823,4911,2
2,19,1,48,60,96,604845,719675,0.4819415582511693,0.2738701491605913,0.07380168897176433,0.01708003904109772,8553,2020,14
2,20,1,42,71,80,800913,459354,0.3932873084685181,0.17446234783939174,0.03565864180985125,0.01329813150646313,2750,6160,4
2,21,1,35,61,110,671391,505325,0.2929414719601471,0.12986457124217543,0.03250792671923354,0.012647780336018455,16435,5149,12
2,22,1,27,90,57,367893,241875,0.4470777194018537,0.16385691107809655,0.025528000370086092,0.012405221641369986,12269,3754,4
2,23,1,20,87,95,650994,565136,0.7166468651788916,0.2578134731946701,0.03694328171107393,0.013505861377632699,7437,5401,13
2,24,1,26,87,71,744295,513441,0.30409457497093484,0.144835936050293,0.0730531716955701,0.01126780158880886,13710,7092,13
2,25,1,40,62,75,719999,474996,6.328948802398905,1.4514899126873533,1.0411252648686014,0.4631377324179348,17345,4520,7
2,26,1,48,55,94,944152,403643,36.66663012709586,30.03565851246831,4.045068097608541,0.9120545657192948,13920,3090,13
2,27,1,45,71,77,353092,464759,0.5226414450185681,0.13365522936661492,0.07138642726221545,0.014233988092355059,19998,5413,2
2,28,1,25,67,71,645526,365476,0.4143356881091798,0.13883702941840825,0.024173465746121257,0.012661746559463593,5572,3715,11
2,29,1,18,60,70,959132,413924,0.2285695096002383,0.11730755130142716,0.04079630622842142,0.011437914950282858,14864,5655,10
2,30,1,31,52,40,666467,372937,0.38117161103806174,0.14179892489333024,0.04694614528024568,0.011955953343446814,2704,7533,14
2,31,1,12,69,95,557721,398306,8.824090979821335,2.2125986376934517,0.8546983034324699,0.2598416756846096,19469,2715,3
2,32,1,33,63,59,663859,384485,118.70315243773423,69.47857668770897,16.16247149631883,2.4382853191069818,13640,1307,14
2,33,1,28,80,117,889241,557706,77.63877292228385,33.36541968940218,39.132388678517636,19.189262478495433,8132,9585,14
2,34,1,25,79,74,749319,385017,399.64166769117026,104.07291929443439,14.535778194488634,15.913769855704619,4221,5265,13
2,35,1,14,86,106,655008,494769,256.56948377389375,71.53862610808181,14.176321894572219,3.900206438680142,7300,2507,5
2,36,1,35,51,43,896356,390804,2.9272906407244617,2.8873597037315006,0.42822768879769235,0.011888913299933737,8702,2997,4
2,37,1,24,76,94,874973,394726,0.5975707335105181,0.22678125853565542,0.04808074810552689,0.01189809742111211,11080,4050,0
2,38,1,18,59,99,547300,390788,0.5296676263913617,0.217440803234186,0.023937113545384067,0.01213029383628443,9914,5604,5
2,39,1,1,51,106,818957,597761,0.2910339817910035,0.13599808097870944,0.035088589521601966,0.01129777421136566,6832,1000,8
2,40,1,29,63,49,540102,481745,0.18976990773681351,0.11394282524264045,0.026084268458332165,0.012319287615572508,15787,6397,8
2,41,1,47,86,65,1034018,425282,0.20146178954510485,0.09894095933237478,0.04920387396395989,0.011748702603888215,1503,3625,8
2,42,1,46,64,91,1046239,399588,0.44976186984269406,0.11278984968600951,0.049055864561497096,0.013815755266363404,12866,7966,8
2,43,1,25,93,82,742465,365566,0.6546124137333017,0.17608182693417218,0.033356973813476014,0.013220382039437154,10928,5772,2
2,44,1,23,78,85,1012992,428164,29.80497599484018,6.189982820685863,0.957400403990301,0.5666269955867975,9965,6788,1
2,45,1,34,64,72,648757,356343,378.1652710514914,174.78897237396512,40.30014167957162,5.7158745559678765,13150,4531,3
2,46,1,20,87,111,772023,456537,60.101911086012414,40.82776288413012,12.86049962486024,2.802511082828703,6661,5490,12
2,47,1,33,76,132,683042,429218,141.4980558443955,29.98156374927757,14.482584477090132,4.844479079068155,6151,7768,6
2,48,1,37,56,82,795062,422077,161.05782634340696,56.158089203262115,22.1872549180854,10.790264400393202,8552,3295,8
2,49,1,42,97,89,813249,623822,142.30543269482044,69.03737917016038,27.848152504820955,9.444957087365358,7367,5884,5
2,50,1,28,73,81,799467,475597,86.60550944675003,44.495115919136474,3.3620386550541412,1.5449383749162329,8815,6071,13
2,51,1,27,70,105,781963,481791,279.56083997752006,79.41395369401002,21.017518717035326,9.522339167926207,13600,7724,4
2,52,1,21,57,96,825457,628198,49.988296208363316,39.469239879440124,9.808312391773658,3.2821265041123953,10552,3718,14
2,53,1,21,87,58,1051078,364125,226.33820102609275,133.1025453912661,27.56884461865319,8.878974616500939,10148,3303,5
2,54,1,27,77,67,397824,451296,45.87036574094334,27.752178293206732,6.600509737320653,2.681448987658512,11156,7378,13
2,55,1,33,79,59,1184184,345076,23.94968357660934,8.773857490698447,3.3645339491298136,1.5405864783693999,8348,4549,0
2,56,1,39,62,133,729844,507027,1.0850795324634945,0.7442804458461377,0.5824784754328627,0.1595413434738797,14517,3202,13
2,57,1,21,82,92,784419,560714,0.29426555153378786,0.1117939216560155,0.028102088836781468,0.01237766524463996,12827,4009,11
2,58,1,44,83,68,1065860,257509,0.12517389089034725,0.0914027670792964,0.028925058150603682,0.011782602378720418,10027,2228,5
2,59,1,27,59,66,921337,585999,0.18109481265032976,0.12111371023545235,0.021638825023555283,0.011402990491679817,4337,4944,1
2,60,1,29,48,96,907003,531103,0.21954967579635434,0.10412367711862988,0.044912015440286876,0.012875731696316579,16546,1000,0
2,61,1,22,78,98,1049126,503648,0.1661950397344752,0.11850717871782762,0.02218799058055428,0.011817705721648308,13322,5531,11
2,62,1,5,46,95,767048,375815,0.26542236439232536,0.1123297525167399,0.03752518781896591,0.011496008206980043,12835,1916,9
2,63,1,38,72,71,983803,577194,0.41098750920391786,0.19025375621606982,0.036243045831565596,0.01113902780594489,18496,7537,11
2,64,1,37,63,86,547902,668289,0.4775110656653628,0.14188149363525837,0.04905348465084855,0.013107398340693511,13477,3588,3
2,65,1,27,88,82,883504,459251,0.25765728303261476,0.12914524763152999,0.07753359190673438,0.016848308022205973,9757,3343,4
2,66,1,30,64,61,912363,468254,1.0429678048374131,0.21225742846056825,0.04342629704862664,0.02704038360505745,7446,5084,0
2,67,1,35,86,61,1029209,502274,0.3031787069192642,0.1592190421343192,0.1003518879142121,0.017904577086223068,7251,5786,10
2,68,1,14,62,88,941566,460054,0.5934256991299107,0.13420089927366244,0.0900038338739709,0.01788849347669482,11378,5070,2
2,69,1,24,84,83,840896,482183,0.5223795684022801,0.18250514907717288,0.03619882974635478,0.012974919265343051,14833,1757,13
2,70,1,37,100,91,736478,602849,0.46932008064430214,0.11242652884637674,0.022383820437107925,0.011925488364443957,14889,5235,8
2,71,1,17,53,95,734251,493368,0.275893134918489,0.11002945071008491,0.04740437255601598,0.014398805799949836,3097,4842,14
2,72,1,32,74,109,735943,529004,0.19242136311985447,0.09447972247359378,0.08276577888407449,0.01573956465209591,14622,4765,11
2,73,1,16,100,64,540424,703318,0.2143298513554486,0.09715571677106091,0.07540074492762763,0.01742413018013673,8518,6157,8
2,74,1,34,70,92,1148685,646430,0.2274226058531527,0.10407391870644732,0.03329301591252571,0.012377469108657677,7058,3453,8
2,75,1,29,70,94,999735,395331,0.4702515280736543,0.2623997383801677,0.04881610537148078,0.014112731411156258,11830,2734,1
2,76,1,13,81,73,850900,674431,0.32484937990026896,0.12200089554004645,0.0496445708318922,0.012681866207131375,13938,6229,13
2,77,1,41,70,82,962987,637689,0.23544271871998165,0.13438487370448446,0.02570007928719271,0.01542630110749466,3833,1101,13
2,78,1,22,44,74,950610,649438,0.32672779156834003,0.10528842922229385,0.05746609839069862,0.014079944923602221,11086,5566,9
2,79,1,21,86,122,601404,437450,0.2454441059669317,0.14754884381426925,0.033842563701780085,0.013677420894551442,1893,2575,7
2,80,1,32,39,82,927350,521155,0.39056934843954755,0.10467448928637467,0.021332568221806552,0.012544791044276539,13959,7804,8
2,81,1,41,63,89,1053949,460837,0.2001442478560683,0.0775602247538359,0.025387810757195556,0.013627999975088026,4452,2089,12
2,82,1,19,88,74,664421,512103,0.3963281181497567,0.16021204508847664,0.023903505412707346,0.013072462427134113,10953,2132,6
2,83,1,30,64,70,493259,675177,0.39133101884169896,0.18366520545670942,0.033608992819575904,0.011802395080305228,8167,9659,12
2,84,1,34,59,53,567591,514005,0.4219761992957816,0.13964009715492365,0.03102108147328387,0.011208061845694941,7147,7525,9
2,85,1,36,83,101,780731,328007,0.6764623372415515,0.2100279311039249,0.028859269005794292,0.012480108811850632,1000,3386,5
2,86,1,31,57,95,556049,462689,0.24797257333853506,0.08107498295229551,0.026144475949118465,0.013027570857053477,3004,2527,7
2,87,1,26,51,73,765598,434546,0.552777548410343,0.14170553709708858,0.027030233889184813,0.012034205047754782,9624,3147,6
2,88,1,21,74,61,669057,678981,0.30029415016446986,0.12444647136172238,0.027141280976702212,0.013504255219325363,5349,5720,14
2,89,1,30,67,83,799840,418688,0.6029412038358843,0.12583485552228235,0.03747988078575314,0.011471603264450824,8406,5568,13
2,90,1,19,51,70,698067,459281,0.27185686648403196,0.14967740964157228,0.023487687794315527,0.011006398097021032,6065,4202,11
2,91,1,1,79,75,792804,462741,0.2605448950665259,0.10745500954823128,0.024898075641919412,0.012511020047017136,8608,8431,9
2,92,1,34,76,54,920503,659960,0.4390739333640662,0.1349217270071939,0.04271217050786997,0.013352189144641254,3991,3427,5
2,93,1,39,64,84,608388,596037,0.4713965037397601,0.12250843532936072,0.035382729922710285,0.011101747043719946,7619,1219,12
2,94,1,6,65,84,856267,556797,0.22005581656221213,0.09022611913498789,0.02354005443246514,0.010921685406752028,8660,10339,7
2,95,1,19,77,101,629549,523289,0.2704927146772616,0.077518998895751,0.021555175506460366,0.012009376063515589,10147,6829,2
2,96,1,36,87,76,798849,521508,0.7520754537091389,0.19701342597218138,0.0458363902694862,0.013382882474999913,1000,4589,4
2,97,1,50,65,73,783628,507614,0.16868315737478037,0.1767839202609513,0.043140702359109384,0.011962789791153318,10256,5417,13
2,98,1,30,79,48,871115,705529,0.6277764375244769,0.10805057550819323,0.03353547196754382,0.012338640146903827,4440,5241,8
2,99,1,22,78,102,836925,373293,0.5648329213642493,0.17327426185538566,0.02834588351309472,0.020537736245487763,3169,1754,5
2,100,1,28,83,97,1047776,223455,1.0122673009719492,0.2485461550598963,0.075007755774886,0.021411496751623443,16156,4966,0
2,101,1,43,70,80,794787,544302,0.31335101499648477,0.14385861083628276,0.0206772327181313,0.013255404655749195,13647,5864,3
2,102,1,23,56,53,674499,640272,0.5042701750822841,0.1179769441767027,0.03835818193347954,0.012411737636450657,12754,5766,10
2,103,1,22,63,55,985945,518555,0.5125230950921972,0.11690447808062632,0.03319895292566876,0.011907488083702737,8896,1000,0
2,104,1,25,75,69,866196,301991,0.22166302535774096,0.10497495574836464,0.02592251236403525,0.011676757674100261,7095,5376,4
2,105,1,20,97,99,976829,574581,0.20860168677098048,0.1238101812536859,0.017926671842119192,0.012758605422508635,17436,5929,10
2,106,1,31,62,85,776006,393511,0.25953551879589504,0.08938958816446783,0.020837344087103266,0.012087434023919194,10674,4898,13
2,107,1,46,82,50,538260,371637,0.21526470054268268,0.13612452298951266,0.03577512772274637,0.01278953109157008,5505,2570,0
2,108,1,33,65,88,1248782,402222,0.38818824437002203,0.14612406672579484,0.02608588258460411,0.012391989419117332,5025,7622,10
2,109,1,27,71,63,679471,339134,0.41621843454861557,0.2181820693873961,0.031711304248527396,0.01610572814510133,11555,4933,1
2,110,1,27,92,69,567815,520333,2.3842250169228856,0.6023124420946174,0.2261014151797421,0.023279603883993874,8259,4572,13
2,111,1,14,81,99,943397,435216,254.57686991338593,98.85963015148262,7.3898249641233535,4.377310362949789,15166,4688,2
2,112,1,38,51,95,610969,366950,285.94296061596526,92.52954365380809,8.284107348454594,3.272740521680875,10360,2069,2
2,113,1,29,61,101,721519,737987,1.4236547613830248,0.855750337947057,0.2225057790666201,0.1060080678228758,3996,8910,14
2,114,1,28,88,79,824914,446861,0.736674394043323,0.18648911588852554,0.036683315938667097,0.016632261188351004,19304,7259,12
2,115,1,61,72,97,771336,505172,3.2699306709520983,0.9893821357877256,0.19560524142273966,0.016118277063310805,4897,3619,4
2,116,1,32,52,68,727317,655402,45.394561644457255,24.398152001325105,7.949354320600214,4.198633432676309,3889,1152,5
2,117,1,22,57,74,1117937,567749,16.641234545403787,6.300041172582595,1.1694349847341388,0.12227354942625557,9580,6053,0
2,118,1,25,80,73,777707,690845,0.2173058200904461,0.07384072466475343,0.03594932959038227,0.015978523660688772,12328,6496,1
2,119,1,41,84,80,620114,430388,0.3055384250256426,0.09953006422340216,0.048899831953600044,0.01727448354718765,5503,5130,13
2,120,1,31,70,54,995390,604742,0.2802064421647277,0.11217641998376457,0.05738550821485654,0.01614961578929969,13477,4327,9
2,121,1,15,100,75,655492,549053,0.3120164951316939,0.1160436729256194,0.03756698579537951,0.024544443948762453,7532,1667,14
2,122,1,39,82,109,778186,599503,0.2055246158152713,0.11580310996276803,0.04696166862245806,0.022249600459287044,22225,6197,10
2,123,1,23,66,58,619074,584437,0.35504909606165275,0.17829917655205033,0.04545509286211882,0.012479014325282074,11667,1634,2
2,124,1,48,57,53,842286,422803,7.274235151967688,2.194570369962205,1.831657855829115,0.7863254212451777,4575,5551,9
2,125,1,40,55,55,807956,782342,11.627020365243286,10.024278222796552,16.074275404285704,2.567227340288755,6482,6453,8
2,126,1,25,75,133,794198,273933,62.67368036551814,24.85857721279085,23.36960296572539,5.308642719148895,12465,4384,7
2,127,1,42,62,89,830003,413576,154.42699480227895,20.159370412189404,12.79019574597103,6.802235149519429,5939,4492,10
2,128,1,30,95,74,963560,568113,314.0689888394641,294.10645319156146,10.581875623454936,12.165604981380433,9618,1000,11
2,129,1,38,91,81,940618,529064,117.68511945609592,61.81003156317929,60.053095644211915,24.03156349809824,19848,3145,7
2,130,1,34,79,84,592118,513391,137.73434259280515,31.387746970374778,16.37231110838678,5.5156305642939945,13199,4042,6
2,131,1,21,52,67,665069,571556,12.034718531767046,5.863563068435171,1.546643151946028,0.4035225318113974,12974,1770,12
2,132,1,23,59,69,984874,415722,2.94339880930061,0.9338145410945056,0.5138419950497677,0.19910583669905968,19919,7565,4
2,133,1,40,88,76,643433,583991,17.91689514621493,7.1132126193017555,2.675036372970563,0.9425763351027155,6205,3446,9
2,134,1,26,61,65,898379,487080,266.5346930069816,97.33537737651481,31.973485847572945,20.89749746458778,9917,4069,12
2,135,1,25,86,72,967896,640095,298.36761000533755,197.72734398795794,39.610266628726315,23.159200871945146,8483,8566,8
2,136,1,20,77,87,471683,469537,291.6673012782707,115.19423791877998,28.09995772264455,23.34947577995649,6867,7043,12
2,137,1,34,70,60,718732,546780,379.36041854726227,130.73086886641642,26.173104633233194,5.310317464481583,8723,8516,0
2,138,1,50,59,132,963006,563746,9.320520720322541,7.012259495692111,2.7814711990683056,0.6699314026099717,7721,7550,9
2,139,1,19,68,95,770605,590517,0.9153890498427071,0.5074736817519396,0.12966284238819756,0.06774380191586542,6709,6386,0
2,140,1,30,72,54,719164,503737,0.8135508676835533,0.20632117410549242,0.07851847388582758,0.05488476401282377,8522,3395,7
2,141,1,44,85,30,966222,471348,0.26478486089551173,0.07272361405479363,0.02615520029008502,0.01336438231265335,6728,2053,9
2,142,1,29,56,66,1020781,422499,0.21153316833890187,0.11798855055182526,0.03375494808130396,0.012165726331528499,11620,6595,8
2,143,1,34,66,93,664318,548616,0.18716868076802243,0.0849754241232008,0.028437872238266777,0.013960716422421356,5226,3909,3
2,144,1,19,70,89,1153426,310268,0.33847430048999694,0.16893370349436965,0.04159975577982056,0.014547030380413974,15084,1000,1
2,145,1,34,79,77,443156,530891,0.47988128318941387,0.1182044382691238,0.02354081351193441,0.012719951386341728,13628,5874,1
2,146,1,28,56,67,498577,538329,0.17349582238571296,0.08042518892283072,0.030282085310013165,0.013062206522691796,12230,5463,5
2,147,1,39,50,61,709124,687401,0.30756996517711993,0.19214154722249915,0.0823723457551538,0.011949189027320855,7706,2396,10
2,148,1,41,80,71,733094,433934,0.1839531835021053,0.09714998406989744,0.03275798711954013,0.014711669017178665,10220,7793,8
2,149,1,55,47,59,742247,518771,0.332521813518382,0.17231632904410385,0.022735048976617652,0.011636548624714497,9374,3258,1
2,150,1,35,89,72,693098,515906,0.36483559045499714,0.18152638445335773,0.053369242879859086,0.015579656991626457,10134,9455,8
2,151,1,33,67,106,654877,389394,0.2386707565796995,0.12360036702664569,0.033316609272618425,0.014383079662109933,3304,7628,1
2,152,1,31,46,64,755937,499449,0.36521165376355424,0.15386918883511733,0.04636927523575348,0.01667867592848835,10522,7021,5
2,153,1,26,62,92,682030,365844,0.2237902999467794,0.09934809727810595,0.025790385685930197,0.014352294165728937,11625,3785,8
2,154,1,33,75,95,936385,596296,0.3947221777513431,0.1743735633983479,0.033879187770937284,0.012895545877078295,17220,5346,9
2,155,1,27,62,58,806122,559073,0.31761253035576803,0.1028742886728975,0.02488818758178551,0.012116391062176357,4965,5536,11
2,156,1,31,70,63,755767,543156,0.18288732607589928,0.16044951435067717,0.024588383793265924,0.012004683318276758,4072,4419,13
2,157,1,43,81,101,785576,436303,0.335429054770739,0.11659115163995436,0.02368219463919882,0.012558042544722836,14917,5032,6
2,158,1,19,66,61,1022832,641876,0.33548082448729377,0.12298469766320898,0.05348105150174727,0.013423992340312508,2439,8465,2
2,159,1,41,55,78,703318,391519,0.22060367371996287,0.16060304733258438,0.057998617031150286,0.011965803079162321,17277,3602,10
2,160,1,43,65,120,545321,505001,0.17613273100796828,0.09936977562662393,0.03327799096289987,0.013099883275688012,15915,5913,6
2,161,1,28,91,99,604527,383080,0.3034112805516941,0.0850047697502797,0.03865396926477507,0.013347412627794882,12906,3871,7
2,162,1,8,95,81,753395,481679,0.21744850190677292,0.07653785854848726,0.03874683227799608,0.012835552333377178,2413,1851,12
2,163,1,23,39,96,896300,627105,0.2975254049620842,0.1444054553952422,0.03715764418915821,0.012444250929872527,9202,7122,11
2,164,1,42,86,78,975961,547240,0.20993254779515166,0.1367621814808912,0.05135097049170599,0.015251127578822717,9737,5808,0
2,165,1,29,73,100,1129727,407897,0.34138010393067386,0.1427390070334983,0.04714482234686717,0.014342362774493286,11446,6968,11
2,166,1,20,83,39,947831,447792,10.67746406780404,3.4075817181186028,0.41660316360261324,0.08325120114320449,12769,3084,8
2,167,1,24,61,77,623410,462052,15.311410130325607,8.333590635928072,2.3082317189984907,0.21441282245751803,6253,3756,9
2,168,1,38,43,38,759354,416570,0.29096456916847124,0.15023492111545658,0.0674441956837291,0.01377576524085939,15305,5788,2
2,169,1,35,78,83,367267,527258,0.22080278257400274,0.09916921387716124,0.03125054297712626,0.011548629329649333,12602,6546,12
2,170,1,27,55,75,737691,718382,0.7098058620868015,0.2032657050119193,0.028685108053798283,0.013031070767046028,12552,7386,11
2,171,1,26,49,107,678978,444057,0.3514963486567458,0.10845414933598467,0.03187884382383778,0.015347524062138716,8882,4798,10
2,172,1,26,50,94,337394,692981,0.24633702349341918,0.08129335889580029,0.03357307812823683,0.014473859190332151,11940,6007,5
2,173,1,20,79,69,1221507,499638,0.5123235535079047,0.16370439045417515,0.02611374784327885,0.01256411643171212,1000,8575,11
2,174,1,46,72,71,724403,532216,0.31056873566419624,0.12179547079289843,0.039303442465147546,0.01123994723312175,11988,4234,2
2,175,1,26,81,87,378557,526086,0.20152289259516645,0.060476403846147095,0.024271895509602674,0.013712597157216871,18288,5562,10
2,176,1,42,80,68,745171,330364,0.15268624905624162,0.1788198696523994,0.03520787594189883,0.010170455236650344,13904,4708,10
2,177,1,45,63,79,1130154,545469,0.2382631658816563,0.10617018854162098,0.029757254541230956,0.012044581094431213,13320,5420,11
2,178,1,39,68,106,1181419,256796,0.23034544145033664,0.09752506905186742,0.02542337360697392,0.01181199625537569,13864,7771,8
2,179,1,25,62,63,811674,520922,0.5553701941576343,0.1695069296575403,0.04605486558723698,0.012653024862310527,16046,3809,12
2,180,1,34,66,71,819275,516278,0.391976772904877,0.17702624548890514,0.043551273544759544,0.012912778050240966,9003,3315,5
2,181,1,29,55,73,1045118,346508,0.20953825350206265,0.12557988391840683,0.03377479984697727,0.012231671493663818,14926,6752,10
2,182,1,20,75,143,769897,506477,0.3253368095728769,0.12367519574079962,0.046661073638899396,0.013938432764424465,12287,8019,3
2,183,1,33,86,92,892056,470711,0.6885360323159997,0.2217399831131587,0.02504253600289155,0.011197141580730334,10322,2084,0
2,184,1,18,57,102,967918,484631,0.35178747335263216,0.11845761271441298,0.03014082952152894,0.012970842713366256,16752,4323,7
2,185,1,41,89,95,584812,485642,0.34591712731216034,0.1208913050456064,0.046425745029494654,0.013992309446977982,6561,5629,6
2,186,1,25,71,96,1107353,441094,0.3603144075561518,0.13480342476716786,0.029283120001993065,0.011304906525454614,6751,5089,2
2,187,1,32,73,89,624062,507569,0.408140239618417,0.13627940818510556,0.03951645324297524,0.013305550026356945,1000,5278,8
2,188,1,32,44,87,673241,586566,0.3379194611594142,0.10965804444948951,0.044882697818921194,0.012761804099266806,5354,5136,0
2,189,1,27,42,50,819964,476104,0.2922624212291838,0.0689520402199885,0.040829415009796324,0.012559454157635614,7799,3531,6
2,190,1,35,72,87,987920,494974,0.5853713596437877,0.11747578303164759,0.03555528890451857,0.012344615544119444,9749,1000,9
2,191,1,25,81,77,935480,564916,0.29564853549452585,0.17198371537040558,0.035235193963373816,0.012618244692608454,12244,4948,9
2,192,1,38,59,90,790120,726959,0.5606731305138686,0.1636745528793297,0.03146587964985944,0.012094914712937293,14406,4545,13
2,193,1,16,95,78,856833,480719,0.2186412966615626,0.0861422171134874,0.019553242163333203,0.009490285057976984,3353,2010,5
2,194,1,31,81,95,1014657,329772,0.39465399941376733,0.12084636728362913,0.04068196687138951,0.011409097113553458,10548,3640,14
2,195,1,49,56,98,801678,410331,0.5081936434510109,0.1404235945197754,0.03331132990366474,0.014633536805755323,5084,6781,7
2,196,1,19,70,21,637588,560244,0.3842506818725732,0.08773789267043514,0.03586957305400554,0.010927360668079464,3349,4607,12
2,197,1,23,100,71,679414,651262,0.22756522581527783,0.1199154189259207,0.044605578238670535,0.012711607369288171,11621,5373,11
2,198,1,35,51,42,981856,405429,0.44270565203715634,0.1578329606378508,0.042146893812439336,0.011008908997583838,10508,2859,8
2,199,1,31,77,84,637752,495658,0.39899280242766527,0.0983174015725223,0.06513770337543393,0.015686317026060347,12466,6187,8
2,200,1,33,65,73,486431,501928,0.17255398324589177,0.09350465125640567,0.030081707864276438,0.011604623472555194,12898,9448,3
2,201,1,34,80,107,739162,423117,0.5117579347079462,0.11000824133689573,0.03699488114643898,0.01435954450563924,7588,6046,14
2,202,1,36,89,84,784930,653523,0.37968047312695813,0.12738131454793145,0.031106612724521764,0.012502083860489352,15471,5876,13
2,203,1,41,64,70,972099,616407,0.28697713005963515,0.13952942768651652,0.0417127933674943,0.01299072393341366,5407,5503,2
2,204,1,34,86,98,508444,534415,0.2396408214363946,0.08197662817585277,0.031592717683899374,0.015122052374779612,4722,3679,3
2,205,1,27,100,73,869294,458009,0.30983606728088725,0.1106221977813363,0.02104843482234817,0.012063115567781642,11990,6919,13
2,206,1,36,70,70,1030251,595622,0.2381415199099561,0.09965262217703538,0.04330597174446173,0.01241362274126859,11073,4756,5
2,207,1,48,81,87,636530,551393,0.4776618862507888,0.18139516660336924,0.037349301081855836,0.010879097396532408,5951,8447,12
2,208,1,28,61,112,816328,456295,0.4196710499525641,0.11784491558562966,0.06066303060295179,0.014007576557922202,5836,8573,4
2,209,1,20,70,97,369881,597146,0.5218552682379666,0.17232395891546304,0.05289994541556853,0.01376835967895965,11899,3924,7
2,210,1,41,67,91,974632,536923,0.5596348102223822,0.24036836650571716,0.05423828443702097,0.011436121860057727,11250,6532,4
2,211,1,28,81,135,959119,333930,0.48433360747918375,0.17285794171253535,0.02296169854905215,0.01188788108535864,4808,3824,3
2,212,1,8,88,65,796004,400777,0.2034469715609295,0.11953513570787981,0.03181866961844503,0.012209871156237005,6785,7326,11
2,213,1,38,68,64,534543,367061,0.3495323402436919,0.17177381568293307,0.02760249649625744,0.013621801637555456,5445,3237,1
2,214,1,24,93,82,933376,603120,0.2828827628717614,0.07801201087149995,0.07181911919096765,0.014681406900020618,1000,5473,2
2,215,1,29,92,110,751000,429785,0.18327761030731815,0.0675673070210851,0.029249364204000088,0.009952431829267598,16820,6038,1
2,216,1,33,82,61,243923,562717,0.20519690363122509,0.12790656740504452,0.03499529890378752,0.013070612571715554,11192,6540,4
2,217,1,31,62,115,955642,717187,0.2383097037697542,0.11756520840817614,0.029091287262899244,0.012771361176221551,15791,2956,7
2,218,1,37,60,51,1032723,579413,2.580530646807904,1.0793739546784515,0.1698063373244056,0.012667370156316547,8471,5912,3
2,219,1,25,57,77,1067861,458103,618.0478081601551,111.53894228818415,16.04524605529631,4.152365527796662,5139,5430,4
2,220,1,35,84,83,544599,425632,7.927157937284194,3.822010412184344,1.4856735387599214,0.7862942905269495,5627,2730,11
2,221,1,27,51,62,416641,469365,6.403769464100872,4.968882131342574,2.5099244726431924,0.33229873982791935,5623,7312,1
2,222,1,37,80,67,717922,397223,97.60163380007067,23.039702368301512,13.71685049522227,3.028061158252133,7406,8213,10
2,223,1,36,53,95,903572,385551,0.8110254672734721,0.17686065153644265,0.0747013620148705,0.012776406953181349,2261,5119,6
2,224,1,20,82,108,611441,419503,0.28015131023039974,0.1521863584297007,0.042005818203601226,0.013959984799352778,8066,4734,10
2,225,1,40,70,37,481793,553220,0.14182375970004565,0.14696498230205743,0.06334593792396724,0.012879537784996911,7126,4265,14
2,226,1,24,90,83,944913,447914,0.3274286918399676,0.2310522026194819,0.05787808801670677,0.01498458491523801,14365,10067,2
2,227,1,38,87,77,730958,477471,0.2517371841441317,0.11118281312683748,0.031110920058376033,0.014742869759241169,12686,6877,7
2,228,1,33,91,82,924517,546918,0.342306315462518,0.13231194787634318,0.024980576504748983,0.014710751528915782,8087,3570,1
2,229,1,48,91,73,803159,572723,0.48570793907606763,0.2089996972304458,0.025772608443104143,0.012046113041518392,12379,1816,1
2,230,1,27,72,54,766778,307068,0.24724729857034472,0.06992243701227618,0.031204400087272578,0.012072591282685652,4523,4146,3
2,231,1,26,52,110,787172,327666,0.27180873155797114,0.08821151935427676,0.03137878789656861,0.013718670530961697,3685,4159,7
2,232,1,29,54,103,728310,461396,0.3030966936945052,0.09499550088320353,0.020567124089786754,0.013164479465354251,9529,5510,12
2,233,1,26,38,77,708291,388518,0.449605780672324,0.13855747971918694,0.05322257229135259,0.014349876588398442,10510,5089,1
2,234,1,37,53,70,579743,585453,0.42229814519524306,0.16620749447930905,0.0430115854789773,0.012297096551185034,9299,7289,4
2,235,1,13,71,67,896669,453615,0.24923081233052619,0.0939961029808054,0.04736330337792629,0.01119059241057789,16779,1000,12
2,236,1,19,61,28,1049507,679761,0.2768384874437587,0.1471422278753995,0.04352615002034642,0.013266733453060552,13436,6075,12
2,237,1,19,67,87,699904,451208,0.432682261814104,0.19302739698227417,0.04832559174387747,0.015635830666267298,15174,6787,13
2,238,1,39,77,95,1173219,530862,0.26864965848646555,0.12416629182600873,0.04004351016761544,0.014282196158652494,7233,1406,4
2,239,1,47,65,82,875315,433293,0.6512680307293899,0.3708603776027913,0.1693372758848071,0.027032917486460892,11662,3265,8
2,240,1,28,53,78,851634,548759,1.0144561306050504,0.2120337459774345,0.04124777733025385,0.01727000405283397,4782,4032,8
2,241,1,28,69,82,931003,550960,1.3519940762023523,0.29863421872572005,0.03855281922386538,0.018684977385515784,6343,6012,0
2,242,1,30,56,62,995021,588775,0.5783822403575808,0.36288482906422587,0.08720331884102603,0.022150748090601465,11655,4172,12
2,243,1,41,65,70,709085,486571,0.4403948288613554,0.17026985159247934,0.02797625824376511,0.013838329629415733,5551,4931,10
2,244,1,20,90,76,910964,627034,0.31870016943714313,0.09796131121983896,0.023945121841381,0.015345275495347277,6043,3423,13
2,245,1,32,65,93,1009326,529963,0.5528997189793833,0.13488634383260398,0.044518336248832634,0.014447719928969876,12153,5127,8
2,246,1,39,96,107,724124,435684,0.28586581577968484,0.14061424862711674,0.045203941049504856,0.01607885045541106,6180,3737,13
2,247,1,35,91,75,800947,436399,0.2531527202001589,0.17770514739082532,0.027540706229044528,0.014690713804656391,14810,3244,2
2,248,1,31,61,59,646548,572882,0.25798446719254103,0.11182749570001188,0.02412997924736639,0.014601430443008288,8928,5281,8
2,249,1,40,53,80,701390,626425,0.49761633717490167,0.20907487767144647,0.06478766156594584,0.015046031834619462,9135,6728,0
2,250,1,2,69,120,730061,387793,0.39979156070193717,0.12890221547842792,0.049398621429004544,0.013204497583677833,11256,5524,14
2,251,1,36,87,60,619160,575098,0.4140744727686783,0.11130626246094924,0.03512844713317082,0.013301268638697503,9326,4549,4
2,252,1,23,62,97,787410,351364,0.36224662339063657,0.25567016369105944,0.08341848837028305,0.015402723609984568,11399,7017,7
2,253,1,11,83,106,866165,438251,0.4267834781552699,0.16978890205090014,0.04689240036334551,0.014181226632747573,5412,4082,5
2,254,1,35,88,72,885590,548973,0.27563098724092766,0.09188745420542467,0.02233543514286925,0.011964174763293164,1000,4840,0
2,255,1,43,58,65,638305,415248,0.5312200996261034,0.18647681005876313,0.05455822474599091,0.019452157467508994,2935,7340,11
2,256,1,28,59,91,678735,646575,0.30843388539349215,0.13756172697827485,0.034413545998208867,0.01759492363113264,7723,4138,10
2,257,1,39,80,87,970183,560857,0.4075325352853196,0.09881607316833685,0.03446372636955079,0.013341256619453035,12452,3918,10
2,258,1,46,72,93,678254,381847,0.341601652391376,0.12370193977715722,0.025798838555354395,0.015757286178782897,20793,6487,13
2,259,1,43,59,121,964838,565546,0.40367675808820563,0.1649843577470065,0.06741191462773527,0.016571877402842473,7034,3003,11
2,260,1,46,64,83,653507,367963,0.5637874085239385,0.32352247372103976,0.1549429191599524,0.02262505559840743,6729,7402,14
2,261,1,37,68,56,875399,500369,0.8953934749481897,0.2771596541602159,0.0687896687810441,0.021842751217272124,11685,1124,13
2,262,1,30,46,81,950470,587731,3.508655827601671,1.9659158081404844,1.6675664477543928,0.05951871038821533,11108,5149,7
2,263,1,13,81,84,270062,570929,228.15556833925058,39.24559496664753,3.057636241995831,0.9172156425072279,11278,3697,12
2,264,1,27,62,105,973693,491364,0.7368722040135038,0.2501024406774181,0.10375928144118138,0.016111609787357182,8721,5679,11
2,265,1,21,28,76,1060814,465571,0.5178407912049462,0.2495413380837407,0.08464892837388725,0.015600589800506314,1000,7928,10
2,266,1,51,69,71,738217,384219,0.7223175783563004,0.5124065752223022,0.11269482455991482,0.016351259986787523,10986,2685,3
2,267,1,28,58,52,869147,518259,0.1972522284907029,0.13084991134427693,0.04235615986694468,0.012940331563032143,9762,2190,0
2,268,1,31,95,90,632175,580448,0.5419040373792529,0.236902749053246,0.09215214247785547,0.014670365812872423,2055,7300,9
2,269,1,35,61,146,872696,706472,0.43100802590051945,0.22495133959347963,0.13741656750673545,0.019069913580493692,12907,4539,7
2,270,1,30,53,75,1292209,454386,0.5364892447073111,0.14460339661245084,0.058974795460110724,0.014480577130704364,13648,4834,8
2,271,1,46,77,89,360652,584666,1.014682667895264,0.34927097999697637,0.07007625835907653,0.014553593933979262,12790,4468,7
2,272,1,23,60,69,699857,576447,0.3275853784071237,0.12819835744336483,0.09059706195046925,0.016141040967611608,7965,4274,7
2,273,1,31,58,54,959350,452350,0.2730825788637576,0.09339345054241552,0.056505010030834184,0.01779947167749449,11104,3175,13
2,274,1,22,77,88,1052316,572096,0.25914779252918013,0.20596355737595462,0.03003395438918731,0.012027929230142518,5510,4514,12
2,275,1,16,54,80,523515,418364,0.4007187057198051,0.1958341752070007,0.040559976162664824,0.014225397101372723,3072,3314,6
2,276,1,23,48,32,672361,525702,0.3388375920177617,0.10836154745467257,0.08410611848881858,0.013004342081085567,9505,7002,12
2,277,1,29,95,112,683936,478870,0.6577302790378844,0.18151821254473557,0.07458924755942513,0.017070472459842414,2489,3893,14
2,278,1,25,78,88,669400,544354,0.44598450193599193,0.17897495323771614,0.041085660952543734,0.011706451039401424,9332,7621,11
2,279,1,23,66,81,776765,552316,0.3087885045646654,0.12168593809828512,0.08851132221069181,0.013271719723754403,9740,6338,0
2,280,1,15,69,71,514261,447127,44.214407236332775,12.186900875606247,2.429095041156829,0.3092855264416329,5913,2995,11
2,281,1,29,77,88,749094,499032,482.8911640249008,180.87043388472648,27.93564381106263,3.8464987375471416,19704,2873,1
2,282,1,14,84,89,612770,487136,86.75164497460575,26.3323156213643,3.139800260331853,1.3576895505173314,7006,4558,0
2,283,1,37,58,88,786229,391053,0.8721374301932012,0.3320934778132844,0.09024719679339245,0.013073337668992567,11061,3535,8
2,284,1,30,75,101,658974,463021,0.4082549608385882,0.20590914083914766,0.08101052965812983,0.017021165803765344,9045,3521,12
2,285,1,15,62,105,766192,442095,0.5821633819440767,0.28634188226593527,0.10065469811859933,0.018280787129122445,14697,6679,1
2,286,1,26,67,120,592712,387289,0.26186290532283507,0.11805310227173291,0.031152995933592543,0.019304528941913725,8327,5548,1
2,287,1,22,72,63,990540,419617,0.4690165684842272,0.1012370090159693,0.05615909857802827,0.01661454094523902,3664,7460,12
2,288,1,33,69,68,734880,474174,0.31737168045911673,0.11800155863275873,0.04009378246280933,0.012877413356110819,12074,2856,13
2,289,1,43,81,87,802765,505502,0.3885964154923849,0.15953930670649238,0.032775675336250885,0.016299407745773632,2485,1334,8
2,290,1,11,77,64,770836,375632,0.31431541049040623,0.07798574191159066,0.034383984584790514,0.012186884714022682,5759,3538,9
2,291,1,31,47,67,801446,620029,0.7719935122568297,0.21938491023654264,0.048720542841010794,0.014792288086021543,7448,7153,2
2,292,1,28,49,89,800438,561334,0.6875728990418534,0.302360400370125,0.04140258223127777,0.012032254732970595,7637,3745,1
2,293,1,36,64,98,961027,491479,0.25088637297120453,0.16415624332673842,0.055149993827000185,0.013172272915873796,8267,8273,4
2,294,1,32,97,105,742786,378107,0.2513374678304388,0.20492567820718002,0.0564753077693077,0.013213014499790872,7869,3933,14
2,295,1,22,57,76,656041,478745,0.4180558884309641,0.11006620565460012,0.023200195665627706,0.013525795542723255,10628,6168,7
2,296,1,26,66,89,808343,472674,0.4449748234451552,0.11956527148487717,0.07057899941291071,0.01595125204809242,6600,4948,1
2,297,1,22,61,84,677419,391952,0.4361460861316577,0.09172142254681763,0.043936074555310095,0.014302228993317687,12174,1079,9
2,298,1,40,61,80,785017,383824,0.219567317021502,0.11400982413810262,0.04272210858312241,0.011545029102136208,5791,3679,4
2,299,1,30,72,63,589594,576645,0.40012036371219045,0.11778915686932585,0.05843372725793082,0.015187052162650079,3653,5959,14
3,0,0,86,45,36,287946,286665,279.30189651013416,117.53260403393033,21.12982570902636,1.8542574543066046,21251,9804,14
3,1,0,91,30,31,319390,155100,51.729816747305556,16.53772546814784,3.1006164902365465,0.768571839607748,44515,13103,4
3,2,0,82,46,16,242944,198557,355.3643022783177,76.02876978556614,7.84902311479915,3.0967967797087157,28498,9964,13
3,3,0,45,46,11,470597,358312,5.140090838815244,1.5146298181310414,0.2791040245907767,0.10850346289066345,32283,19600,10
3,4,0,72,25,45,353525,235514,2.064849046321009,1.2547217916261109,0.13225673905010216,0.03440903421216028,22717,6696,0
3,5,0,57,26,36,387395,192951,3.0229439865011747,0.850675096007535,0.12693764088085388,0.032971791291478814,29456,11748,2
3,6,0,71,47,34,286126,205196,1.0947015645267462,0.3477163701913221,0.07350040863628636,0.03219497105989181,39306,10053,2
3,7,0,89,40,16,196247,208982,4.685645467238864,1.7860151406502374,0.5046838939957903,0.1452849100200323,50459,23868,8
3,8,0,79,36,25,388334,283496,19.079547424699125,19.67074797964928,5.542320514506674,0.8451388698411044,15398,18971,0
3,9,0,92,49,40,200653,240209,1.462661525508221,0.22678155803862635,0.0680965885035363,0.029874271582173755,30222,17510,12
3,10,0,80,50,44,97718,196064,1.3216526873260226,0.3315543253586063,0.08232622615910853,0.03577919863209383,1000,20496,7
3,11,0,55,32,37,356562,116198,4.010127308954232,0.6134434331128024,0.04462949207766201,0.031985270622472556,25707,15211,3
3,12,0,37,27,60,224438,163665,2.0740315157053066,1.1169411231072932,0.5015722599170976,0.1695181303878843,31172,14245,9
3,13,0,77,21,31,266573,203003,2.2783255491947725,0.7372003860235716,0.22545670998726866,0.1835734391687999,31630,14365,10
3,14,0,71,40,59,369398,193519,0.46519355911764754,0.12347510729140351,0.060588430672833905,0.02547643356502979,46378,12659,6
3,15,0,60,18,43,206962,254793,1.1638529883728723,0.27802060106483134,0.06088772475828784,0.03250758181420344,27727,18472,4
3,16,0,49,41,41,139779,188432,2.4564061339550904,0.6852959467391291,0.06600541885543443,0.031097070181011172,45618,19800,9
3,17,0,63,58,53,421942,241933,2.7883202632953163,1.3135517045819682,0.33569863295131225,0.1839466676304437,32469,18406,6
3,18,0,72,34,30,294169,126396,84.589005026689,23.468541740933794,8.038607098211145,1.4466615689649,24895,12774,3
3,19,0,84,31,35,425734,173775,37.60549221858811,11.812274264978766,4.546875278759735,1.454017899686577,31906,12174,3
3,20,0,77,69,21,362613,234733,7.405105314076387,2.812813683218785,1.6716385295060172,0.35641372169268115,31289,26186,11
3,21,0,99,62,54,365564,303364,38.80888632966643,11.118344950461388,5.169573306097329,0.6671591672023438,31987,13182,14
3,22,0,59,28,45,316343,192899,13.54769511511449,3.3141277430373575,0.9632763413881436,0.3266539725733993,23024,22024,8
3,23,0,88,42,56,316260,241439,3.7483667040802517,1.21093199947139,0.4818889565273202,0.16339181707636705,22903,13031,12
3,24,0,75,44,43,413451,266807,2.3142264115532587,1.0969414070948147,0.13600796062660067,0.03581339118283847,41355,13159,1
3,25,0,85,43,56,381447,247660,0.8517396694841213,0.2846735138184159,0.19416871088648113,0.04622039082214909,40548,17168,0
3,26,0,68,67,28,241097,237413,4.688087351452713,0.8299053655073672,0.0332400659763939,0.026776286784372275,21712,22648,7
3,27,0,91,41,54,349300,182302,1.25922962970172,1.5649181824803857,0.6871546495635152,0.021771291999530894,28652,16934,5
3,28,0,79,43,34,238065,275973,46.36361406266306,18.51927815948994,3.654750378951501,0.2861603067687294,33832,12020,13
3,29,0,64,50,40,268739,134098,235.7184583754167,55.67453050009287,14.59669908229607,2.770982022260692,38146,27021,13
3,30,0,74,57,50,356838,136653,1128.3995795448438,585.9428039443934,50.50689982533119,3.3320470489496516,31882,16166,14
3,31,0,71,54,74,236556,293369,876.6970851007039,176.1446831324981,21.092877470948007,5.735590646272419,41540,13832,10
3,32,0,82,48,52,314761,218080,938.5013233640844,191.83944270805074,21.304688561545372,7.346522746611345,29220,18106,13
3,33,0,57,16,53,338010,138101,1619.7089369400528,324.05953267794064,41.91483478453077,9.284894320403856,45467,9805,5
3,34,0,74,32,31,266066,128319,265.4670524321934,77.54881096684812,22.374259090307962,3.2795764532108707,55518,19055,6
3,35,0,80,52,42,371968,126210,408.8160071487993,89.0530585588511,25.402437633469187,5.040195402374719,30726,9786,2
3,36,0,75,43,38,256053,301717,1029.81441626077,259.36983711618836,40.26935946129518,7.968738369196254,33753,18300,3
3,37,0,95,52,61,394263,195937,480.7012740148457,340.0968494280198,33.437526434261024,7.0038660058774775,20596,22969,0
3,38,0,86,68,37,313069,174134,143.7945027025106,104.65523577511215,33.84572432039051,10.830049989448616,28286,10590,8
3,39,0,74,22,59,317284,281439,312.864574500379,187.0295854068122,32.878983476453904,4.63632450192524,31789,15608,10
3,40,0,78,57,20,210124,212563,317.8712348705067,154.18000273231615,36.74610526353944,4.970548894739051,36984,16773,3
3,41,0,79,35,60,276537,183628,841.1544795457904,221.01635593352685,50.609986428625795,5.303621567483875,27953,19771,5
3,42,0,81,54,27,319485,253043,661.304015753028,123.81137911668884,20.377318579119052,9.67770915527934,37464,17583,6
3,43,0,47,39,52,402442,229885,1065.3691764497576,124.21909264809953,41.471672466520076,4.564332413842141,26247,15437,11
3,44,0,70,71,27,267831,230022,129.60920503721033,53.296657964258664,17.085696386902207,10.522904732215473,40088,21778,1
3,45,0,52,41,49,402070,186489,536.2383451546956,121.92310912456912,13.945581155579465,4.988046192349265,34148,16130,4
3,46,0,94,30,25,224437,155232,918.8713379601897,267.1244716834139,50.80208590662391,6.517116828017956,33697,11721,4
3,47,0,74,46,55,333416,149476,560.5744250940679,90.25570303249496,36.91856467432115,5.680830720685637,25397,9514,1
3,48,0,72,44,52,249322,205145,41.07965346311254,11.057238291686808,6.517764394307111,1.2787657571568767,29161,20924,10
3,49,0,88,57,30,454416,200376,15.066919182367313,5.124879654058485,2.344255521577887,0.4635250539838848,26260,22306,13
3,50,0,81,46,48,436367,224140,2.392563507274064,0.8232736262193522,0.14619850565589543,0.039566724199883496,38688,15870,11
3,51,0,58,77,54,328570,178759,3.2138350309844346,0.6109830209670019,0.12665284409131736,0.042306229539405174,16446,7633,10
3,52,0,73,38,26,246492,264015,1.2551728530205177,0.8567944228713353,0.05422012360293951,0.02991808448124901,22935,12263,14
3,53,0,69,38,24,148302,133722,0.857557888396943,0.29852957430943894,0.2021872868569126,0.04499488698554096,42068,21730,7
3,54,0,48,30,23,337829,220902,2.871541846425316,0.5217018857814407,0.07491804065337884,0.042800071009143424,31875,17748,2
3,55,0,64,41,21,320753,154525,3.141090587959831,0.9445376162541742,0.10508064451559751,0.039632623527464245,42228,7504,7
3,56,0,72,43,23,385815,187841,0.5053035604893811,0.3449844435753803,0.057970444387552625,0.025551081967096642,38299,17514,5
3,57,0,73,44,53,153363,153963,6.043582875304476,1.6026380689070467,0.07724681500039685,0.026668579650177788,39325,14745,0
3,58,0,52,41,48,314151,181618,1.750664125871916,0.5908891916318925,0.06777779192238874,0.027500307091363543,34209,19430,3
3,59,0,92,30,14,342898,146485,2.3214521841686175,1.2348262008335313,0.09989406284902735,0.03742026238128964,23424,12809,11
3,60,0,73,26,32,209802,149958,24.057371931736242,6.144400940698195,1.8571561455141528,0.40521051217491494,30754,21646,7
3,61,0,75,34,22,311652,248188,4.781844637559382,2.2317875415059563,0.5699057528216435,0.1534718090847206,17518,13758,5
3,62,0,81,57,52,227305,130528,12.078899798330939,3.313673775744119,0.8652287386130887,0.07285994423083501,28345,1000,11
3,63,0,63,60,33,217464,232497,14.666364790673951,8.247877794462156,1.358284157646379,0.28443057165082475,24548,11894,8
3,64,0,81,38,16,246939,242591,12.801925527702537,3.2637828604673818,1.3109882603023197,0.30800166049383604,11388,16257,10
3,65,0,69,25,42,273390,236520,2.3926444716232935,0.5344676675240428,0.05790600477174188,0.026771658040685525,34263,15678,1
3,66,0,61,38,49,423873,198668,1.0530805287567182,0.3575107480681917,0.07187336592637403,0.04162220825500969,33279,12579,8
3,67,0,83,71,25,267822,145395,3.90824003091102,0.7292012541943105,0.048306403441809885,0.025440879266543846,42621,7214,7
3,68,0,97,54,36,215414,122739,2.1635803193978145,0.9456133906151887,0.14037318392142945,0.03425729025543623,17764,20761,10
3,69,0,85,48,26,381289,140996,2.2698523095602323,0.84583340076778,0.05441841906666155,0.03672689561222351,40809,23154,4
3,70,0,88,54,58,402768,141308,0.5353587174594601,0.31231020398054277,0.06101102121076711,0.02559951629368348,6806,10267,5
3,71,0,67,63,33,381944,213750,3.7298338627439853,0.6443908822035259,0.08144419689732223,0.03031671686117642,28527,19356,14
3,72,0,51,22,29,436926,129223,4.944868736378784,5.329626132378352,1.5033021621756923,0.5618364482732658,49762,18110,8
3,73,0,97,34,39,319225,189663,4.582569081705006,1.9971803794039091,1.353447163027633,0.4326793058302901,29712,8745,1
3,74,0,100,32,36,315560,202008,28.382157116494504,7.813960182821533,6.885043799622002,1.3444541307710105,22651,16865,12
3,75,0,98,48,50,229612,184846,762.8743871076617,140.22059769899107,11.038288001571924,6.409608420342276,29166,29230,8
3,76,0,69,42,58,439901,186473,166.7045480721135,66.21372548443138,18.084921482513053,5.52084738213365,38484,8379,4
3,77,0,57,51,58,290783,263818,100.18444980990975,38.40337308718267,10.76466652111936,1.068424970409465,27179,21758,2
3,78,0,59,32,34,269642,224985,43.23571906560736,12.471206443052358,6.4116748449225955,1.1824427169216094,33922,14798,5
3,79,0,49,60,44,260699,235152,681.2653864192655,258.37977163385153,28.25640432198347,21.252785764955636,33808,13605,10
3,80,0,73,38,62,363657,181419,306.99277101338936,131.1943116143852,84.08818172141318,13.240102451771863,35489,21360,6
3,81,0,99,50,62,308354,239226,195.58122772809583,81.28499829780472,27.445242732447095,8.938535065921974,40363,11883,10
3,82,0,72,57,26,318950,215185,55.97637488511333,30.45833579388494,14.918127943201382,4.030859923689268,49796,15447,14
3,83,0,79,56,48,267546,210508,11.192776103791225,5.165638932659918,1.0983944173396523,0.3502868227287379,30874,14347,6
3,84,0,95,45,46,280169,180431,7.073317483680288,1.9295398694063184,0.6995322240472406,0.33193322315306,33227,10125,2
3,85,0,68,52,53,285193,211839,4.019900964216947,1.6918892527916711,0.5440705525446164,0.244950672417113,18129,21202,2
3,86,0,100,66,58,442157,305415,332.028408497308,90.41638544850817,16.184126590395685,3.286566257410331,39448,17371,9
3,87,0,100,47,24,119876,230178,307.1591482562958,148.10176717636728,80.42667598392805,15.658126939894835,43607,26353,7
3,88,0,73,29,29,344819,285455,377.6164131650863,119.49458381081584,56.91967817171018,7.599362324388594,36883,15761,9
3,89,0,66,48,53,408816,105652,348.2804556240454,206.13046823417886,58.055841875657485,8.066855924268985,16138,14458,11
3,90,0,85,39,42,116147,203615,774.9944773761192,159.0217539484057,21.165307396568505,9.389773883976392,25954,13342,7
3,91,0,69,4,6,292852,241048,393.0501772091004,88.17135689059188,30.371295468999712,8.553435953343188,30511,13579,0
3,92,0,57,46,15,398211,219333,356.8641511294802,62.697343237703215,33.45141083167461,5.433073909713134,21432,22600,1
3,93,0,94,41,49,224703,225751,55.58697917086412,20.196408219359526,6.296409596511383,1.0228517232106789,51448,12181,12
3,94,0,93,57,52,326854,180562,8.545373748405597,2.2741692596624445,0.8257551475689767,0.2695380475108898,34095,17283,1
3,95,0,77,28,19,206802,260564,9.015359801003703,2.944068230819993,0.7714055862384663,0.4744360543676196,39315,13264,12
3,96,0,56,17,56,303308,119961,282.7436961829745,63.02342111324633,14.446602805987917,4.577521668354131,39473,8507,2
3,97,0,56,42,37,427758,192520,1124.1842219266507,224.57088018758506,28.876927815813684,4.589320361825447,31119,16627,7
3,98,0,76,45,24,469561,206209,876.199420918564,324.63765758055945,41.416768970901316,8.799141172944253,17992,7267,8
3,99,0,67,41,31,325523,171359,226.15503803118838,243.7745058818083,21.66225156748051,12.671131404340503,37887,16235,7
3,100,0,69,40,21,172103,201396,2840.0473363829474,455.0514572724668,16.73517166514298,10.68939496072021,50113,12722,14
3,101,0,90,23,30,268952,101762,1323.702651665756,366.48074366083836,43.20125227118449,7.831825541865752,26218,13043,14
3,102,0,85,37,11,118683,135180,518.5776374846712,163.49815686942503,40.17102926918738,6.087734956428639,24333,14369,14
3,103,0,95,34,38,270601,263511,238.86581135345702,69.41172921092549,31.632025136366657,10.355035967670604,38387,15113,14
3,104,0,60,56,48,396469,212170,1583.3146895118314,285.73082876808104,20.212192244272774,7.229104520800713,39239,13974,8
3,105,0,69,45,19,163711,181059,664.8538561034718,216.8891078238413,33.08997750387387,5.34487229163887,41448,17623,2
3,106,0,86,35,40,279292,248987,549.8347333312029,95.93747376819151,35.58540347530716,4.764932848958342,28587,15035,11
3,107,0,81,65,27,218381,269359,176.85492353574836,54.270695741880566,25.52699370730373,5.265849839345602,28563,29019,11
3,108,0,97,35,50,479368,290486,571.9801930520134,247.51722755377043,80.21673024284034,6.98230830349038,3718,9494,12
3,109,0,81,48,5,339868,105652,198.26984229643628,59.767462111872064,16.74639648994378,3.9237647509143634,30502,9373,8
3,110,0,100,37,50,385037,269143,3.304693864970058,1.048098062576174,0.1010589580648386,0.04547598918160887,24360,13072,6
3,111,0,83,64,12,329259,141951,2.432209905316476,0.955691266934804,0.23796604901078042,0.04062649297147111,7932,10677,1
3,112,0,90,41,36,376098,215082,4.5473428842868975,0.6494427926882852,0.06804736342307646,0.029995502536635948,48939,20997,11
3,113,0,70,41,29,408064,230566,4.950888381141655,1.1694003465841913,0.1591955511176519,0.028428637909081577,32415,23745,9
3,114,0,75,37,34,303830,280443,21.663225969943365,3.773385467378158,0.13947710865752955,0.04325874915858147,12166,12994,3
3,115,0,88,42,17,246881,223464,3.287976271010742,0.6481508996531308,0.11373649072112875,0.03542067062064614,33766,17574,4
3,116,0,99,57,64,206475,213949,1.2911356949886605,1.3882473948080107,0.3822958289194751,0.03316817925057935,48606,17048,7
3,117,0,85,52,20,475873,158110,3.5841169385258125,2.08167733949557,0.17053538895549755,0.04647246251908509,42036,12722,8
3,118,0,73,40,21,382067,115617,1.2588359877994382,0.44843856158194934,0.11014531903765008,0.03828280587951094,39666,18088,5
3,119,0,95,65,66,77679,156805,6.636245092532373,0.9899870977398725,0.09599371933029972,0.028191614861881938,17681,19148,13
3,120,0,42,53,44,275537,270330,2.030571994887529,0.8456800045682281,0.4688417490186027,0.05595177194788883,24557,6657,9
3,121,0,53,33,21,341608,201640,1.8444476517878339,0.4145388813561225,0.13915670271197733,0.04399406606974829,21314,9098,4
3,122,0,85,19,38,467225,283062,2.460519242322928,0.85864111536248,0.094149911584449,0.031007170253572285,30180,13539,9
3,123,0,75,33,36,189732,164128,1.9343366038152716,0.34510101765795337,0.12261642008713085,0.04117685265022915,37754,13396,14
3,124,0,84,46,14,342635,239268,2.5959081774560544,0.8211825363308611,0.06464902024688171,0.030972183138677774,34373,15390,6
3,125,0,75,48,28,260026,208388,3.266329353601761,0.5005381653323232,0.058022493086355494,0.0397322359218532,20924,10405,8
3,126,0,83,60,39,180306,264762,3.283425523643428,0.49872553112746953,0.08067879746847517,0.03411661997602743,28160,9800,5
3,127,0,62,23,58,434542,188834,1.276488075806039,0.20983710740366585,0.07383718321103093,0.026542379350175206,40434,13193,14
3,128,0,83,33,37,203582,193624,1.96208581401258,0.5369705833079743,0.09217759144196826,0.05839900966830861,35106,9163,12
3,129,0,89,22,38,397078,260855,0.9771188767027174,0.8226369580320614,0.07241063897772268,0.035033332244898026,33995,20977,0
3,130,0,93,19,27,140541,95518,2.6050865604058853,1.6531312620651486,0.13901796726426588,0.04720865507964352,21221,20202,8
3,131,0,100,30,56,250998,192843,2.399011020854669,0.8456820363844679,0.1479831914774717,0.04650831081328053,31600,18051,2
3,132,0,78,45,53,357203,116946,3.3716935591225448,1.7162240538577966,0.18077851601229025,0.04156010268512757,18651,20098,6
3,133,0,79,51,51,371677,198526,1.5651014426279928,0.9825706952376637,0.06315154165136441,0.029457641352091352,21742,12856,8
3,134,0,52,25,41,343688,178980,3.0785572526269473,1.7833486752805,0.15737048455193145,0.04039753662036872,15208,12806,7
3,135,0,67,27,16,398541,230112,1.3771497766791663,0.30077376749716345,0.10874951602547389,0.0312803930083878,47285,17009,11
3,136,0,72,13,56,271139,223310,1.4143893513532497,0.9469130636909622,0.24378005277945125,0.0307119167768457,47688,18878,11
3,137,0,90,43,40,439238,185719,1.748774778513682,0.3912074808428515,0.10251357287300553,0.040652199331361744,19958,16807,9
3,138,0,65,29,35,335661,151913,2.058447121242904,0.4206914945565421,0.08815533667589753,0.039441874843356976,22243,16463,6
3,139,0,86,64,46,373480,203916,1.5847009999372106,0.4511916581155828,0.20845011622129606,0.04685749666809392,26823,16754,6
3,140,0,74,46,43,336359,265252,2.0124066838949073,0.5644986542197814,0.1688109072222239,0.026783167828271382,42184,19865,0
3,141,0,72,37,23,349143,150986,4.234421487858995,1.1668922053817528,0.1114065107300925,0.037194556955696394,36077,20453,4
3,142,0,78,30,35,199885,124837,1.7523318822374783,0.3337804280809865,0.08272094432267303,0.02657659424270979,43814,13831,5
3,143,0,69,17,11,205834,107840,1.3191535312698204,0.43323085103310843,0.13217491631160005,0.036116623478781425,46870,18133,1
3,144,0,68,19,41,245881,123267,2.6485143964205795,1.0949980211691643,0.3327462641045533,0.03815754116871336,34835,4409,2
3,145,0,49,30,59,351431,199637,3.9626054813489073,2.0276570620172563,0.17374604190354895,0.03347580820494485,32983,6706,7
3,146,0,71,29,13,241138,129729,0.8500731969044415,0.7468619979806338,0.16585169016131623,0.029944437151518826,43619,13245,0
3,147,0,67,25,41,270392,181252,1.8376689009459188,0.38626679895347443,0.15256399703606932,0.03322298659142862,40805,11815,6
3,148,0,67,45,50,292735,223081,2.4916667234367913,0.6761732147283102,0.07802450541920451,0.02635870544787837,40747,23764,9
3,149,0,81,47,52,441787,93571,5.142009497150424,1.1778974607412724,0.08227462137059992,0.045822451991669226,34751,13519,13
3,150,0,84,33,28,360278,249341,6.434182362467341,1.9598315724182072,0.12318565369690625,0.03175514175861338,40416,16858,1
3,151,0,78,69,23,153869,271372,3.191947303667757,0.8964423886388134,0.13575553746894564,0.047849303661601526,26997,16053,0
3,152,0,89,13,31,315968,293229,6.894233041431946,1.1969502402994328,0.05578201715251045,0.032102159239344105,24325,7972,8
3,153,0,83,40,57,269657,273702,4.136303653553218,0.9206993542899321,0.14213829248612575,0.03965286400997847,26610,16450,12
3,154,0,70,36,14,277167,320635,5.038593472388077,1.0548420888811794,0.21578684412205595,0.046212787937576785,52719,15165,6
3,155,0,68,31,21,300064,211502,0.8335807702607521,0.49891708297615384,0.11303189558020467,0.03754400522788828,19563,22824,14
3,156,0,79,29,33,412584,240300,1.3381436583803525,0.2754845911317777,0.11614440547898376,0.04265615243488392,39425,12231,11
3,157,0,83,39,25,218649,187441,1.9888221735111553,0.3373142308998749,0.06453023844510408,0.027900331576742956,49804,18111,2
3,158,0,95,36,39,320388,233139,3.022829545619201,0.591757075469084,0.16534696339273672,0.04035212758216014,33971,17898,8
3,159,0,92,34,61,329063,206873,1.9686941565857423,1.216382704695943,0.10615349873292093,0.029740428963750287,26817,10772,8
3,160,0,66,20,21,277862,116850,6.848520481284032,0.9480818660882466,0.07746356216131155,0.039151089043625124,35558,3267,11
3,161,0,73,15,37,236167,124785,1.0561157366404115,0.899527757847652,0.07806356644271892,0.030163112084124685,25066,15180,8
3,162,0,85,35,39,224466,290449,3.067890617175867,0.5524858242456884,0.08746519762645998,0.033061580120781295,20902,21237,14
3,163,0,91,33,34,257936,207757,7.123250289349392,1.6563372422774536,0.048019594645213576,0.031919915048818755,43459,16551,3
3,164,0,89,37,16,373762,271016,3.6663682559967747,1.0807193435718563,0.1149985962538527,0.027047343305117134,42818,19570,7
3,165,0,74,38,30,264166,171661,1.919998531991247,0.6020856324487333,0.11394553155442158,0.030070795222390673,26814,11834,3
3,166,0,56,32,30,290086,155376,1.046373521198851,0.5049212248195232,0.1034762669262898,0.030424488605832814,25120,18851,3
3,167,0,60,36,49,184302,195709,3.397326029513952,1.0882894265609284,0.31392942299016774,0.04591248495115278,32162,5994,8
3,168,0,79,27,46,252565,239259,2.080427322323164,0.6021075551054393,0.034454431985968884,0.027901752853845024,29043,17891,12
3,169,0,80,62,16,322935,269604,1.7626042137241924,1.17380797533146,0.26849002464502936,0.03956418145572343,21820,6705,7
3,170,0,58,28,34,133277,209311,3.9818814262601148,0.454535348135617,0.18825342753640295,0.05093719316423881,14761,17987,5
3,171,0,75,34,32,404489,232682,7.9267117165080005,1.9524789899935617,0.14730271750515697,0.04065519523274914,15416,12202,5
3,172,0,84,29,69,240713,192817,5.762618402875133,0.8736989544829198,0.06510499974958572,0.04695340217461361,17992,19235,13
3,173,0,57,28,44,476298,272791,4.89902234057991,2.5222645526717984,0.42119399694023163,0.029409076583847567,19601,14803,4
3,174,0,91,40,23,341998,273551,10.928209384671044,2.4489489348209004,0.13355372328747417,0.035863624975518385,32123,20491,8
3,175,0,69,38,28,116515,160737,3.1529464053296175,0.6739993217176989,0.09816397544297933,0.030959233506016783,21962,17175,11
3,176,0,93,33,34,327752,219153,8.585967494760745,1.2829476339157995,0.13914780959403816,0.049451465042999035,22224,15445,11
3,177,0,66,35,45,268197,150221,1.4495036885347332,0.4339291447883193,0.06773926029752363,0.03194145335902912,17464,20926,5
3,178,0,59,29,47,328998,240813,1.502646077303033,0.8140650070995769,0.2355012792519897,0.044094702522261824,17648,17238,4
3,179,0,68,46,43,461673,180282,2.2824725121327676,0.967543461918865,0.11006266161161074,0.038312152352028596,17379,23693,9
3,180,0,73,70,36,370497,160136,2.466154819512311,0.7290644233853785,0.21115470934852018,0.05043944333048567,29202,14834,13
3,181,0,69,26,37,277427,97999,2.533515950520872,1.386555534867691,0.213250048359882,0.04741180190975601,40420,13950,6
3,182,0,71,45,38,160312,254150,6.276149797437728,1.405681918963519,0.281695896180269,0.025724185224966552,45022,10509,10
3,183,0,80,40,13,387277,209640,1.3635959501120043,0.35183390737071385,0.10740919875000869,0.04231041976169548,30527,12216,11
3,184,0,72,50,39,350973,212553,4.620824428269036,2.3300418419083218,0.20817239152164782,0.03520927873414899,40613,13807,8
3,185,0,74,50,31,415790,241590,7.775368651690419,2.1352139814885294,0.3676297733979886,0.029009323834343053,22172,11545,14
3,186,0,49,43,15,285713,161908,2.8425466259781893,1.3415411647637627,0.13980604499919322,0.03262061049503263,35683,18193,4
3,187,0,80,39,76,329510,154089,2.931843046771812,1.791927909742966,0.16676096975085758,0.0317548692378861,21284,8719,9
3,188,0,73,33,44,275373,227465,4.860222675646567,1.415842486664099,0.30111913920451683,0.05692352237978463,34348,10669,10
3,189,0,99,28,40,308684,257905,4.777254636138607,0.9733273597125649,0.14772706707119532,0.04013511291345322,21802,4336,14
3,190,0,60,38,34,148547,226605,1.2140723388727057,1.3370581135484922,0.2046455645312728,0.04110626560665888,22608,11548,8
3,191,0,47,20,50,331826,280138,1.3521514415000966,0.365144452845253,0.1927609638468744,0.03202318903427274,29470,21087,9
3,192,0,84,31,22,338239,228219,3.039054730347769,0.9685640116856092,0.20455705872962415,0.02667521841154405,46188,12425,14
3,193,0,80,56,35,249614,225492,1.400128970920323,0.768299829998233,0.14528763485107918,0.042136752807678375,38538,10803,7
3,194,0,59,41,25,360665,241111,1.3956872782198506,0.5969271350298988,0.05395933907516738,0.045340973435170594,22702,11271,11
3,195,0,52,53,50,387256,188403,4.988472703374342,0.875144286231779,0.12579460928373642,0.03550543158217841,19457,16751,13
3,196,0,98,62,27,440016,137875,7.0614561103800595,1.2903152639262714,0.10159621126495204,0.044200231119332994,21824,21387,0
3,197,0,96,37,56,197994,200950,3.1543260674711715,0.8126684388103806,0.15537759974025114,0.03477909206532305,36438,19369,12
3,198,0,37,43,38,366938,235692,4.023953325845949,0.8628306052755298,0.0602888965671267,0.02590821602372966,32182,8382,0
3,199,0,68,35,51,433789,157026,3.927394525594556,0.7186586784435117,0.08747801252080212,0.038469170294603804,36521,21969,7
3,200,0,99,27,45,264920,129696,4.85141621376353,0.7471215126189379,0.14168723731385524,0.03839939528905087,24862,20086,0
3,201,0,67,25,55,439491,163700,1.6071739179710778,0.6355116371560914,0.1589253356681989,0.04777719854597003,33355,17358,9
3,202,0,67,52,25,227409,266767,5.487183538920347,1.664902754756668,0.14687378508127513,0.03407181057971471,32707,9338,5
3,203,0,70,43,53,306970,224782,3.4319596080879773,0.7361585269228533,0.05894673161863555,0.03341122370753988,42653,10481,9
3,204,0,58,67,12,127296,193700,9.450700366799907,1.4962969820652687,0.12587685089742687,0.04584097607585783,45797,11164,11
3,205,0,49,54,40,113274,151615,1.7831837796676897,0.476063250388208,0.03622844176195218,0.035791828121473475,39037,12319,13
3,206,0,90,29,31,144662,213765,2.230766791411214,0.7490076522433319,0.04436568372129936,0.027794763451895597,42639,15962,4
3,207,0,47,52,18,441873,209258,6.272893595614044,2.4097516688582776,0.11738100155404198,0.033204516817932975,29801,1357,14
3,208,0,78,35,26,222441,222812,2.1189177421701504,0.4984633949018238,0.14258194306555919,0.042525779190802714,23007,8584,4
3,209,0,88,58,30,222694,325208,1.0759578653160313,0.525288024509461,0.09280702107245407,0.032661592328127625,29694,13850,14
3,210,0,53,32,37,340824,224693,1.2114893397698936,0.2249782495492419,0.04805784763975401,0.036127781376437615,28677,19927,12
3,211,0,61,24,32,225644,165296,0.5416795159527346,0.47997142563988493,0.08648356789796306,0.03399165138410427,28004,13468,10
3,212,0,93,28,41,420499,130746,4.476927269664851,0.8397900396643027,0.07066082043808554,0.02700609355969483,29896,15935,13
3,213,0,82,28,27,486364,172023,7.115124824887955,2.1104994668186885,0.4997241475474541,0.06391298853206792,28293,20493,4
3,214,0,65,27,32,77833,177154,18.113242926831052,3.241899599854999,0.11827747177274522,0.03459338676524579,25420,11016,8
3,215,0,93,31,35,352026,241438,5.394465211911824,1.42066889665307,0.18675014410649293,0.03921424785358051,28692,9955,8
3,216,0,93,52,42,93951,169092,2.4595489997364512,1.0075637253092569,0.13769222269781214,0.0307422245069824,38017,9473,8
3,217,0,79,66,52,163987,150406,2.687927413795457,0.5085318627924482,0.07779050454493514,0.02592167011287015,21349,13611,2
3,218,0,61,20,52,347764,226902,2.889465764060669,0.7778733836779221,0.14622427962351003,0.04181732122542432,43452,11742,5
3,219,0,68,58,43,205630,169054,2.6186763509405084,0.5838717813689906,0.04944141904227137,0.04247364729488129,40824,23306,8
3,220,0,79,32,46,326092,228827,0.41301708206193627,0.25977237024732214,0.06862784456161185,0.04045997161487353,30866,16216,1
3,221,0,72,45,44,303106,157699,0.47667142163612125,0.19575200584205232,0.03334518503050172,0.02284129531324456,6173,18369,7
3,222,0,89,15,35,135193,176403,0.38311350181058174,0.20367951518083544,0.10469300090277449,0.03477974814936675,8223,10727,10
3,223,0,52,47,53,365741,170902,2.457412924766152,0.8326493991612304,0.22592686953979146,0.03909477928994859,31115,14754,6
3,224,0,52,9,26,329899,220566,0.8973952279696775,0.16037829542671247,0.05632015087510683,0.03737300260607766,36783,13463,9
3,225,0,77,44,9,303882,192803,1.8428193710444827,0.3773934184775776,0.052812601035445196,0.03640946193849772,47726,15955,10
3,226,0,67,43,24,235195,138915,0.7414969862918535,0.3039053835767127,0.06372219128560984,0.02857665954484222,25946,16909,0
3,227,0,65,42,61,338966,134732,3.0516147129170044,1.0162930804530517,0.3522209875927649,0.052437104913383506,24857,13230,11
3,228,0,48,28,35,170610,184202,1.7795066111416256,1.2091890679079857,0.18332429214865115,0.04115161418764734,17825,13958,4
3,229,0,75,48,44,199197,129228,2.3575765650839173,0.3665688860382923,0.08159289439725254,0.03178235521827249,35988,20643,4
3,230,0,74,45,35,332092,179289,1.0945490544930307,0.44599092427955594,0.08618292529491332,0.026066426398674698,30069,10417,5
3,231,0,84,36,48,403015,212819,1.4896247312341642,0.8190188103538419,0.1548894831751917,0.02688978019732817,25229,18601,4
3,232,0,76,50,41,252286,140876,1.5177880493492504,0.3188916087481469,0.0848525379647198,0.03511446542928888,30232,16453,5
3,233,0,73,38,38,345701,242420,3.0410016543452802,0.5326162400680609,0.16417729304744136,0.03906652751863442,29056,18743,12
3,234,0,92,47,49,320495,269179,5.243147875841287,2.295014534651131,0.31838371869447274,0.028505440543462063,39677,13439,1
3,235,0,55,38,33,341430,254174,2.136058885408034,0.4726387836501606,0.059228634184126425,0.0269468302143681,25732,20165,14
3,236,0,83,43,45,230821,233440,9.024305462584142,1.9883932754795928,0.08588597744788828,0.02914909141684588,29968,11813,12
3,237,0,49,48,37,285075,221091,5.687369574870121,1.2544940829781803,0.09891291523471094,0.03111597037046492,38494,17504,4
3,238,0,62,34,38,296176,211994,2.3244555148027106,0.3754018748627927,0.0972035412290775,0.03446712349848162,27355,17488,3
3,239,0,56,21,27,449838,218496,2.1685576541928406,0.637812483577333,0.09206562391509221,0.025354998522303086,22586,15782,9
3,240,0,86,44,36,189550,169751,1.648239541470078,0.6077306866947032,0.06001826610003992,0.024543142403174744,17189,20130,4
3,241,0,74,57,31,159620,198745,1.923905373310098,0.6470960049481999,0.08757284650174886,0.03057546444262759,19590,20524,10
3,242,0,74,44,56,599938,207430,2.5378232260537046,0.5201567786139085,0.07312740733155766,0.02576843205977349,23566,18419,7
3,243,0,58,44,14,330896,232052,2.1599579466928445,0.49750333704949123,0.17638550482165663,0.03381411421159886,39610,23880,5
3,244,0,70,39,53,354850,120495,3.768543042582656,1.165310302045807,0.15660589017850501,0.026522795006320155,22628,12996,1
3,245,0,63,51,13,364216,210550,6.317756736475194,1.025882633689673,0.07451411853197279,0.029987016204131297,27850,13663,5
3,246,0,80,37,48,377188,253097,6.826840559308361,1.298257534089223,0.08059252633933355,0.027980377502673532,19709,16428,10
3,247,0,60,33,27,389899,169874,3.310388391899577,0.8552656055664024,0.03361790404603721,0.026486915042269684,30535,14123,1
3,248,0,94,56,48,377645,194527,1.6559205333779154,0.716195005634929,0.1064810757026288,0.024047269100016675,32868,13176,4
3,249,0,49,32,38,412702,106825,4.921620653143129,1.0536906619922881,0.11549928560711362,0.025645828992054302,33549,7670,14
3,250,0,62,53,18,316739,203319,4.613368585783728,1.0883559100059463,0.08188309229686223,0.02676814457268274,47562,18892,13
3,251,0,100,56,60,407222,125566,1.8539664090195498,0.5810181563922923,0.0922424654007159,0.03067715790443248,29859,14457,8
3,252,0,68,48,51,489198,172332,1.9456548362998,0.5175617462478035,0.13862827811275705,0.0396887763744632,32930,14716,9
3,253,0,55,21,47,319591,197557,3.4739137832954117,0.8620427406029548,0.10009506885637574,0.03035598355771331,24358,9909,7
3,254,0,78,40,30,348078,169659,3.5411689066094136,0.6295070972166316,0.11477117369590611,0.037763272529842344,51723,13043,5
3,255,0,67,36,52,242018,191798,3.192398694210038,0.8465028788866767,0.12719891093131316,0.03248057777649958,38473,16183,13
3,256,0,62,32,20,283517,218664,0.5978982132870193,0.31690933258689324,0.07281695981564262,0.02873448909767216,38840,8974,4
3,257,0,58,42,6,335285,198080,3.315511473183276,0.994408965709605,0.06761875769375653,0.02953711019084276,40891,14160,14
3,258,0,100,51,16,261076,207062,0.9600784065995601,0.9309939554935133,0.1521809906879053,0.039018653016270194,37487,12826,1
3,259,0,71,33,26,309247,106514,3.7176987266469617,0.6379459858361333,0.05076519655522175,0.029201200046424604,41369,14482,9
3,260,0,46,37,28,334132,192117,2.4093174117453655,0.5922084361993726,0.07536807482371757,0.025767715380601585,28125,14100,2
3,261,0,97,36,33,452062,88986,3.705902861965131,0.6620194666181476,0.07252843179687413,0.03788789174612987,52653,8269,10
3,262,0,84,57,34,213620,180205,0.6594865854269567,0.4215629180359926,0.09356786842364007,0.028425113258480957,14540,19243,7
3,263,0,63,36,30,342016,292059,1.3101825672319436,0.24349253586335562,0.0636624903972994,0.027365345575793554,27252,2676,13
3,264,0,61,21,8,239583,246824,1.1706035154621919,0.8590998310378013,0.11748957703801872,0.02767730063637235,47314,16070,13
3,265,0,85,16,42,376603,128620,1.7191403562652114,0.28714663121712575,0.035766875565794845,0.04153197640587753,28292,20199,3
3,266,0,71,45,36,384549,172842,2.5963088129421097,0.551330958781993,0.07563028380099067,0.026901914231326093,36627,14579,10
3,267,0,46,28,29,467746,191201,0.7801831787989316,0.3422669100129492,0.153245025360689,0.028996166619502894,25282,8109,13
3,268,0,100,50,60,257431,225324,2.330415472698668,0.5968795915552685,0.119552183992076,0.06015408725508524,34461,18944,1
3,269,0,68,20,36,314555,242529,2.036787173486703,1.6601491429255189,0.2693724737134967,0.038979210307068045,26398,6932,0
3,270,0,97,31,40,380406,281469,2.067761218710885,1.0581035447640221,0.2634738741120558,0.052939836723763914,41686,13315,7
3,271,0,94,20,51,365863,152276,12.322548648177104,1.861488716550942,0.21745019831621842,0.036213011459000966,32907,20688,10
3,272,0,59,46,17,51220,210899,4.178026260358101,0.9100285037341179,0.23877885454298844,0.02696068217518311,12499,14444,2
3,273,0,90,49,39,231255,111840,3.01920175226117,0.40431611145649005,0.06787747142308519,0.02817753045739262,21867,15104,14
3,274,0,65,45,51,357011,220490,1.0760233693585917,0.45425000875417754,0.05071298209823918,0.02974862412410118,20250,21158,8
3,275,0,46,23,38,279020,224633,2.122021418092773,0.3313887333288342,0.0668296886755124,0.03530912875511193,44061,7403,11
3,276,0,68,28,20,381145,201002,3.0759832745178515,1.0941576285225862,0.08733494297519319,0.039012821942897485,17585,15244,7
3,277,0,80,43,32,404207,232678,3.6395081654290835,0.9169966956245018,0.07910147426528868,0.027986550128183144,27318,15030,11
3,278,0,68,14,42,278650,156941,2.765361724997744,0.8656436952247655,0.2122894266982566,0.037064275664096126,51114,11146,13
3,279,0,70,36,8,360082,134023,7.967609588948361,2.086375547160084,0.232641981288288,0.028766339466516515,42476,11886,7
3,280,0,92,62,19,445614,152465,1.086023952741416,0.7209363901608493,0.08158557176984867,0.04240388854558022,21453,20015,5
3,281,0,76,37,69,401850,218501,2.0241571853897407,0.5651764010583077,0.08330539226423729,0.03761227830493639,21158,5707,12
3,282,0,62,17,47,222935,265526,1.0167516061345327,0.3760775684586632,0.06980973281130724,0.02910601788929123,20194,14076,2
3,283,0,85,30,62,281486,157074,1.4710151308718442,0.49389502048548306,0.07815524271989277,0.03624667925112091,32063,11478,6
3,284,0,77,30,52,302748,165829,0.7745360860033211,0.34512451342478645,0.04095696493394931,0.030287422714119404,25042,15958,11
3,285,0,37,72,45,206477,205763,3.9109177569564797,0.6404508931438612,0.08827923019070363,0.033623073236798015,32302,12361,12
3,286,0,81,64,35,406999,372310,2.352192453203786,0.42653321784869913,0.05372056610585595,0.029037246229287855,33091,15871,3
3,287,0,80,50,45,235504,177617,0.8881355515657502,0.33860233778677695,0.0667973253090337,0.025621100003480057,30470,14711,0
3,288,0,75,34,61,289857,248202,2.4027061485652284,0.7625060020268606,0.12700971106113923,0.039706145958326826,31476,15173,1
3,289,0,88,58,52,407184,191073,1.4490899553348016,0.32717001879539875,0.07762816426161034,0.03145099060473994,30860,14467,0
3,290,0,64,22,42,254900,172983,0.5213991198677702,0.28142549567235714,0.054574109795033764,0.029967665045420328,22281,15477,0
3,291,0,80,56,37,266339,133531,1.2564321884322815,0.30368283086511016,0.033766640248754434,0.03190407099811804,15539,16031,0
3,292,0,51,53,47,333805,184802,1.7085754404237414,0.35291378900423076,0.0463037270927872,0.03074154504045128,30542,15318,8
3,293,0,81,37,32,259108,242463,1.6497054809147131,0.6140768497633369,0.05546153345070424,0.023400836678643955,22183,14049,9
3,294,0,100,57,47,453261,156507,2.6235456554838197,0.5235546538556478,0.11667281988554053,0.03289800476463082,39761,20048,1
3,295,0,60,33,29,208455,204817,0.9397193227228043,0.42950781236943497,0.07730162655141908,0.02325892652843526,17497,10349,13
3,296,0,63,21,34,70518,157312,0.719786893270972,0.4596561742734705,0.12340829435180718,0.027400952844443476,26431,25826,12
3,297,0,64,54,24,384299,179118,0.8409366604922618,0.23114835279255785,0.03336215082139775,0.024497330744468814,31549,10617,7
3,298,0,76,38,33,264243,124278,1.199733452479847,0.39274319372320954,0.05245451533334686,0.023253159909866625,42606,12586,5
3,299,0,59,49,29,219236,315912,1.240764279921063,0.23749214172436747,0.05142736403881605,0.022699756956444318,26073,5868,13
3,0,1,33,56,78,802576,526658,0.5756382322443281,0.17996218603397515,0.03599736842493113,0.015298894287857254,19654,5327,11
3,1,1,20,83,74,667912,383721,0.15281012200352853,0.33894664072350483,0.051125631372602155,0.015337006578968094,8994,6384,10
3,2,1,21,59,69,1025702,329593,0.3410193223374209,0.18178792419065165,0.05637000779414142,0.014850769110896368,14991,2569,1
3,3,1,41,55,93,698678,724438,0.3072275110600355,0.083311777887041,0.029795897973028916,0.012935644813939835,3817,3734,7
3,4,1,18,77,79,932401,513293,0.5014183014701238,0.13900900803694385,0.037116187709189175,0.009719083437057902,16675,4599,3
3,5,1,46,88,66,1003013,693595,0.16604706826484997,0.10661830743073489,0.07263877315077728,0.01603522822835747,7257,7555,12
3,6,1,20,77,83,1108296,590334,0.6240980648939534,0.19470963775534175,0.03551245967015009,0.01902490331486352,24007,7543,6
3,7,1,36,70,66,529337,511241,0.3876563425857402,0.1407620729008545,0.05179978041913973,0.013875221188321856,3440,6586,7
3,8,1,26,74,69,520377,523189,0.4552468991624864,0.23146412789270404,0.04582023443298741,0.012245640073123919,4664,6537,5
3,9,1,36,72,50,1033043,608033,0.5445966669690365,0.2556714959874239,0.06568699928996273,0.01368618441162358,9056,3421,14
3,10,1,24,53,70,1000296,619279,0.27472973508034126,0.12767487861096777,0.02606992937974583,0.019045252453988814,8225,5206,11
3,11,1,28,51,89,676614,547599,0.2383853935373224,0.11569396546366666,0.03446355696570549,0.013665968865825944,4136,1666,14
3,12,1,30,68,80,152601,609277,0.5371022951664174,0.27598708120568755,0.02030099886700111,0.014245834482035159,17369,6537,10
3,13,1,19,71,116,816177,614033,0.41781280076540434,0.13507490352261595,0.04996314947875952,0.01990694655353716,16843,4501,7
3,14,1,37,70,132,496500,532964,0.27919655173088254,0.15450753190437647,0.07170150475177633,0.015764992456396332,8297,9083,8
3,15,1,24,80,70,634460,439620,0.43110323574126724,0.24033718600181403,0.04599464463645522,0.012901274323416562,15048,5522,2
3,16,1,27,66,63,836238,549712,0.6498180948964664,0.2379405239762606,0.041630433408924486,0.013321076038348416,17110,3489,2
3,17,1,20,78,102,863128,425170,0.281971544466094,0.1107496408043854,0.03215417280852712,0.011895277248447527,9951,4452,1
3,18,1,4,67,86,1116262,461960,0.5477636658558438,0.14893561843881437,0.0693898029208685,0.013252316406041315,6651,3737,1
3,19,1,28,97,102,725452,539754,0.5572793215604278,0.18824892384349215,0.049376009106618636,0.015454441630943717,16409,3836,7
3,20,1,54,71,87,604739,492077,0.22065216982782576,0.1945836541328576,0.04234053963258044,0.013228414364801055,15630,4955,14
3,21,1,37,100,76,983458,631553,0.7525964484204805,0.20848173791994581,0.04390007971673091,0.01278040939615109,3733,3026,10
3,22,1,29,75,76,875414,433957,0.3125966295486673,0.1465343104943284,0.043481527829965394,0.010062814934153086,17080,4883,8
3,23,1,27,66,88,727373,287186,0.6315762461651221,0.24324811548649516,0.03621235455868474,0.013079242476615231,4899,1051,0
3,24,1,30,56,75,806352,631003,0.22692631859647855,0.20324422764422947,0.0645517995860604,0.01855941799396211,11895,5321,9
3,25,1,35,48,104,724393,504751,0.4119112825675493,0.16227494780135357,0.048414198886381085,0.012350366450903531,5919,3480,5
3,26,1,18,55,53,938407,509506,0.3860774343105751,0.21747008965263528,0.1281985072135983,0.01051850863653105,10820,2303,8
3,27,1,41,56,104,1137587,421158,0.4766744683433559,0.13799186643760783,0.09092380550866339,0.016880186398221548,10578,6448,10
3,28,1,37,75,42,654901,311636,0.6691526011340385,0.24363119209672257,0.0471405536358027,0.012557441512804017,21160,1462,10
3,29,1,37,62,82,884178,418116,0.4127378199786484,0.15324432240091757,0.02435923105909743,0.009934158411802754,1890,6249,4
3,30,1,34,72,73,494048,557000,0.20137425620982444,0.1324936965350517,0.06091999195312361,0.01378189711077293,6147,5937,12
3,31,1,30,89,49,585488,479884,0.5297155085749531,0.20356154282173375,0.04503468885258448,0.011614055820985549,7673,3216,10
3,32,1,36,68,38,912511,466744,0.3434488799253179,0.11902058364578834,0.028225565923734347,0.011792409389970844,11644,4450,2
3,33,1,35,100,58,785919,330068,0.1478981343588599,0.21979221697097293,0.06355679476009683,0.013130777631012381,8440,5531,1
3,34,1,26,52,80,578166,681128,0.6955807350258641,0.1604056536690525,0.026086673690589424,0.014484155735674402,1000,5463,14
3,35,1,24,67,67,801752,494070,0.3230582059954672,0.13825617135589394,0.045023410229031606,0.012074762596601129,13684,6827,11
3,36,1,31,61,59,975782,734192,0.279535670534834,0.14336723839995744,0.039843256512848965,0.014587729186813333,16673,6463,12
3,37,1,45,84,107,510614,536677,0.4591091967746223,0.22525204930450676,0.068171614700633,0.011284805249011081,12163,7069,0
3,38,1,17,36,55,1149307,655107,0.4763220309411428,0.1547265772333773,0.04671347528254572,0.018086422670561996,7717,7300,13
3,39,1,15,48,93,914605,428220,0.19272432531004385,0.24783949326382165,0.03808640757455742,0.011287049398780499,11023,5227,14
3,40,1,31,68,62,918592,348562,0.270922547664952,0.12487736207206142,0.04657208431878137,0.011767767314617145,3915,4418,10
3,41,1,30,93,57,799730,481350,0.46141010875155536,0.16649927858453953,0.04698221652487704,0.014048683782214652,15305,4757,14
3,42,1,31,73,67,1149425,556001,0.6495800418633307,0.18608998645967334,0.08904090405207572,0.010354499671592923,12487,4316,3
3,43,1,32,49,92,992464,566861,0.7712238867159504,0.22342231888608108,0.04090770534912799,0.014806615095397617,7332,7895,11
3,44,1,27,52,52,726484,539452,0.45520105383788023,0.24710307388531152,0.0664719952117632,0.012886874752287236,10410,3483,12
3,45,1,44,95,85,951477,729177,0.38342372800684266,0.25876927998937316,0.06829536477387252,0.010621474182965754,15156,7268,14
3,46,1,13,60,60,653371,539183,0.7118713790175348,0.30017646534714937,0.0736164382060592,0.014604169810956101,15822,4036,1
3,47,1,21,55,64,743950,468991,0.6907099203753744,0.20409396813916264,0.031716985494885476,0.022369644622337752,9628,7209,2
3,48,1,28,92,88,1093326,476645,0.9227712014278662,0.18676002407379727,0.04803350965524951,0.01490361180149353,20732,6454,10
3,49,1,13,85,123,877516,419467,0.3435281452387164,0.1484424464492501,0.03886411703959579,0.013759045609784148,16840,4921,14
3,50,1,28,89,61,932304,529317,0.8285050343734854,0.23608831245359133,0.06772383067803617,0.015748699462441396,12639,5518,7
3,51,1,46,55,94,1033925,608156,0.17180453524851136,0.08590708936854899,0.0795803700970595,0.0171096123807688,8022,2780,11
3,52,1,30,47,73,909644,640898,0.3809411275153535,0.16115451065106173,0.032951559738659174,0.01278106161388204,8174,6154,1
3,53,1,32,71,70,637764,470317,0.3854705341339027,0.21742301276558548,0.05608634248693623,0.012026191240504018,11002,6894,11
3,54,1,17,75,101,1132256,494714,0.35517839082566216,0.10366921844660824,0.05862194512814863,0.01452380390569463,9448,7675,13
3,55,1,23,75,63,903229,435840,0.5378869107810627,0.24842061475975316,0.04131505236938499,0.013666868589992363,18501,4350,14
3,56,1,26,92,56,917359,596831,0.3333170584065793,0.09765061166636081,0.025409489574602373,0.01024919423782245,5314,9400,7
3,57,1,26,43,89,811175,376542,0.8211261102489326,0.1320802264774146,0.03630688332865631,0.009731237499427779,12528,4364,0
3,58,1,42,82,111,1022152,427800,0.49725635850043787,0.34728296130856695,0.045967498303686134,0.01158329241762363,1000,4100,0
3,59,1,35,53,94,1182991,84226,0.9148147491318543,0.222065024146186,0.03239451094897289,0.011738145845201001,11885,4666,2
3,60,1,18,82,51,724931,382076,0.35837047920951076,0.14486121328483278,0.04780882626536791,0.01504715533966563,14359,4684,7
3,61,1,32,62,67,1013083,440893,0.3338678587708449,0.14446256333728563,0.043697665320873755,0.009847779587088054,17201,2132,4
3,62,1,34,57,99,806874,448922,0.2874916942300094,0.1189490707173309,0.03199950268767083,0.018196499375848104,7042,2737,11
3,63,1,41,60,111,400378,370511,0.3425544733996331,0.0695342848988624,0.04425177595719479,0.01754535733278914,6439,2556,2
3,64,1,45,48,84,519188,387014,0.4095925533861105,0.1156483941818813,0.019200745146072135,0.009114836202407791,15116,5470,0
3,65,1,19,70,68,884858,626156,0.22965998552760558,0.08081160273902496,0.026479802516885306,0.010558273496484735,15974,7992,7
3,66,1,21,58,112,1002070,422007,0.6716819171044659,0.20120943027168695,0.03544074823872399,0.01236547735691062,8864,3663,3
3,67,1,17,81,78,921815,319073,0.6404497247681762,0.28040680188163286,0.05159084445425568,0.013446145365929309,1000,4743,2
3,68,1,27,79,67,953819,395715,0.6159039462474508,0.2960497020719749,0.048312739081913844,0.010805338490314224,4706,3384,4
3,69,1,34,95,64,1317921,397044,2.4236650899719487,0.5346720827584902,0.08709954141009736,0.022334907943113148,9537,6320,2
3,70,1,39,75,56,905676,492965,0.7477675894377754,0.19398317357773465,0.07081666123451731,0.011144045271662427,2909,5534,8
3,71,1,29,77,136,747015,535961,0.5807375778297513,0.12270286165270791,0.09692808496250763,0.014806237463140632,13643,6845,9
3,72,1,26,91,108,774671,364641,0.5090327873912709,0.12216468801091805,0.04300564215258968,0.010847534235330513,6136,2988,6
3,73,1,31,60,66,1127000,530030,0.6361996411909318,0.25001889296506047,0.03087207110024988,0.013513909251547024,9638,4925,13
3,74,1,21,47,114,546162,639973,0.7721623923613925,0.1463704457835964,0.04681822362855853,0.011478446239318008,15473,4532,5
3,75,1,50,73,90,1047591,601602,0.6589029984105603,0.17470341708117806,0.07686146812992217,0.016611142982009816,11838,4659,10
3,76,1,13,48,89,803233,557922,1.3871066507754366,0.9168539798700303,0.3556268501722635,0.13290643459727372,19721,6989,1
3,77,1,31,100,65,633684,540772,1.0714776343991212,0.30968966127814895,0.14669886375074073,0.06375859303659237,16988,3858,13
3,78,1,50,91,69,509970,468312,0.8245663630947044,0.4064065903715884,0.07385014724892142,0.0179754039857907,4805,4101,9
3,79,1,30,100,79,1096118,641887,0.8629111342161337,0.2577153075902346,0.04758837753044289,0.013700084036955147,12964,3416,7
3,80,1,28,70,40,628527,542923,0.624244683958512,0.14517360391922735,0.045111159437486156,0.011078727465992108,10764,9315,13
3,81,1,26,78,70,812472,419562,0.26318218611700783,0.10724416740298548,0.03337386248080144,0.009901059463180638,15935,3094,13
3,82,1,28,63,80,605049,484923,0.45073873806563747,0.14561542027231228,0.03536055632027485,0.011252037494134929,12616,6188,6
3,83,1,43,83,106,1193171,432430,0.5879540210080287,0.36943404212746017,0.07204769719889619,0.013469088949110565,7501,2260,2
3,84,1,7,51,67,819634,486113,0.6534835931010512,0.16364483874756483,0.041475054528129794,0.015005524410910928,12380,5925,0
3,85,1,45,31,96,530724,621546,0.8823761534721714,0.23495208434705206,0.04424881962572381,0.012973030261548857,8154,2703,9
3,86,1,15,58,38,714236,482371,1.1431099884883198,0.513965149613571,0.08120064257778664,0.016970974973475546,6768,5303,9
3,87,1,27,48,103,1078627,420540,0.8455406221893663,0.2581548681112152,0.04110272322474451,0.019667720969626965,9443,5622,10
3,88,1,25,92,61,604633,604067,1.0829358142837466,0.6692677625278014,0.05908825446440129,0.013634048243085646,11243,4850,0
3,89,1,35,97,82,727713,627652,0.7553533689318395,0.3953999610834266,0.03732007965829459,0.008650949404775165,16501,6412,5
3,90,1,14,48,88,1037430,421464,0.2894900472775103,0.18238255361755856,0.037352949872694476,0.012088131213773341,7516,5930,3
3,91,1,34,89,84,868458,647994,12.09702192375945,2.5580621182761534,0.7365003959634558,0.32920371291514927,1000,3634,5
3,92,1,50,84,77,556108,596250,1.0090078350525915,0.6363115103900453,0.3173057254672111,0.1761662953044366,9014,5984,11
3,93,1,16,46,55,844670,444808,0.8718610565926805,0.39852560219908384,0.1502791182326797,0.0536147482794519,11281,5454,4
3,94,1,31,64,62,769449,621889,4.430260984464645,2.1577324241029645,0.39892870249229234,0.18458748048151014,10911,6914,10
3,95,1,23,61,99,810482,376810,54.68346447904678,21.739540784062587,2.6886861480606568,0.9433938864260473,8731,2096,9
3,96,1,34,81,68,989311,451829,1.9114118131168598,0.8102778013245325,0.08820020769421064,0.009272266552298541,14748,5224,8
3,97,1,30,51,77,848117,390505,0.6008933524873485,0.20703004476079906,0.04654245634616666,0.010639391206969995,11561,5191,1
3,98,1,23,68,50,781443,402336,0.23672294336526623,0.11977853457726777,0.0435428115828648,0.014010030558823862,13015,4256,11
3,99,1,34,59,97,771618,585108,0.3472096976637544,0.09701601016233,0.052133917820921145,0.014213312372927528,1000,7118,8
3,100,1,48,77,53,1015360,498535,1.0499509223137127,0.2976512498354241,0.037319529050014524,0.015624329773266471,9131,3579,0
3,101,1,28,66,98,655930,388892,0.7480676109274363,0.3858820726516186,0.04415685572827153,0.01331742688314697,9304,6424,6
3,102,1,37,61,58,366418,441039,4.271488378672814,1.2172970934511325,0.3693125850387667,0.1594866631688487,18419,3551,5
3,103,1,17,66,100,754941,433536,1.6368080947269166,1.2343674785772119,0.16627113933712362,0.014835066765928391,9468,7652,2
3,104,1,20,100,80,875652,525085,130.7527137225203,48.326375318052655,16.81161363742897,4.830499987354783,6699,5811,14
3,105,1,34,63,68,716727,727311,53.546336737501065,32.89942521451356,11.770404584630015,6.960950747741768,6405,1885,2
3,106,1,44,54,112,694930,520573,133.05121985995243,64.57157048259008,13.078895049492823,3.3340693615921526,14896,7273,4
3,107,1,33,78,78,727150,527193,251.11669661244449,64.01076102169125,15.793864230137725,4.412307473606166,7097,6124,13
3,108,1,26,67,72,795088,654115,625.9321621913905,238.48536234658008,10.980190999986581,4.3345931744743185,5735,5182,10
3,109,1,29,48,98,540341,445714,433.2157143197132,87.92343667321741,35.12629514150903,6.9700184018713305,14583,3720,1
3,110,1,17,100,50,932276,633287,363.9652242508187,58.555212709715995,29.55479764827766,10.420152285542661,11959,3292,13
3,111,1,36,64,29,267532,457549,278.43255893127343,107.42181491716798,17.714181071489588,5.789704958101847,8819,6010,0
3,112,1,38,64,103,908001,463979,176.36199678566246,37.97339076529684,7.045993730109261,1.9285943122313733,3361,1917,6
3,113,1,25,72,63,862659,467030,70.77406210675565,59.634767827342515,14.109581397974665,1.6650548192261994,12771,3646,9
3,114,1,25,95,97,899405,489298,298.4793810185218,118.92602673792697,27.462162875869417,3.875891365846959,14134,6395,12
3,115,1,32,44,80,414314,482506,222.45865180441453,52.37781678778323,7.527387617621427,1.1577214098979698,5233,2186,8
3,116,1,25,74,56,858565,535825,30.17270171273088,12.651760060245053,4.604969879894411,1.4309303478786022,11824,2277,12
3,117,1,29,100,92,691499,457571,371.3791776505131,89.86674291243901,22.37022956033668,3.462189888931158,9496,6042,8
3,118,1,50,71,71,1120438,510045,167.97627580254087,74.29808762987949,13.426579983389495,4.76852778875416,5579,4467,2
3,119,1,27,51,58,872344,338834,4.637831041001734,1.1334196114395785,0.4790135860529315,0.21604266409157294,7779,8329,2
3,120,1,26,60,58,564654,578241,10.902846135044289,6.8187024707492165,4.209409976579293,2.1638065110354994,9764,4389,5
3,121,1,23,73,45,461898,613202,414.0974032150914,89.63912755295982,24.552682892862585,8.20649304821594,3408,1897,11
3,122,1,37,89,88,677045,522156,210.83975249101576,88.63562914935932,15.730628391816358,10.073972974617968,12854,7266,5
3,123,1,28,64,61,962312,574785,84.99857171295359,27.877344037066038,3.647480912554677,1.8052311404816508,6448,2340,11
3,124,1,23,82,79,1030491,416256,17.50521113293238,4.7722681454952465,2.0506751882988925,0.3968384020375239,6647,2980,3
3,125,1,43,48,76,836279,651758,0.4370315791907014,0.14806690023313576,0.023742069863591647,0.010118690478968342,12527,4328,3
3,126,1,44,48,61,816006,519019,0.4355246040277959,0.10157550030730689,0.039703616167965104,0.0144118846198245,7736,5325,10
3,127,1,23,62,49,733590,339486,0.3599705072977211,0.14144298289708243,0.030666351474386254,0.010674283012767306,8922,5761,12
3,128,1,11,91,130,795728,621538,0.5152448137954061,0.12027971276653968,0.025831417484550517,0.010624369954529173,9472,6921,1
3,129,1,40,71,79,1043144,571773,0.3089608091021907,0.12109547461708689,0.05936335179492098,0.011044705832882407,6124,1000,3
3,130,1,23,74,116,730675,687163,0.36051788910527516,0.12362083210690523,0.04607056224408103,0.008887651138818243,7410,3117,4
3,131,1,37,74,103,931760,666387,1.4100367996025456,0.4802427329218012,0.08131009566164918,0.017887334264161094,9911,7116,11
3,132,1,10,86,73,694316,634181,179.84009398801143,60.12680917022367,15.474037184118226,8.224031877885574,9922,3210,3
3,133,1,38,60,83,1002654,547397,142.68316723192504,45.90305058860378,29.328000039753366,5.260610809674317,12635,4897,10
3,134,1,17,80,83,915744,571302,117.36946446875498,52.29593940383073,26.00749217852857,4.08348994228857,12856,7694,6
3,135,1,37,57,116,994423,392135,121.35663354897207,121.71436706073786,24.63157614007875,6.204814013921276,16093,4657,5
3,136,1,30,99,96,1176423,472299,98.58940613163062,26.274743899414066,19.4827794574118,6.2074947058902294,2468,4475,4
3,137,1,20,57,63,283602,798423,204.1669581036296,100.44190283334679,16.99792090442366,7.9396598565763705,14564,4679,3
3,138,1,25,56,87,950754,327233,61.52157512582307,21.85770045900163,10.727992580839944,4.838388769626548,8297,7575,14
3,139,1,36,78,96,893825,531024,8.440736863845284,5.484828901621838,4.256778350955553,1.1487353412089314,13291,1794,2
3,140,1,31,71,56,889499,496055,0.45922513437044604,0.11089219539259326,0.03479175891231198,0.007152559678855503,11697,8574,8
3,141,1,35,74,89,848118,585334,0.25593215720073137,0.18642780892795094,0.022214188128216454,0.010112507941360928,7113,4547,11
3,142,1,49,73,106,847976,519861,0.5008254013148418,0.12955030424884723,0.03093870844967671,0.011976050309779536,17600,4317,8
3,143,1,14,53,62,867273,621457,0.2532809757125527,0.20129925358138104,0.04809187673835116,0.011211336223130579,13806,3377,9
3,144,1,46,94,65,981198,501514,0.6621442895987896,0.20029207285799167,0.044455470437267885,0.010741835426441734,12103,2730,10
3,145,1,31,83,103,965259,577426,0.31988390108120046,0.22698608757851088,0.02371201176520426,0.01017022710580218,20950,1000,0
3,146,1,21,90,72,795008,536568,0.2871270938750849,0.1318569842323772,0.02903658924669904,0.011862506474699514,5128,7435,12
3,147,1,16,62,60,762504,470838,0.47638818450423265,0.17322027806483045,0.03829108157601901,0.010073986125687183,10125,1000,12
3,148,1,28,76,97,804030,456596,0.3955641109710896,0.15250202556155038,0.015837885866561527,0.011040426857419029,12810,4897,13
3,149,1,39,72,91,717424,627786,0.5886057112886381,0.2002646474049217,0.03775630871367387,0.009174898119712577,4664,4115,2
3,150,1,28,86,81,1156046,562494,1.2217568520394568,0.415214421680483,0.12857132422640474,0.1063056140545961,6680,5585,6
3,151,1,45,87,102,545847,599620,0.35764976991168484,0.15759947926767676,0.029566017217361604,0.011113894706767621,14983,1008,9
3,152,1,15,72,103,949957,625479,0.4351311987185441,0.16801114962357683,0.0539144212069898,0.011097695961198898,7518,3348,3
3,153,1,29,47,78,948768,448221,0.21379079460034858,0.30912502285700183,0.07191797106041484,0.014364356676487925,14359,5949,8
3,154,1,17,96,119,693921,472917,0.44930761024006594,0.13069821450262187,0.023461881669585707,0.010380277169819962,6852,5368,12
3,155,1,33,78,111,859210,465919,0.2709863743688719,0.15714308948292777,0.041257034213174434,0.008700125048725952,20100,3672,0
3,156,1,38,60,40,1052591,603112,0.9093357628011454,0.2070915753945139,0.06119508350893069,0.012647309030404964,1000,5206,4
3,157,1,25,76,59,733994,509087,0.6314771808070976,0.15137139465010965,0.05680537024077239,0.01087729683682877,15043,8445,4
3,158,1,3,47,34,1062386,518326,0.2566151696439071,0.07283711589122412,0.02538019433650859,0.009035597951715938,11254,7178,7
3,159,1,31,85,73,1023647,394525,0.5618182716551983,0.2957681095782881,0.019447754177154233,0.01132396613953421,2346,6943,8
3,160,1,34,47,55,658027,582403,0.35278555767272546,0.2258924457195067,0.05176827107152173,0.01009417494675287,8884,6099,5
3,161,1,34,66,63,578387,585714,0.18466452167639646,0.17079476987759454,0.05164673557854626,0.009445467053157922,1000,5362,2
3,162,1,42,73,101,833086,556101,0.6821884288096253,0.2468463874762688,0.026118378827873767,0.009586688518192929,11761,3632,2
3,163,1,19,85,44,551940,516281,0.6667379497005069,0.12950916180500463,0.06048065398105723,0.011007690871502317,7015,5111,6
3,164,1,36,71,82,219059,604324,0.34990606942088387,0.3721616683510786,0.047754036499737924,0.009243689011447011,1000,8933,6
3,165,1,41,79,82,702117,495099,0.5857657342446395,0.11504336743582283,0.018016058103789565,0.01002838061720807,10828,6839,8
3,166,1,12,69,78,1234850,641959,0.4682186853742196,0.14723959219151073,0.04259656797976865,0.009962111013398181,10724,4283,11
3,167,1,33,69,82,710568,571488,0.6019634350935638,0.3389421946335395,0.03133457665425233,0.013310507035229506,20534,1000,1
3,168,1,24,71,35,875900,373777,0.2883533442888567,0.139402046309692,0.03498587691747416,0.015297443356652372,14140,6514,13
3,169,1,29,67,63,939997,486644,1.6477401813295336,0.41432065472378365,0.027327237048976154,0.016477337783521246,1000,6872,10
3,170,1,33,44,110,791764,532493,0.7706700377107899,0.17696211268716372,0.03444710696570634,0.011224606501016735,7358,3914,6
3,171,1,25,58,56,733275,430336,0.46363990152171336,0.18170702151813867,0.05366354604001231,0.012475436401416266,15523,3664,12
3,172,1,23,73,113,1045743,607956,1.0491974626495488,0.21666101160538542,0.034397833064579726,0.012830783364993036,1866,1102,12
3,173,1,30,66,51,807983,302392,0.9080928993003606,0.2251132887307713,0.04197217405769358,0.014650611010633238,6142,7511,3
3,174,1,19,67,49,781722,580379,0.3284471528488391,0.11998722773250343,0.03376041314029214,0.007612470105946188,10009,4170,8
3,175,1,19,65,60,959498,569035,0.17549073475939247,0.06290917940462748,0.037988912779208975,0.009253249896079343,7359,5521,3
3,176,1,36,57,102,594087,301250,0.10989163300105663,0.04192229126283226,0.019699191177835213,0.008214894250652797,17955,2802,8
3,177,1,18,62,69,547377,510350,0.3630455986143245,0.12313912484532029,0.0435652931957349,0.013481082831688284,10915,2104,12
3,178,1,36,65,86,475018,456502,0.6701623249564312,0.14589491382077666,0.10043406775089084,0.026965105940151512,10166,7991,5
3,179,1,34,70,81,913602,641752,1.2858274788464252,0.37064135985683483,0.06766141594961424,0.014187675438322634,5416,4221,6
3,180,1,12,75,78,767267,416250,0.8798438499052084,0.24335427715045133,0.0772850582961617,0.012407434819219288,4487,3499,3
3,181,1,23,67,105,965271,579917,0.4997132012706879,0.25411484094396414,0.08697218421229885,0.015035780883725357,10520,10804,5
3,182,1,41,54,95,810182,599832,1.0664654662192485,0.2536839404494063,0.08172224653454954,0.01350935200275711,9599,6970,6
3,183,1,20,49,57,525808,460740,1.6415376652637694,0.5378211010165646,0.06454515683074721,0.013628784401283182,3914,3557,2
3,184,1,25,100,74,728877,629774,0.7068226428994591,0.23104084762857643,0.03627116569970776,0.010249453321293605,11170,6474,0
3,185,1,34,53,114,979359,458447,1.3338226986568524,0.23545839443969072,0.049439115306241115,0.0106740112349972,10286,1789,0
3,186,1,37,62,86,747565,633254,1.5964653158331,0.5792600564576577,0.2143320700522245,0.011567882477412025,8458,4361,2
3,187,1,27,77,49,1037362,760436,28.011492166499618,9.19515247617764,3.378955623402692,0.7440695950355035,15962,3324,6
3,188,1,24,75,51,709286,593024,1.3250736315708964,1.5053173280305365,0.6615402663855027,0.29189990561238577,9938,5836,12
3,189,1,44,77,97,943871,561216,0.15132331238587476,0.08745274904235163,0.018091878655462804,0.007707989829873397,8809,8313,9
3,190,1,47,63,94,443482,452688,0.1393197538583103,0.04726388882257575,0.0123770574478701,0.01051317086942213,15655,1611,4
3,191,1,39,73,61,754710,685705,0.8096134533278182,0.12580410636554407,0.02144115020981236,0.007591887505779581,9245,8714,2
3,192,1,30,70,94,722586,588823,0.17098925896777134,0.07260737574786516,0.015562571006485754,0.008128619541492809,7992,6499,2
3,193,1,21,65,111,520425,453956,0.408505779158614,0.10624389966796488,0.03794761467406085,0.015990141150005754,4149,3001,8
3,194,1,21,73,109,1022384,649911,0.22123353437728255,0.05931179124018958,0.023880094744873605,0.010938081248036361,10303,3039,11
3,195,1,35,85,112,671986,510988,0.3239946048994962,0.11716867056434377,0.02611777571877963,0.009700329380579556,14662,3570,4
3,196,1,34,69,91,651344,567684,0.7330255588299601,0.27558863953645574,0.12214165557805699,0.0641288466688842,7915,3267,8
3,197,1,44,69,76,1060259,458959,0.3386429277339438,0.1772612772939905,0.08101076859817612,0.050709258593914834,3353,3329,9
3,198,1,36,86,71,832289,406141,0.2349698142312333,0.06236908962359075,0.01219430974782961,0.008561475047641548,15054,1371,10
3,199,1,14,84,79,955960,411340,0.2807549098939885,0.09957142065130158,0.02116135611187276,0.010105085289256393,15251,4609,7
3,200,1,40,93,62,459458,461861,0.14199310372802057,0.04880822189778677,0.0175094822139659,0.009803375831930446,12924,6493,0
3,201,1,20,43,72,640291,551317,0.23703443238468438,0.14615517936408057,0.027050317435461414,0.01153979002575031,10480,3851,5
3,202,1,26,83,105,1217277,470190,0.31390429820179266,0.07405168837554663,0.0263600446265845,0.010338844862775323,12100,5594,5
3,203,1,32,79,47,970809,420870,0.17259952185142224,0.14839812460030993,0.015492968366690008,0.009153323801232993,2249,7250,4
3,204,1,49,56,49,585333,404888,0.2342381273238888,0.08291561860960812,0.03457035452913263,0.010571095613871512,7089,2009,3
3,205,1,61,73,96,845006,626648,0.6858950962020036,0.12245268483382866,0.04366363641808671,0.010122183752225183,13377,3664,2
3,206,1,36,85,72,600869,487750,0.6796931189348809,0.29194798001937033,0.029133094893632458,0.010757425145622135,11691,1988,3
3,207,1,28,57,41,1078767,304235,0.2046517268202601,0.09433414991920604,0.03576546373758025,0.009507966137697721,14512,2197,13
3,208,1,35,76,78,346050,499225,0.23938249517487217,0.12308621135165662,0.04747661920087265,0.0141584526901006,17669,7722,12
3,209,1,38,83,75,855059,458461,0.24107642685127864,0.09304920236162188,0.04319325078168823,0.02037240154727323,3824,3991,5
3,210,1,26,53,71,852056,520446,0.32860461701179017,0.12498876417660629,0.024447687305776934,0.013887828463708755,12417,5925,10
3,211,1,47,67,93,577474,443277,0.19190389073352593,0.09502629565204002,0.03368067674597983,0.018913374354483415,8708,5330,3
3,212,1,32,74,53,745369,628687,0.21832830364575334,0.11910978011574187,0.13640399625637203,0.028140199934942538,7767,6416,13
3,213,1,34,58,80,875108,484660,0.13952892542684087,0.08482787349903975,0.02925401947899824,0.0117195552845739,22359,5295,13
3,214,1,36,56,75,444374,478960,0.19357512478318614,0.052922835711504614,0.019176192717639977,0.00995275203398982,2148,5213,2
3,215,1,34,67,80,544088,468395,0.16134087600526517,0.05721218119454558,0.013214190099122784,0.00991013013523767,9090,2034,5
3,216,1,38,82,45,768978,547368,0.09883001651578434,0.08406929440851671,0.01887318612979452,0.008835348746057216,8818,5069,9
3,217,1,23,79,69,633387,539493,0.42264742315509857,0.14767010558818616,0.021303835120164764,0.012652954609924794,10238,5047,14
3,218,1,24,57,80,707374,460915,0.20957994059033275,0.070641735908239,0.01660348430452789,0.00974733796028405,1000,3116,2
3,219,1,18,79,90,795984,502385,0.1664353397225608,0.05504604145021222,0.017548369656185156,0.009566384464327027,5094,1000,13
3,220,1,34,57,116,617908,474698,0.06774870058103256,0.02764424029366484,0.013489348434496288,0.009070293769953322,10244,5489,13
3,221,1,37,45,96,794684,584970,0.15682061322496207,0.0536691561910961,0.014792686827525782,0.008844282153523286,3023,7448,2
3,222,1,34,64,89,859599,371121,0.10418367661328151,0.1401720591056076,0.019396493551179998,0.009108980005905003,14767,1460,2
3,223,1,46,86,105,955773,465939,0.2125463664602931,0.07899017556648592,0.013152348638048348,0.011607727205773178,12898,4663,2
3,224,1,29,79,73,550834,480445,0.0854071350094487,0.0751310089592642,0.01704252414239383,0.010886941625628813,2063,1000,5
3,225,1,36,69,111,674319,639468,0.15424651006837764,0.053849375527622194,0.015730487869884315,0.010736230597983794,8848,6299,1
3,226,1,19,63,102,917708,617534,0.17589183880586762,0.09406200308864676,0.01387035502051727,0.009908020424057851,11877,7368,9
3,227,1,26,64,71,503582,539215,0.18811639035095934,0.12630888649171976,0.03051631716349912,0.012176752332704419,3121,4804,10
3,228,1,36,71,118,821238,400558,0.38235044964235715,0.1356198183722243,0.020473773795730184,0.010599571536288094,2112,6249,2
3,229,1,38,53,88,805619,505724,0.18775068182699448,0.09843263116998238,0.02422842651617196,0.010797125777008813,5212,5127,12
3,230,1,27,64,123,282632,687964,0.15325242371691475,0.044456341597288195,0.014562315638660743,0.008684809812381946,23437,3058,4
3,231,1,29,66,86,701130,485130,0.08432118684249384,0.04155712233655733,0.0244543674871378,0.011206770332253244,15471,4731,4
3,232,1,14,49,68,866156,512861,0.3673672295711478,0.2601545595971371,0.06144104567159314,0.013559356128873053,6957,4945,2
3,233,1,26,57,64,757629,518641,0.3340166253497963,0.2541498271260982,0.03814049212917822,0.011744528192979381,3344,4709,4
3,234,1,38,76,72,705143,415022,0.45024507947197073,0.14785646076198078,0.05195904254187144,0.01319660119383163,5873,5742,0
3,235,1,35,70,68,831234,419102,0.391988498086632,0.17516748827603318,0.027872414068142982,0.01460439279999874,17611,5265,5
3,236,1,35,65,105,997779,418999,0.14348274595047977,0.03992386630131704,0.013945712145228035,0.009140266409999851,20168,4611,9
3,237,1,30,56,79,907517,470172,0.13983765985244292,0.048209179404186384,0.01627189028147181,0.008282680573466199,5940,3717,11
3,238,1,30,93,47,648829,544220,0.2876174156659491,0.05980495162510189,0.01036067256092727,0.009676929227360295,11555,5999,2
3,239,1,23,57,84,508202,516993,0.30411368148679896,0.07580383853429046,0.017507549463124505,0.009779276999914084,8688,5860,7
3,240,1,36,73,82,903893,550737,0.2251943249578995,0.13654376650566177,0.01649412603550233,0.013761589042640347,16351,5353,9
3,241,1,34,62,70,564452,716041,0.5490403668795905,0.12281262894661717,0.021808718375816577,0.0113197780866887,4530,3341,1
3,242,1,34,70,85,694393,759485,0.8198265699969455,0.27835752015304027,0.08015136160392045,0.012417005251103067,14894,2737,11
3,243,1,24,76,79,840188,509383,0.7849947411074135,0.17884044651001704,0.02265221942667572,0.009322763837694424,3299,6351,11
3,244,1,8,49,92,1029305,592318,0.16789107822911883,0.06342617553996825,0.042003029026265175,0.012920395004406936,14738,3216,13
3,245,1,40,69,91,1057162,565910,0.6619324079053247,0.2271481180146193,0.03254892617257879,0.012352052276014028,5746,4324,0
3,246,1,25,87,87,812137,607694,0.9268562401423347,0.1777493605766006,0.04415797288294004,0.010588453853486146,8427,1888,8
3,247,1,21,96,54,698101,604169,0.8876948508117928,0.3240454407578219,0.03611292664229578,0.010525592883454057,6772,5886,0
3,248,1,36,68,122,559871,447178,0.24925107725160606,0.07478735460978088,0.02342456441049274,0.009542016691560958,19805,2520,13
3,249,1,26,70,48,1191726,698132,0.24194129224508568,0.13584639560551087,0.01923100727996159,0.011143007842435139,14969,2417,11
3,250,1,40,100,77,742022,653109,0.3168951366139491,0.08510149740223583,0.023238597364691863,0.01291986133719368,7943,3021,12
3,251,1,36,87,58,935565,596657,0.22613548593217314,0.06586987185425018,0.014494450348121999,0.007227866450790663,5876,5858,5
3,252,1,36,60,87,839356,568566,0.2587354120282825,0.06910071195859221,0.018220241083971772,0.008991745847699906,16567,4567,2
3,253,1,16,60,82,700879,539840,0.16754960090825013,0.09507244189611024,0.01670091512280396,0.01055498979432667,1000,3732,9
3,254,1,42,84,76,692408,520523,0.2980842511525964,0.08336885546505161,0.013620240853049618,0.008626767292059152,12395,8305,8
3,255,1,32,54,110,523375,578765,0.2859712266128128,0.11688626573977948,0.02240209482020532,0.011576525748172096,5203,6044,12
3,256,1,26,86,102,1024485,525375,0.3977502418215194,0.10822206975760905,0.041077987465389286,0.011417163279436215,21270,1016,4
3,257,1,31,75,73,775893,537797,0.7068004158454481,0.17043940389420972,0.023435020344618297,0.012349017944123297,23653,3253,13
3,258,1,12,77,96,1085914,502359,0.3706073402027751,0.07171402938619309,0.025719415723913584,0.010242483189519288,10153,1044,11
3,259,1,34,66,111,710246,486649,0.2446201471643765,0.1167241604224967,0.026521718998759183,0.014103285741332797,8172,4043,5
3,260,1,19,60,102,740395,691573,0.14204682608156183,0.09935683888093823,0.02297078071515652,0.011563547508575295,10340,7072,1
3,261,1,16,91,77,573347,521065,0.41230992175591513,0.11731090797799733,0.030768372332746013,0.01084190110210001,6891,5497,6
3,262,1,14,66,48,737711,471532,0.5722521050066087,0.11847771055541508,0.0186074535535653,0.008995072242664272,6027,4532,4
3,263,1,41,63,86,551976,529084,0.48924257263336424,0.17750663039458722,0.02872119273087067,0.010888620913427086,11172,4056,10
3,264,1,23,68,93,880532,391725,0.6860446417803157,0.22656448326690923,0.03896559819050957,0.010999268016576018,13118,5639,13
3,265,1,45,72,64,821561,606642,0.4058328883664465,0.1435354736244129,0.016353739391611305,0.012968454118322396,10666,1611,6
3,266,1,24,54,80,1094975,513796,0.4790799725662359,0.13771373808312315,0.03037221694219144,0.012648922708630116,11450,4759,0
3,267,1,12,61,78,508448,479828,0.322845602680722,0.1619450037019561,0.05903564925194408,0.013298415586719112,6837,5337,8
3,268,1,18,60,107,1043200,469583,0.8940867206623325,0.20866572463505698,0.03648560858499375,0.011585753124329716,5330,2452,3
3,269,1,42,82,117,604311,354714,0.5545460348561938,0.13806956305362586,0.03614186004089132,0.009338072202064398,5282,3224,13
3,270,1,28,56,103,868846,695125,0.20177634299248412,0.1277618544747836,0.030213192632432644,0.008499472908737534,13859,8934,12
3,271,1,24,43,78,570912,532470,0.2289840405325316,0.09162762245209358,0.02724631655764574,0.012021725704343962,10398,6055,2
3,272,1,31,40,102,840554,693702,0.9238804314322108,0.17243829130660687,0.030679620235710848,0.010434778341843079,11007,1590,14
3,273,1,35,47,92,297880,487491,0.19464240196487986,0.08469935807308367,0.023112047220990396,0.012793643956448879,11706,3499,6
3,274,1,41,90,78,665883,558966,0.43638285947395083,0.20195587601974777,0.02557383250477712,0.01058810263322781,9710,4941,12
3,275,1,44,70,121,821219,586912,0.14576225872500745,0.06663840227345029,0.02009828208747588,0.00972898791535845,10542,9616,3
3,276,1,26,77,65,1151089,562406,0.19106232126860132,0.0968840422872097,0.04206251622586404,0.01078600938606313,16479,6780,7
3,277,1,16,78,92,374397,468266,0.1800078544530022,0.06344713580937718,0.02130907475592486,0.013554056760669685,13884,7179,11
3,278,1,25,70,96,799544,336301,0.5119433722214681,0.16041504517688598,0.014795868404935467,0.010486575949269893,9138,5795,8
3,279,1,32,68,74,696251,739087,0.30333122591128875,0.07309558193767236,0.031847105652113676,0.010464295360794847,7639,3030,11
3,280,1,20,85,91,416789,440288,0.11883199383533723,0.13416648437951792,0.023206045336486184,0.011320304067786089,15136,8190,8
3,281,1,20,72,98,575034,767055,0.28644758513536694,0.07625335006685376,0.02723455153988138,0.010298234026673141,11663,6708,1
3,282,1,33,90,84,705777,452980,0.28842695425221365,0.10175711047512047,0.034110291631632234,0.011439573431829964,8460,7550,8
3,283,1,29,79,89,893415,651193,0.2089522034385581,0.09513203746966403,0.01894017919910935,0.009362266335537826,3543,8401,11
3,284,1,30,60,82,817579,571830,0.3322037296074155,0.13402605746839638,0.04034404994076434,0.01343138383443324,18470,8111,5
3,285,1,22,62,95,537503,576405,0.26779809154502915,0.12265285525962775,0.02906821408978841,0.011868432052347052,4364,4967,11
3,286,1,27,59,75,433192,450490,0.2351849415126031,0.17410130030382992,0.033635562343524245,0.012585926172719569,11422,5546,3
3,287,1,20,88,73,883529,472659,0.3189870522169189,0.11983078833394072,0.03005110478240288,0.012702544509342523,19126,5385,12
3,288,1,38,63,80,760946,474079,0.1734078885353639,0.10556433016158735,0.04349048823038428,0.01128185937905336,8293,6857,13
3,289,1,40,58,103,1122284,527476,0.237338889936343,0.2756751489060148,0.05209000573123968,0.02176730354421641,9772,5663,0
3,290,1,11,74,45,729488,491526,1.0893876990193507,0.29485093920226935,0.045049039323949845,0.013274628832498836,14268,5290,2
3,291,1,20,68,61,1028646,459328,0.19893990148264445,0.09568484134645988,0.019074925014883563,0.009342673015762856,4034,4788,9
3,292,1,15,74,125,908767,418447,0.23199719635553867,0.0677173865734274,0.018352002215497407,0.009569632905416637,1650,4702,7
3,293,1,23,98,85,964321,428301,0.12312652322566192,0.053640613739761214,0.026115539157033112,0.01274670796048775,8214,5602,10
3,294,1,29,83,71,886482,553374,0.23416487946778064,0.1597528800537658,0.01917686217223065,0.008134425710343675,10403,7596,10
3,295,1,15,70,95,890866,429814,0.24996536999524294,0.05152879761395894,0.016161225451150205,0.010534716935154407,10346,3095,4
3,296,1,20,48,64,341628,390095,0.3035504537037002,0.32472014985164954,0.03091227692140434,0.010157860904083835,17086,5145,10
3,297,1,19,62,37,752617,514101,0.33562982017585546,0.2743448949427431,0.04593251139338165,0.011570462415981288,5270,5690,1
3,298,1,32,80,87,667276,281802,0.4457534163367607,0.1235241651871971,0.03142092859920315,0.014118406568799917,9281,8312,7
3,299,1,30,52,65,1054130,499360,0.3011920843636811,0.15344021741091712,0.05665732801793192,0.020777428075707705,17536,4135,1
4,0,0,42,29,28,429937,143314,0.22948074762306284,0.0594588957198735,0.02491962311423369,0.010760656800203007,11722,17575,4
4,1,0,94,29,37,307595,201477,0.4523478482294464,0.14199148532622644,0.02649978003998868,0.008591262703890275,18457,13354,2
4,2,0,77,61,54,454976,266993,0.24751431989612588,0.062369709168135744,0.02249856997332475,0.010198621740748518,30402,21639,0
4,3,0,69,67,63,444659,118731,0.2707597478507136,0.07965246450622379,0.019861679441132537,0.00954964882153231,31800,9003,8
4,4,0,87,26,56,205000,231428,0.24779184744606855,0.09268008959214358,0.016392637369368853,0.007988876448388969,29044,18055,6
4,5,0,97,29,47,307100,137540,0.2955066343305981,0.12210764149002382,0.032340003221745975,0.013807726946671603,37983,4423,7
4,6,0,32,57,54,227757,184024,0.20099770474653453,0.12372792934068065,0.02707098144118372,0.01149318322830307,28997,15467,14
4,7,0,81,48,22,285518,189444,0.11269959919223065,0.0830843459824033,0.04920482284382338,0.009414565920730667,40226,15302,11
4,8,0,53,50,29,465821,141093,0.20309350275585805,0.133844873803365,0.03698993503718577,0.014359764043851966,33234,8974,11
4,9,0,82,53,47,235838,154465,0.6924024295637783,0.19082369672394656,0.02619010884354098,0.011860161264035664,18821,22671,13
4,10,0,76,36,38,181384,196366,0.30284813825340556,0.14359723114351644,0.03579376532536796,0.009460746170989022,31617,9519,7
4,11,0,84,44,45,187999,268839,0.27512645762924215,0.0879598558065332,0.01923964745646332,0.012644187212475807,29215,13311,14
4,12,0,67,43,54,260453,224049,0.201621692673005,0.07899859457759924,0.03458812811681947,0.008186785554451655,23289,20902,2
4,13,0,46,27,52,674537,118042,0.31170194569248383,0.10618689059621615,0.030908703779226252,0.011926996687198646,14827,16129,9
4,14,0,68,44,23,447282,223285,0.7120388128469047,0.13785085340023306,0.023007305180944758,0.010187362824447443,18201,13065,11
4,15,0,81,58,40,12704,202050,0.47621186527397635,0.11206196634426459,0.02807294418876122,0.009353690203253625,21521,12005,11
4,16,0,90,34,26,296419,168346,0.3557108745276157,0.1293787942174799,0.02091041350154306,0.010715640334779307,40587,15105,5
4,17,0,57,42,28,237104,178137,0.29846249854569773,0.09354149069040837,0.04455903467891574,0.011317012726343877,26751,13052,0
4,18,0,90,43,14,398632,224877,0.4599980880066605,0.18373109795361636,0.02184717904057542,0.011773779713986866,42221,15579,3
4,19,0,65,35,42,182099,121400,0.28199189915309536,0.11919064963777097,0.03284407704921451,0.01127339468224119,19777,11766,0
4,20,0,80,50,13,196356,167652,0.2508400456248931,0.10378834368586266,0.037551413502868086,0.013277312832467466,22940,19433,8
4,21,0,67,29,45,242851,142727,0.7552867715473329,0.17728453783904485,0.03641667057767314,0.010789145196486428,24376,11839,7
4,22,0,77,59,60,230829,160041,0.16695168431399707,0.13047983920655148,0.04894694046313846,0.018082927128454787,27086,7546,14
4,23,0,88,49,47,365154,216467,0.2976776140605997,0.13588803595669166,0.03662889739925122,0.012275521824076758,32403,29086,8
4,24,0,56,25,40,266544,202438,0.16366146762852718,0.06042478155852948,0.027520237680551254,0.00977682864538217,36267,20008,2
4,25,0,64,65,63,400324,233559,0.3068903557658492,0.09021999974511169,0.02959199003491085,0.014001655547221997,42556,11635,13
4,26,0,77,42,44,218965,87322,0.28487548363237697,0.08122671529960235,0.02577388475381542,0.011029141651848939,8006,10578,8
4,27,0,100,29,27,386575,186504,0.2293827965451653,0.0816350066306687,0.03068386770682099,0.011298295071672796,50240,18436,5
4,28,0,62,56,41,184295,194653,0.18706298603206636,0.09189620245185515,0.04324094390307109,0.011998210850925967,19391,11770,0
4,29,0,100,47,69,361475,118087,0.24790566904890723,0.06878546121508457,0.02474057089430803,0.011805254018839532,31002,20195,2
4,30,0,100,13,23,250011,165580,0.16687750082645428,0.08784123458360774,0.02735066370388948,0.015308748255864361,39606,17594,7
4,31,0,73,32,19,389163,198935,0.18804813545131385,0.06609070455397009,0.022370060377433897,0.015817009031529987,36422,16451,11
4,32,0,70,44,49,55907,216035,0.19641546260071266,0.07140540297329846,0.034367304972761914,0.012826071149788766,41204,15948,8
4,33,0,64,7,36,221674,217366,0.22908010360483633,0.09602565874664327,0.021947125883040562,0.01183937264020445,40178,22306,6
4,34,0,73,41,32,416832,101440,0.44417702511007073,0.16828645354044983,0.037851527349879045,0.014822003355910772,34170,13998,7
4,35,0,53,42,21,279815,168487,0.2547210517366461,0.08684226313130411,0.03585695176103991,0.014205739238502064,37501,15704,5
4,36,0,73,22,10,129874,123518,0.3329054720736167,0.08441842947695836,0.02561494292242659,0.009281173197190523,17620,11215,8
4,37,0,97,44,18,229301,199706,0.1310823297817121,0.10210479060605478,0.022772258474090736,0.008907920825176172,22899,18025,13
4,38,0,65,40,64,338358,178448,0.4454681486909071,0.11612482484047108,0.023453137266028566,0.011362804812562395,20261,10682,8
4,39,0,71,22,39,218908,168734,0.6678818442619413,0.16609218587127936,0.02578702340060102,0.008342148146211627,6296,21105,2
4,40,0,49,53,10,416105,358358,0.2721912806340115,0.08675815620588187,0.03076955111786228,0.016562545103296595,20609,21591,5
4,41,0,80,52,57,408510,147408,0.6805710016997003,0.17817098936719647,0.022943845988076,0.012193280734264927,19653,6692,6
4,42,0,78,35,58,366771,199174,0.20056696570175303,0.046709231328829516,0.023256371934797855,0.013965356468779867,20688,20131,14
4,43,0,75,37,58,403084,223928,0.22434554432965045,0.05780674423322245,0.030669371357574055,0.009721363162014152,36676,8790,14
4,44,0,71,50,33,248481,217894,0.2758047794110348,0.10094167285696931,0.020126621872161188,0.011108984944651748,22334,12839,8
4,45,0,70,36,35,448712,228921,0.3442969830763696,0.10235310004155285,0.03220909779659517,0.01034408146782995,38448,14887,4
4,46,0,82,11,42,407563,217767,0.20317139198666267,0.09413595355814718,0.02328701495912985,0.009871697399010473,14326,12744,8
4,47,0,74,47,61,287112,183482,0.33412971580474465,0.1297887970339924,0.04007739366800263,0.013582180357162216,23465,13219,14
4,48,0,79,27,31,137354,200552,0.3841496997383751,0.11820651905761383,0.02270084026751606,0.009787819878706774,26095,19048,7
4,49,0,78,34,28,63325,167199,0.2568914717393469,0.0694837684608139,0.03271985803875579,0.011167075008993362,41861,20351,8
4,50,0,91,61,50,398967,162896,0.15419126037550618,0.07595194448825818,0.03036936600969129,0.009683392974582426,30613,14429,11
4,51,0,85,37,58,138893,134087,0.29199639622512286,0.08270672850852252,0.01773036701181556,0.007035584342405527,32915,14987,11
4,52,0,77,40,39,207869,239378,0.26481312839816334,0.07664242775392117,0.055382544429907095,0.009906648860946667,19027,18155,11
4,53,0,97,47,50,347708,255192,0.19237180748018506,0.13939005398778043,0.028826649237781592,0.01043960801752111,38514,9736,9
4,54,0,81,47,41,170023,170640,0.21238163783221603,0.153511356591472,0.030925305012455436,0.008850561777209342,29411,15189,13
4,55,0,94,26,36,543433,196125,0.15208531976503054,0.09461970889133174,0.02410055691593864,0.010529388607047628,12465,13882,14
4,56,0,84,39,27,323744,279989,0.25997800599559545,0.10098611662185508,0.026377907812284784,0.009670526144627333,37005,16410,3
4,57,0,47,40,22,447809,256094,0.21204828213720758,0.06956979057765197,0.023626173051863743,0.009256665824672234,32916,9167,11
4,58,0,94,44,30,404258,244553,0.19669230939651336,0.05476495819860992,0.033418476644559554,0.00945876008823048,26560,16824,11
4,59,0,77,44,25,46203,213466,1.1791507590154904,0.3353614806967539,0.03757029162100113,0.011162302048939483,26549,16418,3
4,60,0,74,78,44,374445,168607,0.30181388010091126,0.08468269364577248,0.022357857804197346,0.011838795070281717,19295,24897,11
4,61,0,79,22,58,298386,174231,0.24687752743967953,0.06779799211103857,0.03228251599129117,0.014339075160608884,41586,8532,11
4,62,0,69,54,43,293753,211760,0.5507211121529484,0.13203856237119924,0.04215635723835759,0.011278511720968554,37270,26574,1
4,63,0,78,57,26,297460,221926,0.1700736632880982,0.09768689639238418,0.021720022000848865,0.011058911660598036,19415,24618,0
4,64,0,66,47,52,405471,151555,0.20382976296788177,0.05380804272055705,0.01874312483540038,0.010512213663547855,30506,21416,1
4,65,0,94,30,44,464536,262306,0.2774483890246396,0.07838750691812997,0.016527343307087158,0.010536031210986473,22907,12474,9
4,66,0,73,64,47,180787,270376,0.27467190697796334,0.14802678849411757,0.033372678795443915,0.009507273521522988,17245,19920,13
4,67,0,69,7,32,307730,239695,0.5099767377063307,0.10031021075782114,0.021095174442534375,0.01122184976471885,45554,6365,12
4,68,0,61,29,57,440192,275176,0.1840954478503361,0.038393417993684315,0.017722424129549885,0.009140748623592385,26462,4815,12
4,69,0,79,57,56,279258,231912,0.25856001503127807,0.0867831982872597,0.028473730662367094,0.00905311282174814,21589,12118,2
4,70,0,77,34,37,320298,213707,0.15089003729907594,0.09007097429933934,0.03822991085334929,0.00994293974874567,18097,10137,8
4,71,0,80,63,50,321728,202560,0.1975905517670646,0.06729930748711756,0.02295042777071782,0.011739382024147194,27585,5175,3
4,72,0,59,17,56,511477,184152,0.3891974846038822,0.13111703760343996,0.024024687016817856,0.014148755564139893,8798,23100,5
4,73,0,50,23,33,374835,199740,0.20547553315328224,0.0776464095720711,0.03516944838190982,0.011152499763391072,28477,11421,3
4,74,0,84,32,38,507062,147956,0.1258182339681797,0.050971858497285784,0.021882583406441312,0.011130316001866772,42108,17325,6
4,75,0,97,46,41,474359,195819,0.4090688395777439,0.12999516650277998,0.02889126998344882,0.011628580203244273,39272,29069,10
4,76,0,59,36,23,277295,141582,0.7521524010897839,0.13650092036304484,0.024377435170808263,0.011750627199276994,34818,14439,3
4,77,0,98,32,46,330078,159958,0.3445644071185467,0.11283604562611282,0.03668416401689534,0.013587283604626478,54050,8574,10
4,78,0,79,61,55,505215,261427,0.5659919058193428,0.13534691176181868,0.032544088058716635,0.011791637291577247,32562,24333,0
4,79,0,74,62,37,185827,259108,0.18173496238769887,0.07183612434936239,0.031399286225625336,0.008078220014548894,20887,14266,3
4,80,0,69,33,45,376111,158138,0.41897064092915215,0.20221924063341573,0.06244108200967793,0.011353494022896562,38346,19243,7
4,81,0,54,14,60,377117,243505,0.37942438878849316,0.1069709518941609,0.017681266631949986,0.014583524810667657,31347,1398,1
4,82,0,89,7,33,272359,170581,0.27924389477265377,0.10213623237026982,0.032861712376395444,0.00996808308560218,30399,16484,10
4,83,0,63,43,45,261957,166806,0.24381397100595972,0.09194508801165667,0.031169718989933967,0.01493081341253693,32957,14692,7
4,84,0,63,49,31,275679,269615,0.14642298706466159,0.1041679552187101,0.028811172841352393,0.01042090037004496,26038,13164,3
4,85,0,89,40,31,370244,145280,0.11206358050373738,0.06345571194725505,0.03016080629165949,0.011419103384697673,48691,19841,0
4,86,0,46,38,45,447296,110634,0.17785855639480946,0.07190681317695397,0.02761080024243446,0.012198249556499056,13719,11631,1
4,87,0,52,27,43,373901,166724,0.17941483250988488,0.11031258374339363,0.04717255794742746,0.01178168698518755,38160,13607,6
4,88,0,74,49,48,174223,169903,0.2742516670224213,0.13206533152593983,0.02588257232482885,0.011387996419799335,31330,15521,2
4,89,0,79,65,41,450585,181345,0.17845868331015038,0.06219884100697682,0.025594784349410572,0.011361775698627058,34553,19334,12
4,90,0,82,6,46,419292,113964,0.26198294876430256,0.0952328196335229,0.024745727043293815,0.009868899430962039,26197,13760,12
4,91,0,70,38,64,275439,217563,0.22316320309848497,0.06550745128121532,0.029019422927835728,0.010567829770022215,45139,14212,4
4,92,0,100,25,55,234552,294821,0.14637998122890586,0.06018243200193418,0.01913932745305135,0.011969355736910416,38844,14171,1
4,93,0,71,17,45,209181,215080,0.184833000232815,0.056715403451957,0.04045850116213944,0.011011776452915237,22298,14143,5
4,94,0,71,23,47,407433,188937,0.28603927242608806,0.10612978652315369,0.02464971975709739,0.010788002685213214,41195,8411,3
4,95,0,63,45,35,112061,233407,0.3502617774593358,0.10462552656091893,0.021263523532658594,0.013484566947823943,33001,18791,11
4,96,0,76,46,37,409887,203746,0.13431387806761813,0.06769622002720663,0.021972537612742947,0.01429473820378025,24164,19130,11
4,97,0,84,61,47,254867,202854,0.18453944420653107,0.09505962372343918,0.03578752013784957,0.015589385063518335,13074,6873,8
4,98,0,93,40,41,328490,195884,0.3689767206039274,0.10798113433616836,0.04820253057345831,0.012001038233029181,37687,12739,2
4,99,0,52,13,51,1000,210878,0.0973824468165718,0.05364130968057614,0.035164354480268376,0.009711737624663548,22759,21613,6
4,100,0,71,36,59,122666,179459,0.18347194642890446,0.0804487282236864,0.025197108704690795,0.010228140656235505,35266,15530,8
4,101,0,81,19,38,232062,118586,0.1650043114882096,0.06681851695174738,0.026696073082695813,0.009915426705434945,44617,13395,9
4,102,0,83,21,9,208760,292437,0.2320073927662187,0.10091613859690424,0.020533063638834434,0.008675805199983446,21887,9426,0
4,103,0,75,48,70,375842,226499,0.184015923911981,0.11075292284177916,0.027584823293932106,0.0084241197487249,43446,21292,10
4,104,0,83,42,30,330320,164921,0.13333012104541167,0.09389006105328751,0.021322691830250737,0.012684822206591388,18511,11493,6
4,105,0,62,48,42,493406,217557,0.3101290442644132,0.123326212509963,0.021895438208077732,0.011246785014897726,44830,18434,11
4,106,0,98,34,50,351333,143501,0.4169814358500125,0.10999775081737508,0.03877674612653047,0.016365556049697375,48207,24606,1
4,107,0,89,51,61,234991,219021,0.3354079293187559,0.1786761211282316,0.038591091128280276,0.010444945205682987,38997,15616,14
4,108,0,54,33,67,422334,237126,0.22310593047707594,0.1483348364314137,0.03534980580684422,0.0110412998563128,34384,22111,14
4,109,0,58,56,34,253693,251647,0.259252596152863,0.1030482041319821,0.01656532194344654,0.00979406315304073,38904,17335,1
4,110,0,59,45,57,247951,228439,0.2022753900516736,0.1730940276133581,0.0399154553923585,0.009759142133989335,26632,20051,4
4,111,0,85,36,42,300212,190502,0.28806757519499054,0.1304078091108149,0.03364502359426197,0.014351886927465815,16722,13746,9
4,112,0,55,43,81,461919,251211,0.23087643130255953,0.1357489674990247,0.029376242157633112,0.0119904240008947,22601,10600,7
4,113,0,70,39,56,405105,172399,0.18678856765450613,0.06072408378627639,0.039457604431080276,0.009885832071370676,52884,12689,8
4,114,0,81,63,37,401987,214912,0.3522176099964287,0.08941270951208105,0.016203216576317202,0.011251619743033212,18355,13225,1
4,115,0,74,43,28,496051,163524,0.14934545869738913,0.11415426724903159,0.027712540289737395,0.014311425903773791,39592,16346,14
4,116,0,78,39,1,399617,211488,0.3731042952192635,0.12149454438639044,0.027213782265858917,0.013215972583001664,28890,18565,7
4,117,0,59,36,50,177154,274707,0.3970790578173164,0.09956826659435607,0.03001735923227832,0.008873225949369427,26428,7249,7
4,118,0,83,52,55,353832,238642,0.19447467831031515,0.10291539962274117,0.01751993903651049,0.01183133547957073,46889,15805,9
4,119,0,65,50,51,462315,246102,0.19783878314802344,0.08920358198017476,0.02644465426668937,0.01168380939817469,30927,16577,2
4,120,0,70,35,4,148177,255684,0.3794647661185547,0.09108636990450973,0.02644086897669317,0.01302154069755595,39326,15262,11
4,121,0,78,22,21,298462,196493,0.16760112679271869,0.06141372155844042,0.014122932529025889,0.00976405634421062,53990,9782,9
4,122,0,76,26,47,193214,156348,0.3281786066125887,0.08722637340194771,0.02368491477035618,0.00954916609379451,27909,17063,9
4,123,0,75,37,66,312846,107320,0.2593160351577335,0.09481912429601788,0.020438203474398613,0.013837830078433363,34735,16869,0
4,124,0,63,60,39,413523,145798,0.17556702014027628,0.09596311736998477,0.013441229471768242,0.009271278450737308,37045,19135,6
4,125,0,70,36,56,434273,205850,0.2717990552056028,0.08574724655054441,0.037074449668930524,0.014019959721101002,26777,13897,6
4,126,0,75,31,24,281581,98355,0.5371421760229261,0.111849975618526,0.03787372739702192,0.01347999970931843,34920,16508,7
4,127,0,54,13,43,366138,208852,0.5708390034500307,0.1065492799699032,0.028852895653752403,0.010853034870087366,41279,17812,7
4,128,0,68,62,35,149593,224695,0.39970033162755675,0.08189753372966224,0.0215241854875869,0.013915411731863763,37825,15237,0
4,129,0,80,48,57,125154,121790,0.1440046454870344,0.08846122884831877,0.020802482717148702,0.013786514398272701,31169,8317,13
4,130,0,55,51,31,411959,243961,0.16619001737755948,0.09161089582087828,0.026973201318980303,0.009952819927460634,1166,3666,12
4,131,0,92,54,65,1000,178928,0.2508004773509274,0.08429938936362591,0.019210515095121596,0.011398107299091556,15539,10940,0
4,132,0,94,37,35,231267,118234,0.19547866315031165,0.05017350178933365,0.019273908660617473,0.016490546215975208,48345,6472,9
4,133,0,56,41,23,367690,115358,0.36229995859691033,0.12726444630286232,0.04530478469533653,0.012265639832005105,20452,16261,0
4,134,0,95,62,24,322062,197218,0.3808984995974939,0.07678220722128634,0.013673687965222106,0.00965981919254121,41677,9895,5
4,135,0,72,42,30,16377,204240,0.17349526505081264,0.05726739815949545,0.027535297678492717,0.010848488665564449,17738,11722,14
4,136,0,81,48,45,352565,199261,0.14939197141723565,0.07083118756698814,0.03588329439787168,0.01148045095295096,20365,23856,5
4,137,0,67,53,30,213871,251848,0.1987262550679665,0.1314596514118762,0.02398450069511689,0.009931501546736526,36800,13027,6
4,138,0,88,49,27,312081,203103,0.1836988965648936,0.09922513791278528,0.02934074942733713,0.0146606883994993,45542,20934,11
4,139,0,81,38,53,237600,170979,0.1581682596528673,0.0704550936624709,0.028132026064191063,0.01200264315118643,36507,15196,10
4,140,0,62,39,1,230781,183975,0.7423510686126293,0.1520094957318234,0.03433305432095761,0.01424615974859398,33565,7813,2
4,141,0,57,51,33,120036,254076,0.3742301812759048,0.17760254910124718,0.03561560497380391,0.011289222904648866,16393,14793,14
4,142,0,53,51,19,264097,143971,0.26392804975066164,0.07143793337026753,0.031692859306729056,0.01242915725837414,8721,3408,12
4,143,0,77,57,26,423618,207950,0.21348705722528122,0.1533771755107266,0.04805526792565983,0.013124581767686036,25675,16100,4
4,144,0,83,48,43,257736,210253,0.1519036639942107,0.05075093091025149,0.056635063812132506,0.012135213875943867,31545,10325,12
4,145,0,84,48,36,262280,251141,0.5739213411000798,0.20566543812654695,0.02139644311959957,0.014814441988175863,29481,14903,2
4,146,0,73,33,35,229549,205584,0.5952163834264619,0.16102556266019036,0.021447220382080398,0.009848416545951937,52108,11721,6
4,147,0,57,31,57,171388,152171,0.37861075387223897,0.0745801454926814,0.027883009267424735,0.006635430706355543,14579,20920,14
4,148,0,64,51,39,200221,209608,0.47142910377038716,0.13155543054146618,0.019745645410278505,0.009860904532215161,26953,15215,11
4,149,0,92,31,67,322157,235966,0.2797437000695094,0.1271391468545141,0.02162125688222254,0.012978913636886982,46703,13431,1
4,150,0,67,39,50,545924,206988,0.19859972754683794,0.0923378885636851,0.027823433633789755,0.011424700651888373,36508,12532,11
4,151,0,77,60,25,397553,254819,0.5681783591209395,0.11847340134238614,0.016485126200511936,0.012317336587847822,19057,16061,1
4,152,0,58,58,69,362003,134661,0.23466935288503848,0.1544408895337023,0.03274122574148988,0.011625351434656097,7849,13116,8
4,153,0,80,44,44,499149,192120,0.31020660579427106,0.1327603050777468,0.0172949990479408,0.00814924387956382,26071,3434,2
4,154,0,68,35,68,346792,200300,0.4697593298201168,0.1095620330470018,0.0340899124671527,0.013180493986998295,19883,12278,5
4,155,0,90,38,36,407462,238621,0.5247167921928767,0.17074812142342372,0.028393524973777784,0.009575104995122435,25550,15015,6
4,156,0,86,53,44,321392,244974,0.31612208635719274,0.09913535030467627,0.02438790858812249,0.010766395670185886,52873,11226,10
4,157,0,67,39,46,345202,201211,0.4148063965579516,0.15441313058937195,0.0328531210725742,0.010710671184508065,19874,16234,4
4,158,0,73,31,37,159149,181956,0.21861151773195997,0.08744074767991772,0.04159314466844564,0.014353822708788348,23531,15537,2
4,159,0,66,58,59,269002,209405,0.20836272448354007,0.05646717667338893,0.025898602450663128,0.012390322466733841,39135,4029,14
4,160,0,53,42,68,243807,142969,1.1543034200800177,0.21023457426928427,0.03819176514293979,0.011053120902645076,32943,11449,0
4,161,0,62,31,5,238503,175535,0.2472359891886861,0.163641253717602,0.03689224073368401,0.01002507578228606,44987,21613,3
4,162,0,77,47,52,232634,228498,0.2306966819782051,0.10069390675632996,0.02098213379285496,0.010624539460343698,38186,17674,8
4,163,0,79,54,26,443101,217678,0.30127865163005896,0.23403141371797373,0.02311541637829635,0.011516410092457416,23098,18146,6
4,164,0,77,24,1,263145,166885,0.3443175694089895,0.1451991731745562,0.021784837588418673,0.00874359695130154,35147,19871,3
4,165,0,70,36,47,285554,160906,0.5404552021428123,0.14734222492111063,0.02282358988722611,0.015470470517393472,31164,13774,12
4,166,0,88,36,47,526474,160029,0.7101556752066297,0.1992242740519215,0.026534041881778173,0.012211690059723642,12399,12186,6
4,167,0,75,46,50,377545,163473,0.1889714557902325,0.10837926250270523,0.02571419854117589,0.009145915680406047,51620,19224,11
4,168,0,85,49,45,300796,207363,0.19655966200762406,0.08265608330630601,0.02544488647000517,0.018666002406829904,19398,20571,11
4,169,0,48,31,53,405838,260059,0.4574865260811154,0.1824603953664048,0.024862765317967446,0.00847549195743719,28924,21172,3
4,170,0,16,17,30,233088,266104,0.29245036329492596,0.13952932099287424,0.025396626296250665,0.015792262790667404,25280,11806,14
4,171,0,79,55,43,257534,153906,0.2427575290087756,0.10381977112411594,0.023117200224198053,0.009755074802539706,31167,18284,4
4,172,0,53,23,50,263833,216497,0.2730079959656129,0.12501405351084,0.03356955280624811,0.008827893000230728,31930,14425,5
4,173,0,71,44,60,324955,214086,0.5099950048649037,0.12748493843413788,0.024913067575833038,0.009029876771047348,35785,18533,7
4,174,0,70,38,40,346671,210591,0.2623581290485747,0.06129077432863128,0.024339160502506747,0.012481693378650198,25242,14541,10
4,175,0,98,42,36,205078,151159,0.16055398688080652,0.04635751859104897,0.03410994067821432,0.012977654114807618,40821,14868,2
4,176,0,80,64,39,340698,162890,0.2123449048285688,0.09831584748486279,0.03153456519344281,0.011606390678779851,23210,18993,5
4,177,0,77,85,22,360445,217244,0.30396671259561525,0.11760576082445909,0.03347479893312999,0.008992223447773617,24682,13355,10
4,178,0,87,15,51,253230,180759,0.37352661370715334,0.06417467241297198,0.020860399122966892,0.011239823892858453,12799,13134,5
4,179,0,80,54,18,283447,204526,0.2829025505608771,0.0815591885458876,0.020011237272736813,0.009644462984664415,32299,20308,1
4,180,0,68,37,45,186304,149319,0.22387404659812773,0.07830425120270992,0.023284780273972308,0.01059294060340899,45199,17055,9
4,181,0,91,55,41,149108,175519,0.2271337317689334,0.06537181955823816,0.019320104269638157,0.012220792155814406,27519,10071,1
4,182,0,58,54,16,185287,133303,0.33249162641244734,0.1237383616170607,0.02176292511828037,0.01176840737786171,47649,20808,0
4,183,0,79,61,17,372063,213215,0.19690482284720964,0.11086032456193337,0.02628944194938449,0.01338166086286926,19097,22289,2
4,184,0,51,44,27,352301,182591,0.17228531562476243,0.0907164987536297,0.0384190986414299,0.01219154875967868,16423,16486,11
4,185,0,78,26,34,492754,213286,0.30862983529731075,0.12299636717553504,0.03148558157597666,0.009383069731943161,43885,13398,4
4,186,0,77,53,62,303827,181669,0.2950021469943737,0.061909769914905405,0.02173536228137086,0.010936697667441727,28308,23063,4
4,187,0,100,41,38,305170,211783,0.17439004910776096,0.08125769427047512,0.02647613834305172,0.00962465601259175,20257,22732,1
4,188,0,51,36,48,333714,290257,0.23871964700201462,0.10497868712471402,0.033961986707203615,0.012228184295448193,32628,10574,14
4,189,0,65,32,58,193304,173811,0.18981882526618357,0.12258270285680332,0.030676635689021063,0.01282266659312297,33326,13679,0
4,190,0,87,55,56,390340,224572,0.2913279240331251,0.07918876086040394,0.03078543583398599,0.013009587700611433,39452,14730,14
4,191,0,80,64,39,338208,167035,0.19363437138272835,0.10776279694378689,0.034293849912339185,0.013414659979525852,26691,23202,14
4,192,0,77,22,29,205263,193397,0.35430441340214375,0.06127748884218806,0.03850201956922255,0.00946291812688283,16439,19458,9
4,193,0,60,49,47,337167,223646,0.21410497727643893,0.09908394413893927,0.03276957626180009,0.013733967352897017,27264,13389,1
4,194,0,66,34,29,375846,214162,0.22068184521518103,0.10202240782694777,0.03333273144236044,0.014366414650712993,29803,14976,7
4,195,0,93,17,67,166854,234541,0.3257643102138252,0.07284981152362707,0.025674963448276054,0.012336111479980694,41264,14456,3
4,196,0,74,42,53,405730,247821,0.2349647735521743,0.08401056205957305,0.026797172933732048,0.010789118387954504,14914,11188,5
4,197,0,80,27,43,254975,233239,0.17111334967816447,0.07754424218897724,0.02052744727266859,0.011808562481814472,26234,17597,5
4,198,0,73,16,47,1000,246012,0.576639618688532,0.1847002372649374,0.04523281422930629,0.012238030713792761,32933,17266,10
4,199,0,57,28,42,397196,210650,0.18772748802758119,0.06896645780540414,0.03648512062942479,0.013304071073518282,45455,17960,9
4,200,0,89,24,34,434273,163570,0.192745348810794,0.09164507717511931,0.029195401244325656,0.010239392110516962,23310,16115,5
4,201,0,82,30,47,187645,240032,0.23674698959656823,0.15288520173995615,0.034297404267880714,0.012501675884168728,21865,9570,12
4,202,0,100,20,36,132898,180930,0.4334763036421683,0.0964543224528583,0.026552656323842884,0.010228889066925652,36650,11825,10
4,203,0,59,34,69,432785,234695,0.4316163957463095,0.09694595431215777,0.042613418378128036,0.01188064407784731,7228,15317,8
4,204,0,87,29,29,238263,137248,0.11431580912126028,0.06805380621271051,0.0822499759555391,0.014793569005451028,24333,19498,2
4,205,0,55,45,47,434488,182211,0.24085449832671496,0.11222802348363471,0.02416577274421819,0.008558984430571156,35906,16407,14
4,206,0,77,48,28,120803,165439,0.5103146723866294,0.22881348783915054,0.04520562193782625,0.00886419658534034,33527,8847,8
4,207,0,89,43,28,440515,219623,0.43109259867518446,0.09617358522299829,0.03341718057616352,0.00939434625167463,32021,4887,9
4,208,0,43,36,13,407335,171144,0.7589072995341857,0.1544216767631099,0.018878026305987783,0.012539780994197367,13598,14811,5
4,209,0,71,36,46,354056,199238,0.49840355967678707,0.11366494335936277,0.02362300611065199,0.011857279136935666,17247,17048,14
4,210,0,66,27,32,99574,192733,0.2533438397230935,0.06822194922257101,0.015056887198051911,0.011449904043972413,43426,18959,1
4,211,0,64,27,56,263759,251327,0.31086276790339085,0.045814665649186084,0.022169945804050822,0.011332044906716108,29056,23763,10
4,212,0,80,50,46,400751,223542,0.3276382528803507,0.10977062263078763,0.032967440950468226,0.009932806331756822,27815,20618,8
4,213,0,91,13,42,131300,214486,0.21561581767898771,0.11014098712480273,0.03331293883108594,0.009145796877818434,22104,18082,13
4,214,0,73,38,18,247765,201017,0.22607632454538112,0.09123118351204601,0.02822791759268121,0.010954021844686293,30185,12310,1
4,215,0,78,35,48,339644,161645,0.13218492160364018,0.08589486110026585,0.026260217670201345,0.009391841335796455,25116,22217,2
4,216,0,76,48,30,184102,156164,0.7755950538287383,0.13662365152618716,0.019544985425729494,0.007700121909734368,38569,9585,8
4,217,0,75,18,18,430050,213861,0.3448361119709723,0.077572826443906,0.013879477992639805,0.009789474436190495,19462,20475,11
4,218,0,58,40,46,410260,129296,0.4343196165501055,0.12159505572270969,0.04827626391129449,0.010174391787754509,38348,24423,5
4,219,0,91,45,21,324219,198118,0.3933582913591116,0.17195086076473495,0.03452939488249844,0.00949335040948836,46443,21999,13
4,220,0,79,11,8,343402,205365,5.0386846809354395,2.054752841875928,0.7965071366562392,0.0961439350026713,36178,13054,9
4,221,0,80,23,59,245952,129466,0.38752563460964606,0.07510628321585225,0.019734514629744734,0.014847957185069406,17659,6777,12
4,222,0,62,38,31,358970,197190,0.18242860835320626,0.07941171396343581,0.020106700304801002,0.009405789118965358,38211,11256,12
4,223,0,68,47,13,240228,200313,0.2247241535531989,0.1363864676386331,0.05442741293338053,0.00871044685187313,25103,15229,6
4,224,0,72,42,25,280321,303934,0.08468959740373512,0.051772843607169446,0.018338496231240453,0.007242008177524295,24766,13605,9
4,225,0,51,48,29,250759,200471,0.21634509934082793,0.05560857363707399,0.014101259570936792,0.009827624904999631,31351,16205,2
4,226,0,49,23,57,443552,243759,0.14306142681606834,0.055359846617316126,0.011461935075853302,0.009586862465841504,27527,5935,2
4,227,0,65,16,15,420705,222326,0.09850417878755016,0.050611677488207184,0.016225237964612203,0.009842981758905977,25359,18968,5
4,228,0,82,41,19,199655,212898,0.21627273270253858,0.05357432153788531,0.015583166128068888,0.007911918176867018,36859,11885,3
4,229,0,65,21,54,433762,241499,0.23979651088167578,0.08726590001512871,0.025877500012155538,0.008169264713277355,31155,14995,11
4,230,0,59,27,33,220198,127836,0.3215853601584488,0.06859453261394564,0.02223824122929438,0.010522104671603052,10881,12611,4
4,231,0,62,53,43,485286,195569,0.1446051724785493,0.05592684419687637,0.01493606663650031,0.007477006632702603,40230,18746,2
4,232,0,68,42,32,457095,214067,0.2635434491105125,0.07598713731573532,0.033595595553192116,0.013525641369967365,41990,12168,12
4,233,0,69,31,70,519277,151874,0.15373796103975504,0.0831205555179267,0.03405470949856582,0.011951688046486346,36014,6430,5
4,234,0,100,29,20,329294,197664,0.23181882720583863,0.05962667395992463,0.02583961732800213,0.010036524115728924,36604,17801,6
4,235,0,90,49,44,271951,204703,0.21876839064361983,0.07149224968858615,0.022458601477459515,0.010240017674327197,27776,7043,13
4,236,0,90,43,62,269723,191564,0.32600228148701194,0.11559071110562315,0.017002684297357174,0.01082864804178335,18036,14127,4
4,237,0,92,21,34,337518,155624,0.22097082717024444,0.0614550702683682,0.03356216692175615,0.01703849960337306,31776,20448,2
4,238,0,60,10,28,198598,162310,0.12851071452891644,0.07016084992185269,0.020786943531805376,0.008028937640804553,45481,17875,12
4,239,0,56,68,51,59036,183967,0.36027413312807743,0.10814704846523929,0.018321081921857517,0.009778991547888525,32727,15140,10
4,240,0,58,21,55,260033,219231,0.4165716396181057,0.09978359054090462,0.022364701239821365,0.010618666783977668,46615,15342,5
4,241,0,95,47,28,304092,204754,0.2296091574279733,0.09232197819896844,0.015391561497029775,0.007226768748144626,47099,9749,9
4,242,0,66,62,61,355552,209963,0.38831027522152595,0.1117794693676944,0.018028499242529698,0.008847887918243586,29639,17047,14
4,243,0,56,42,40,339722,188438,0.13763872283470388,0.07465565706689109,0.029447542318124447,0.009426938624198406,25362,17466,0
4,244,0,68,30,47,314082,157979,0.15442978877562447,0.1313133649813803,0.029646306106876113,0.008552831491266953,25709,16057,7
4,245,0,71,18,62,416947,184657,0.2168286008283802,0.06732661472963065,0.012808449214715169,0.008165870959133235,28735,15049,5
4,246,0,79,18,51,212737,158359,0.17226452497727787,0.05082909957787862,0.0187494814744158,0.010057144917345202,20260,14286,2
4,247,0,78,45,39,232797,48603,0.48650279786028633,0.1417210238722066,0.014984385336081256,0.008588924827551761,35568,18953,9
4,248,0,62,61,29,510917,199322,0.14393354697777733,0.0628734710100329,0.02347322101805545,0.00784631133414739,39567,11931,5
4,249,0,85,34,80,1000,186986,0.19443741449946406,0.055197431551942185,0.01935319739960324,0.007775421924709408,11494,8287,9
4,250,0,65,31,28,411903,261826,0.31447449104001307,0.14636085188149944,0.027154321674717655,0.01174612919318139,47841,19523,14
4,251,0,72,50,44,356340,234451,0.1729289577759753,0.04248564348495566,0.021370858941826883,0.010803252321770245,24719,8399,6
4,252,0,85,29,47,299861,223808,0.32560127296625047,0.10258500820742475,0.0260193790474268,0.010504953196440986,27046,11292,13
4,253,0,65,44,48,389617,150024,0.12596613918901825,0.07821083099556159,0.024101862143492043,0.008850711155808827,33078,17122,1
4,254,0,66,40,71,371849,250983,0.2591390850118851,0.055075449506239105,0.026577952580897186,0.011292428519341147,21615,16660,5
4,255,0,83,33,40,154070,207061,0.33974907538407084,0.18528740721757297,0.03155818842326824,0.01024730948449179,24091,14187,5
4,256,0,62,39,38,202607,182144,0.3338929358266633,0.07603652608142637,0.015295048304386563,0.007832170587417572,21691,22038,11
4,257,0,69,66,63,251931,160856,0.22787910093869804,0.07132309763585737,0.01878880559644217,0.012400905202951706,29984,19876,4
4,258,0,83,49,37,87874,167252,0.2457514734931163,0.0609815111365079,0.029053387198036514,0.00715879676016588,24185,14468,6
4,259,0,100,56,53,299135,187172,0.21800080567451188,0.07958735008212374,0.022205368354268916,0.01409023634290748,33770,12191,13
4,260,0,84,26,42,363751,148664,0.19697199183027245,0.04906601279018158,0.019162951773611284,0.014597867324961234,16842,16329,1
4,261,0,82,56,53,416573,201916,0.3279826243689696,0.12241951887864039,0.018668965140214603,0.008177827202770204,34442,15943,5
4,262,0,82,49,50,307796,191739,0.22912348891767595,0.10230603832422604,0.02945278306476919,0.007280107187709135,18729,20938,7
4,263,0,58,17,33,225042,234329,0.4372520951914022,0.11618011809674063,0.02533578272222232,0.009845202369813977,40109,14010,5
4,264,0,76,48,12,322400,192539,0.1699963564983168,0.07458188836863071,0.019540226343300677,0.01061975338878114,38127,20129,11
4,265,0,74,32,14,292127,108952,0.2411505620373191,0.06089632158738151,0.019671593636462977,0.008486489099568085,8606,8338,3
4,266,0,79,16,12,378508,184523,0.3621307123915716,0.10228629635378503,0.011962193253174373,0.008128309195923422,38424,16758,5
4,267,0,76,41,38,295461,143545,0.24543115298228002,0.06908501483121944,0.02368869877459934,0.009860574572508357,3896,11456,14
4,268,0,80,48,4,388945,170168,0.2956718013892558,0.05968018537201858,0.015848001796790294,0.011401281466653873,18282,15030,4
4,269,0,70,42,37,273857,152805,0.572408643140538,0.07885465623107249,0.016342612688227037,0.008454853746071609,40331,13902,1
4,270,0,75,38,42,429022,304506,0.2574752725176211,0.08929901663731264,0.019115768703702123,0.008726595685380992,24588,9449,0
4,271,0,56,35,52,317754,183007,0.2499279202141326,0.11081694837572487,0.01936626729033793,0.007890889095703396,45606,11324,13
4,272,0,70,76,47,240211,235879,0.23762681023204843,0.05626692516863199,0.019420326137495374,0.008533506371125153,37078,12684,10
4,273,0,95,22,53,266686,184681,0.18957693880825352,0.05234702196397311,0.014699701063801572,0.0075038892362233435,25708,23725,8
4,274,0,79,53,46,372704,188657,0.7161849291355505,0.11136701037661284,0.016808701407068638,0.009223650977203355,24265,12331,1
4,275,0,74,40,35,172927,176238,0.27440997130438083,0.10294389073625877,0.01593130852627579,0.010532401431839703,45032,5518,7
4,276,0,100,27,38,287045,165197,0.1557941557562669,0.09691038825618643,0.020903134489310846,0.010538817046152416,25210,11296,13
4,277,0,54,39,27,406920,166259,0.4830418723907383,0.26223231871520675,0.023503996028604347,0.0109176950880386,11398,6187,10
4,278,0,58,19,43,351688,218723,10.387766822749487,4.378951997941827,1.9062280645413638,0.5004078063588071,20717,9778,2
4,279,0,100,31,16,184918,197006,0.4810165060671108,0.11682174060056379,0.019569892555647322,0.00837301552134853,31233,2812,13
4,280,0,75,39,55,331124,266457,0.4692453549245103,0.10062908571380064,0.019163035435369926,0.008512633837808746,22145,11892,10
4,281,0,71,16,25,165799,188989,0.23290296783993494,0.06990751663397465,0.025473701878480075,0.009419481875916881,53904,16866,3
4,282,0,57,47,42,318654,186186,0.3080291659799648,0.12868247139455358,0.028148510319396896,0.012090657771328693,23530,12934,3
4,283,0,81,25,44,437984,202033,0.37200847696949174,0.09127402761855531,0.019218450588140798,0.011035740355929396,23759,13200,5
4,284,0,83,18,57,307340,230292,0.24303843827385765,0.0824389732408876,0.019018950584135295,0.009106069237067617,20147,27763,0
4,285,0,58,23,14,186808,205801,0.22467561187200186,0.08598458192810307,0.015123804871275135,0.010004693522759893,38813,11987,4
4,286,0,72,72,35,280901,267286,0.20603908107356214,0.08827496285271356,0.042817112373708534,0.011399421792190794,27210,16092,4
4,287,0,69,10,48,319446,328899,0.2819036085121145,0.07237342881516787,0.01763366717990279,0.008379590413472242,38139,15528,11
4,288,0,78,46,66,409210,240961,0.19856912930816478,0.056620063792540795,0.015681702922114224,0.011354648087995092,41547,16270,0
4,289,0,58,28,39,408312,218800,0.27090701276331963,0.08314503950960764,0.01997609425395024,0.00785148123188346,33633,11958,2
4,290,0,93,34,31,191076,99957,0.13775942085278708,0.03897607809430551,0.0216316158712587,0.01132791762523967,33085,18831,1
4,291,0,88,49,70,267591,269240,0.20251233061081017,0.13977285425669037,0.027165419278427732,0.00847774085430467,17994,20938,9
4,292,0,69,48,52,339366,261364,0.24406502730388768,0.08039975311887017,0.02616102721995583,0.01227900234329287,14855,15332,12
4,293,0,71,29,60,239523,276730,0.2820153027876067,0.09709175194984404,0.02250388190276762,0.01196718781978292,15037,20828,7
4,294,0,72,19,21,349838,239814,0.21980799785748528,0.10545426838448821,0.03809115754942138,0.011154026931417736,30724,17700,13
4,295,0,63,49,47,165196,152537,0.15885160870586681,0.13899074436128664,0.030284903272924248,0.008045688092329278,53044,15837,13
4,296,0,68,48,23,326140,151739,0.23603211677944044,0.2291167054170976,0.04467730547542738,0.010854495251678808,24332,9822,2
4,297,0,70,35,20,402732,145476,0.40819549178483283,0.12837567130727934,0.053863985383680965,0.010128877732670015,40249,14383,13
4,298,0,99,46,48,305395,204018,0.22316404302950613,0.10530775454569503,0.02857951562493031,0.011794660803746656,35252,19976,12
4,299,0,89,33,49,317573,164946,0.34274003680674925,0.1325945471435242,0.023852019439055,0.01228084861877002,30338,13063,14
4,0,1,33,77,68,912601,321149,0.24910135138974476,0.08375010041299935,0.039867292649221356,0.007137015903148718,9577,6888,14
4,1,1,40,69,59,1016892,542714,0.2196899251292759,0.0923931738280422,0.04320761424830966,0.008387135925518706,8241,3865,8
4,2,1,50,41,87,491203,664528,3.047335115697971,4.15760169929478,0.5337942081796477,0.062281712303445716,12248,8357,4
4,3,1,40,100,70,775100,463066,163.01484236764193,41.471918610605854,14.321473140114264,1.859519377583713,9790,4353,9
4,4,1,32,88,80,1030550,466833,141.98780878939235,43.58495998596057,10.990608619322996,3.191519995903471,10982,4099,0
4,5,1,40,50,86,488179,730830,69.64475775866569,56.12179520455742,10.138887363451738,5.296465516702815,8391,4606,0
4,6,1,31,64,104,712996,589598,10.639498414704555,2.70760458711842,2.20993608592108,0.42030108180569387,16612,6171,7
4,7,1,30,66,95,799954,378573,79.21748462527967,20.161034295577632,7.209370133071669,4.051692127221846,9785,7892,9
4,8,1,26,86,66,1013488,428699,692.1344211024663,411.14511419550973,22.111813208388075,6.842914325670857,6868,5715,13
4,9,1,45,37,57,908937,717927,73.35953515757447,46.157730211592074,19.49454910305021,4.2076302007784445,15302,9273,7
4,10,1,21,62,114,949806,433696,142.27630927713,43.263366998571236,35.10891494368849,10.848602400502497,12952,3356,12
4,11,1,45,43,48,920491,446676,281.4425692978601,169.14969829120741,31.021634798444452,6.139568968422028,5451,4591,8
4,12,1,34,65,70,725373,567063,171.5167983614714,48.71517421808543,20.557405539102966,7.020789395467508,1000,2783,13
4,13,1,16,62,92,1128681,473647,473.3761001154743,170.9391657476183,19.081246746626533,9.831418751745723,12702,3992,4
4,14,1,33,71,112,665818,544342,164.09140492015027,29.18545607414903,12.558731889463903,5.818395012183244,7820,3679,10
4,15,1,8,60,76,244317,528787,78.85467900589674,30.759317950529464,8.410586711862736,3.084284512893741,10212,2066,8
4,16,1,36,58,80,439891,485485,102.18827622883792,30.951824294705318,21.39259242013533,8.747821774419634,15911,6870,9
4,17,1,38,79,62,776621,620934,168.84525923024242,72.86043170977487,8.114685659576534,4.740781082165117,5235,6183,6
4,18,1,24,76,82,733691,372472,101.9143746977475,38.616854423558465,25.832675250515695,4.934143913431435,4376,4200,9
4,19,1,31,78,56,692727,511749,2.16911631047261,3.9777123517131665,0.48313467826871076,0.08661934753600914,3019,5642,12
4,20,1,49,67,64,830040,441976,1.0374401245497873,0.39135976684736706,0.05019311383397546,0.009081750074512961,21017,4173,11
4,21,1,24,61,95,1040085,664197,40.489192788293735,8.287296782542374,4.385878118279314,0.6825511673112639,15958,4551,10
4,22,1,19,68,71,890805,482554,2.416362667620867,1.315903933033538,0.26746248831734304,0.1492114066194295,13358,6011,11
4,23,1,44,77,98,929710,692259,39.68386306785948,20.131168894384658,2.9962369847065355,0.47278249720707677,1000,4966,4
4,24,1,49,37,76,584042,457824,32.56591940355502,18.59111271467086,10.937861902445723,2.4480183429781035,2881,5033,14
4,25,1,30,75,52,696110,510914,56.484365351983584,22.583254949154156,5.763744946406028,1.838222156997246,13512,1176,3
4,26,1,40,74,103,940071,608810,108.12001495615804,52.68713706588558,10.141863973350958,1.8947950456559148,12007,6641,4
4,27,1,43,70,53,821602,404443,6.326740027350279,2.289805102330021,0.7169114121324951,0.305230277778498,8641,7606,5
4,28,1,22,67,67,895412,650909,85.57939264501925,29.45830306927288,3.245346327979564,0.625201852701403,3239,7052,2
4,29,1,25,31,76,922744,502611,0.7554895803623384,0.07246051128830672,0.02897558697150925,0.007019548808242393,15276,3933,4
4,30,1,42,63,100,833238,541156,0.31382635874915893,0.11074313743795747,0.03975991998916012,0.010270060375044745,18959,6953,4
4,31,1,46,96,69,1116381,554602,0.24881450615969275,0.11628725676772088,0.05376177583283869,0.00813875423280097,12193,5864,6
4,32,1,35,70,61,693692,492394,0.24843357735201213,0.15604390814946717,0.05084276902168809,0.009417489239267787,6220,3269,12
4,33,1,21,65,83,636181,419020,0.33252146247608416,0.1490671945194395,0.023019655755239784,0.010731719512930608,17620,4395,2
4,34,1,49,70,75,447006,509423,0.4156870025148011,0.4269713218115311,0.08390920551788984,0.009781656003244031,10842,4800,3
4,35,1,24,75,70,949720,298869,0.16812775043044936,0.2155642452616429,0.04334925265257109,0.009171427287004444,18149,1000,7
4,36,1,26,79,84,685989,368931,0.6914775333641923,0.1813877484820889,0.0575989583349842,0.009974108895346319,8209,5389,6
4,37,1,33,66,55,1053201,485989,0.23043741533941509,0.2879439482717269,0.041824159895447556,0.01159284486052939,20310,2753,12
4,38,1,45,76,45,849590,654735,0.312472710478343,0.20443228519355788,0.03322814459203561,0.010067824831214075,7757,2888,11
4,39,1,38,95,122,732233,651707,0.1696690514783079,0.05724704699058376,0.03551806221413658,0.009158199469223036,6693,5312,9
4,40,1,34,85,82,589072,597946,0.26112772287608044,0.0581425946137876,0.030180763535823208,0.007659265551556094,14146,4310,13
4,41,1,34,100,83,969302,346094,0.14742380465018454,0.06985363907463965,0.044685310366136044,0.00796234287187604,9634,3000,9
4,42,1,30,60,64,789222,530076,0.42807798265967806,0.14235626059184667,0.052431568884828965,0.008157419991807423,11937,5304,1
4,43,1,35,95,97,853560,413939,0.37590393252976134,0.2334151894656016,0.05713687542725919,0.009641189091652395,4907,3283,2
4,44,1,4,58,69,920888,493278,0.6058284177682868,0.15443382749032855,0.023751711740913117,0.013904360256464781,4996,3277,5
4,45,1,27,75,24,853150,595450,0.2498625998428603,0.08593409564358502,0.03724118618612435,0.008581575082039017,8092,7353,14
4,46,1,32,80,68,630036,565788,0.4234348066976729,0.10853136124102403,0.02676902993750465,0.010514733852317994,11791,5320,4
4,47,1,18,62,74,904253,628318,0.4320898696422107,0.13932114172061075,0.032916026240486146,0.008103983470939434,6110,5661,4
4,48,1,33,71,76,964040,359077,0.2718860427478469,0.12747944035611095,0.030205649218239646,0.011142231581096354,15345,8135,12
4,49,1,27,83,76,872045,397717,0.3354013937043879,0.1436195410999015,0.03882343329443359,0.0060537520877593076,9463,4534,8
4,50,1,47,59,67,926469,650643,0.3117005459259892,0.07598461476450102,0.021740485946962495,0.010873698247914575,18536,3731,7
4,51,1,45,95,65,945108,652178,0.529772320401953,0.19412642946629247,0.03007657069247227,0.013254817663039712,4739,3763,9
4,52,1,25,49,74,720787,498381,0.1917264726585672,0.15929410999927143,0.05866148767305955,0.008193049078736084,11711,8701,10
4,53,1,28,99,47,713288,497663,0.31690350327179934,0.08139845071485267,0.04467071254766853,0.010821287340763088,12296,4809,3
4,54,1,29,85,40,1245357,617281,9.884100612334159,3.023113381935625,0.20795299257825905,0.07862643406626113,11355,3138,5
4,55,1,25,68,81,1065151,553213,123.6690930861159,33.016858290468434,3.5292754755673776,1.049802987869627,9755,5266,14
4,56,1,31,63,82,790358,560633,205.52363239085952,95.2435794294145,17.93877711182511,3.244403321119638,14235,3755,5
4,57,1,22,62,97,936565,407518,33.23880241691923,17.26084187533758,8.66559987036534,1.1259714782969863,3821,4179,12
4,58,1,18,67,74,612463,614936,50.49814013150285,36.95448055843655,7.7005583936891755,2.530082111742646,11414,8258,11
4,59,1,36,69,56,680223,480033,21.391213251059735,8.705103383534873,5.212433332930312,2.5003260767281934,5067,5252,12
4,60,1,36,88,41,550618,360764,161.27424335816477,61.53857453525089,45.27454933790194,4.051993771483409,7104,2441,9
4,61,1,21,99,62,857132,421865,11.512299175472444,11.911573601548879,2.9764705261515703,1.1571847621385163,11342,4119,1
4,62,1,38,72,88,859473,440291,105.82574624316692,31.31969717212365,2.221113631808119,1.381581154532249,14740,1297,0
4,63,1,23,57,108,1016765,647801,11.003058118486582,4.204234742542059,1.4674706289041481,0.6336363887459362,3131,3482,0
4,64,1,32,61,81,757593,430336,7.873239697881173,2.2188900995507606,3.800483905994999,1.106112570347961,18254,7005,4
4,65,1,38,67,55,1013317,538468,0.9710029844228966,0.3357562448958396,0.10694701985653526,0.009172823749996931,15011,3553,3
4,66,1,29,54,62,930582,288974,118.91400251539365,34.00194692037495,1.8087573261137047,0.5500068269351213,10217,10284,0
4,67,1,34,52,63,1291846,593680,0.9943372294708865,1.0347813872134228,0.32063116534702246,0.007796682424143383,4662,1000,2
4,68,1,24,100,71,1133423,420841,0.37758546172656304,0.17924856536494496,0.05147456467641904,0.010473409545262756,17644,4113,9
4,69,1,28,74,102,1098431,539082,0.675756488801409,0.29181123475991944,0.060048469203835664,0.0070671182426718755,12311,5225,7
4,70,1,27,57,103,967136,539043,2.573681124186092,1.8557080228511889,0.5693501112631124,0.3802441932957794,12307,5121,3
4,71,1,22,82,76,621154,563298,22.743890649915457,15.016852018908276,4.169276485774324,0.4881465223484167,6611,6126,4
4,72,1,28,52,83,858558,533230,0.4180431804709745,0.16179638367006954,0.05170143468431166,0.009981174723792946,10970,4450,4
4,73,1,14,53,64,1249511,691452,0.4925524089244732,0.12752099053754418,0.04271608455826871,0.008413133786694919,6869,7506,1
4,74,1,25,57,45,901390,520873,0.7466072790320658,0.17745084694820293,0.05486226959434619,0.009945856552890693,16076,2540,11
4,75,1,27,94,115,635644,724852,31.09264636465517,14.886918951212818,4.554340585830493,1.8165927182995933,16199,4524,2
4,76,1,27,66,33,867193,563773,29.936949450645574,20.171892735142674,4.669767148203212,2.4041480032171294,9232,2771,12
4,77,1,27,33,43,602079,527471,174.93293168497786,125.16346242637617,20.72312715654885,4.415637673436807,7074,4009,1
4,78,1,29,88,115,628761,589151,162.76798419056914,39.07080193003127,12.826712631728354,6.464073853656593,13956,4485,0
4,79,1,34,65,80,882579,519672,2.4870324036805136,0.27851900369624255,0.16011467627305437,0.011849227485302207,13257,6237,7
4,80,1,38,42,57,947909,544915,0.2967309720368874,0.0928077529396786,0.06924654241156078,0.006125987935748304,4168,2973,5
4,81,1,23,65,93,640415,534729,0.20084312752168892,0.12351210901153868,0.04246218478494029,0.009064389085999137,8542,4443,9
4,82,1,17,77,95,688088,524751,1.209232070217138,0.3593021909551654,0.09551186454107333,0.009692243296632461,20964,5041,1
4,83,1,19,76,53,514724,711852,85.78501142836082,12.871513015581558,3.639680025694777,0.27027553904994583,9959,5288,8
4,84,1,25,96,69,774141,727237,0.9981560039535278,0.6145780094968943,0.16885422423347085,0.010196866504422572,11175,2777,7
4,85,1,26,57,97,410794,532703,0.6333924933883636,0.1584300288661186,0.021528068654818266,0.007201931990705514,12725,5467,13
4,86,1,22,70,63,740170,625945,0.18730589388144755,0.10758783109413912,0.026228669040253994,0.007050617991794482,7206,7334,6
4,87,1,17,59,85,815915,620094,22.26363716830436,8.729638725798765,1.884983471895892,0.27823674073036764,13831,7310,6
4,88,1,25,46,108,448842,609275,48.781872773856506,8.793470920381207,1.4590530766638072,0.3397127764167157,11890,4443,10
4,89,1,31,83,32,598548,554505,0.511657016622617,0.15545826586523764,0.038958080217505124,0.007892521866022469,15626,6039,9
4,90,1,35,76,73,787981,566339,0.9247288923297653,0.26891350179845247,0.053798123215709495,0.008151517255397854,1573,4675,1
4,91,1,24,74,85,760684,557121,16.942226780541727,4.6184957808187335,0.8528889838476381,0.13508638749918575,11770,7130,5
4,92,1,25,76,44,769927,428144,13.296170063402615,3.901232016157398,1.174706059745841,0.38591798223733065,11049,6356,9
4,93,1,20,59,69,857602,493468,28.274438337134438,21.00588764888351,13.526004907852501,2.2963012349725975,2914,2680,3
4,94,1,29,54,100,465663,380320,33.73863876981436,32.696215545335,11.535842629525394,8.061847566193439,8667,4693,12
4,95,1,21,70,65,941732,557644,101.34519466648283,26.897281528183346,10.128177696100977,9.120803878311193,11970,3686,3
4,96,1,35,87,50,736254,543117,55.29506266883247,17.31587325247001,7.918789404383909,7.987602046498076,10250,4809,13
4,97,1,12,94,102,680760,569932,204.76034933086225,70.04323303695719,22.986183981186567,8.42153568060239,9876,2694,7
4,98,1,26,81,88,427028,422521,5.768201508838757,2.9371710053962636,0.23341626226384166,0.04928648102352,9928,4762,7
4,99,1,33,70,78,746484,596448,100.33781899090737,18.047644887919883,9.003606265435183,4.8229430424728434,7672,4691,6
4,100,1,31,74,78,902406,547131,25.662969578440304,6.909215324509036,2.818608587198209,0.5905062006099243,20027,4746,13
4,101,1,56,70,100,828314,723295,31.755631455202728,11.937432732020374,5.406310640527893,3.8298566666457243,11641,5507,14
4,102,1,33,54,85,834162,580604,66.92546324001788,14.138232875735659,4.105453379533118,0.44164991070434967,11548,1916,9
4,103,1,19,70,92,732191,440222,2.4186830873613516,0.8995879370301082,0.2710430508806341,0.12177279838211857,3363,6561,1
4,104,1,29,49,66,787890,364974,14.014012851378483,5.920440152085577,1.9713620570906043,1.2780273696438782,8422,6679,5
4,105,1,12,68,41,578507,521815,57.25314650193731,23.433367674490086,2.2714626302023566,1.2515975164497188,7355,7811,14
4,106,1,29,94,92,799046,397077,0.32905830737069774,0.18848219649660714,0.05894080449222378,0.009672950732837082,9845,4806,8
4,107,1,21,82,102,701779,426548,0.572225202532337,0.12495054367564687,0.02781367655222397,0.0081624023107123,8392,5520,8
4,108,1,39,56,75,575040,403404,2.7667435276400023,1.9051125967072011,0.8758226428408054,0.37295181921559395,6913,7091,6
4,109,1,24,68,97,950943,441887,375.91117819278253,103.21234081836721,14.571653538289398,6.525383601339469,8857,3595,11
4,110,1,28,57,73,484999,645620,3.171871287280659,2.2285343255786803,0.45582792477735645,0.02415458108286253,4585,5983,1
4,111,1,23,69,78,904857,403265,0.2258030931153644,0.09829463172438367,0.03203751205661388,0.007582249846846068,12976,3526,7
4,112,1,47,85,115,917429,457531,0.30987647355884873,0.09970858875875341,0.0348733032782154,0.009746458816466609,14025,6034,7
4,113,1,26,79,74,694552,356944,0.15090447256928896,0.12589405152677535,0.04385167463922229,0.007480233610629752,12490,5785,8
4,114,1,48,100,72,1006081,329359,0.2593369061123545,0.09240260121431752,0.044765876630265496,0.010204104308496302,14278,3208,8
4,115,1,38,87,42,690331,472058,0.32320874833067675,0.1303401902985999,0.04352479278371264,0.008920708730872124,13928,6021,2
4,116,1,34,73,93,677768,520748,0.3325870542015997,0.12408355654702041,0.05504867675224019,0.012812715512083963,3578,4123,5
4,117,1,33,80,65,559928,384964,0.37676172039447964,0.13183679728278114,0.03465545613543974,0.007894206706026256,17463,4676,2
4,118,1,33,66,82,798311,348056,0.3620041964544924,0.267369585149543,0.030975292157680998,0.0059764687433233425,14345,6629,13
4,119,1,10,53,73,608268,312866,0.48821100357180053,0.15418366196820632,0.03506580845581377,0.007669596706384221,1000,7154,1
4,120,1,27,89,71,641670,514543,0.49420756813354666,0.15529314788824544,0.028317348917708752,0.007563062398019491,6199,5829,0
4,121,1,38,85,77,786925,593493,0.19793329773790666,0.13658123771302036,0.04446771088644334,0.006933578704931078,3836,5025,14
4,122,1,29,66,79,795298,357170,0.6000314212941522,0.14567952073666152,0.03141603880878431,0.007135372070352722,12169,6410,11
4,123,1,15,74,103,1051186,435224,0.41541998182207734,0.15742420202254384,0.03440257543826051,0.006419282993004883,7329,4349,12
4,124,1,29,88,110,986206,608227,0.5421226163359699,0.15819908906795468,0.043219639638866235,0.009699075108365885,10119,6790,14
4,125,1,47,82,93,910198,478645,0.3081160666671023,0.09245934200282585,0.022260987806643606,0.006966005141329904,18672,3765,3
4,126,1,42,48,105,770690,489961,0.14663663373606445,0.04022146906867443,0.01612838262630838,0.005637889406445306,17221,4564,1
4,127,1,29,73,97,719196,538030,0.2194372559435315,0.064242930960033,0.031256555061973244,0.007874157627254385,5211,3141,12
4,128,1,39,67,89,794681,455683,0.19753440252390925,0.07634471953741134,0.030207569019598,0.008121606534450529,12289,4831,11
4,129,1,26,86,109,688743,422229,0.14561868710924167,0.06125036165394269,0.015027539079670306,0.005581889134696069,19135,8032,11
4,130,1,12,85,53,659813,530733,0.3774845556306925,0.11125435395525633,0.024531812542147854,0.007606230140408392,5426,8047,4
4,131,1,20,89,66,784241,361874,0.2564631991327419,0.10852996473574285,0.03325758506728796,0.0069104978705670506,14839,8256,5
4,132,1,45,53,63,624323,338778,0.3567104059253083,0.08774386554026536,0.03217951186586813,0.006746176131456166,9158,3717,10
4,133,1,27,58,73,636614,430795,0.43568431571946525,0.13101867557428518,0.033267679522355,0.00662316430752822,5295,10415,7
4,134,1,27,86,93,990974,571205,0.19321419347058488,0.10522581371071613,0.022869263024053607,0.009454795305393218,17570,7366,11
4,135,1,27,61,57,524064,616246,0.20417463285292287,0.059782508537780374,0.0256056902349228,0.009328936507871402,7857,7037,9
4,136,1,49,47,90,592044,452509,0.2563174207153909,0.15085532917448943,0.01950215414721435,0.006188314244115735,9252,5498,5
4,137,1,46,77,68,1054654,583029,0.16372111050913213,0.07005959274404208,0.019016081382346995,0.007336828228759399,8225,1875,11
4,138,1,52,61,73,721572,638170,0.145189740504845,0.10792193333640837,0.03086777469900467,0.008853793451417834,15267,3747,8
4,139,1,28,96,84,1075205,503775,0.9846433821759155,0.3170285085812728,0.03867470562343439,0.011588426254665362,14917,4165,13
4,140,1,32,74,113,566526,563642,0.7390298382727373,0.15469310286724886,0.03291862184740628,0.011588096668176985,6290,4702,3
4,141,1,14,72,65,814756,686656,0.281770278352453,0.09029331185791413,0.05122003510535404,0.007816947895464188,10579,4145,3
4,142,1,44,64,78,954365,429521,0.13883153238341348,0.06542838774449031,0.043932605189091666,0.009274770752512443,11843,4944,14
4,143,1,18,93,58,618805,475837,0.2456088382223181,0.12524887373646812,0.05007023602767843,0.011266589132318296,14877,5956,13
4,144,1,32,75,65,1134866,660051,0.8235836493529097,0.19248699570948305,0.02213318191793813,0.007626322428583532,6961,5151,3
4,145,1,19,63,58,721930,405977,0.2936391029871231,0.14864358409938613,0.022745703853824524,0.006394612525012006,16912,4599,9
4,146,1,24,58,84,901817,515551,0.34417047813244284,0.12608881746752323,0.04314106870736191,0.007982274629051893,14072,4478,11
4,147,1,21,68,88,664389,437171,0.33174330244000716,0.11021890767881626,0.042848930661933224,0.008153314872585731,5251,7834,6
4,148,1,23,55,93,1098322,636370,0.16557542012429566,0.10884215737048578,0.024048901761304333,0.01000211967203718,12423,4227,9
4,149,1,24,85,64,860671,381520,0.2507484528406935,0.1320147145332642,0.0517013504184665,0.006972905311740684,12446,6557,9
4,150,1,24,42,90,1219455,493285,0.4501749863333484,0.12884001271377338,0.06434289105027322,0.013363181566437064,6454,5043,13
4,151,1,38,67,82,1035814,395303,2.814284291707509,3.1369901569149685,1.0372724297479683,0.26172756960788685,12132,1269,3
4,152,1,18,79,78,967406,353344,135.4480803269791,20.63144292309043,5.619687281897609,0.5871315784537382,10012,9640,14
4,153,1,32,75,55,608976,310189,33.157181837479946,9.376127256965834,2.2758320256449274,0.41978532664670243,2343,7464,3
4,154,1,42,59,83,816770,483533,1.937223189586086,0.5784009874407283,0.37343377844068903,0.24132799515627681,1000,9528,3
4,155,1,24,79,83,736664,548365,0.2518049286259879,0.21819088189582947,0.04540362221583431,0.008743000522033369,20245,6767,6
4,156,1,22,56,82,805245,501832,0.28209430920253925,0.18789450872325636,0.019863854561602074,0.007591565713549825,9379,5109,11
4,157,1,27,69,88,829544,523460,0.2037725500319803,0.1949001735790532,0.03400497513934274,0.006906385023576822,10539,6149,9
4,158,1,41,79,93,619860,456559,0.19152163626824872,0.30292481640538177,0.05650184164813548,0.006808027500168967,4867,4045,9
4,159,1,31,76,58,768687,598437,0.3196036299081799,0.18713946532246728,0.04729588465288942,0.01019939036510526,7007,3297,6
4,160,1,24,59,75,780722,572779,0.9657766446325596,0.3095348759278154,0.09856654779065557,0.007870388643827622,20841,9190,7
4,161,1,34,87,90,597954,512552,0.37124317465895273,0.13502857922972653,0.06725529822785499,0.01134975498719413,22089,4429,6
4,162,1,18,71,74,960083,520543,0.35066665219254844,0.1414762948343762,0.05047525892716639,0.010606765450497354,1000,5278,5
4,163,1,36,81,99,844497,453422,3.0983532924510375,1.6075383320939434,0.45608200764490897,0.012693749931382586,10287,5941,11
4,164,1,34,92,81,962650,694542,48.36908342492915,35.781838042372435,5.729422962112635,2.36620945926082,19340,4531,14
4,165,1,26,86,40,897443,580820,2.36308940194877,0.4840191883517985,0.0687903586365915,0.009335139686721993,10989,6927,1
4,166,1,21,86,96,457274,489719,34.56344281137026,4.656272603780509,1.0847922408744268,0.22278673527238593,13420,4800,8
4,167,1,21,72,77,633338,482737,1.3544496989219006,1.1447216241600646,0.42892887961155424,0.047468453823260634,9152,12041,10
4,168,1,35,81,44,1130642,461029,0.24788603454511066,0.08192283437726665,0.029943599832879145,0.006312316774071031,12576,1188,12
4,169,1,42,73,74,957017,470132,0.22739666611961393,0.07080870508029295,0.020956806256708076,0.006363634979823761,17227,3664,7
4,170,1,23,51,54,475672,524639,1.9249190186683545,1.0866625105515146,0.13039004365755016,0.014014884924170405,12608,7153,5
4,171,1,34,74,95,894002,329332,180.5081295162019,36.61939531781498,18.671881318470753,3.178367846298437,3921,1859,10
4,172,1,9,73,79,633617,475089,14.59297333058298,5.345305885989545,1.6597838938473668,0.5816962110697079,6846,5393,7
4,173,1,24,78,61,380702,486890,0.659058239855998,0.34773573805923635,0.032164227303104725,0.005949473331560975,13866,4335,10
4,174,1,29,68,96,1131441,499168,0.38917862580076756,0.09503886329120123,0.028632221908794345,0.005965775123709773,9660,4766,4
4,175,1,20,58,89,815065,517461,0.2082154823176952,0.12766976022601514,0.05709941688509855,0.006470443151782065,7273,7422,11
4,176,1,20,79,75,843395,503188,0.22636989524734358,0.14304387737150195,0.026605692402762744,0.00798876586706147,4549,5291,10
4,177,1,23,50,55,548645,540509,0.5318428677230047,0.24108048130360996,0.04522176314123028,0.009530716175871612,5015,3498,3
4,178,1,32,91,63,569372,486503,0.2201733243494946,0.15642896000149004,0.017159940039697587,0.007685032567695374,6424,7037,3
4,179,1,28,66,62,481672,598800,0.20685264731049843,0.05803123317901684,0.020634604479312126,0.005626150246913767,12283,5467,0
4,180,1,7,73,94,1083395,565783,0.21198047772323683,0.09511141640666745,0.04160288405552141,0.006820885902824301,7413,2238,6
4,181,1,8,78,46,471334,724593,0.19972374746550658,0.12277391776385149,0.05268624824666783,0.007774947251514411,10889,3662,9
4,182,1,23,78,79,1123356,570174,2.90569253684341,3.2236345053611237,1.2059582440505785,0.10318333962182542,10788,4831,12
4,183,1,34,48,74,602647,425483,4.767359770578773,8.576914380876417,1.7485491037756389,0.6300377367064012,13844,6537,6
4,184,1,2,82,100,554424,484321,0.3520424193203888,0.1695477033536608,0.06668822792248875,0.0072941159298082845,5890,4743,12
4,185,1,25,74,84,788925,449269,1.8489294115057848,1.638371550735707,0.851422501272602,0.030956557830847005,18082,6912,4
4,186,1,24,60,90,663158,500796,77.79444121255878,22.9412306372373,8.303759575483536,0.84955915556194,1204,5141,9
4,187,1,43,58,69,819459,609786,122.18828274956577,51.84411216087365,9.731857964343844,2.3933716392971878,8371,3644,4
4,188,1,26,64,55,624568,467614,4.76329606806115,0.4481713201665343,0.10238474537041438,0.009682844830517531,7876,5114,2
4,189,1,33,50,73,737303,443148,18.664827306575212,4.278436783831565,3.39472007518719,2.357996276842047,6050,6459,4
4,190,1,31,95,95,648321,551628,30.82454619830085,19.49355792073443,4.017369055321883,2.7850152031131565,1000,4631,5
4,191,1,8,92,95,972245,418473,67.3655167462676,48.885217408559015,15.802818881954646,3.495586028041469,16067,2796,0
4,192,1,37,76,71,902524,412567,2.294046919577986,0.9153686276738118,0.11245953309602277,0.008374040526439929,14146,5393,3
4,193,1,32,66,62,849543,538197,0.8442217565623917,0.13751299870250452,0.026419473163540704,0.010242080389389853,12493,3183,11
4,194,1,35,67,58,1010709,320844,0.5719026595684561,0.1272725921985971,0.033846841333967995,0.005901178006486794,6368,7998,14
4,195,1,69,81,77,852635,451727,0.19821545462299495,0.08009281229786155,0.034489961057947154,0.009637926299759526,7471,7277,8
4,196,1,9,96,82,835759,585583,0.2136445612223671,0.08545397246828643,0.027130536055460133,0.00851503224195185,8318,4532,9
4,197,1,47,61,109,776009,316639,0.32030974190930733,0.22137953039102254,0.049468943916946534,0.009011832166126294,8801,5913,1
4,198,1,27,53,82,656750,323914,0.5908750159419173,0.10223556593589005,0.05122387459499409,0.010718193646084862,13975,4823,12
4,199,1,32,93,92,657191,356601,0.39092224463830133,0.15628403003214425,0.024058771508150896,0.010446675199228529,7527,8007,6
4,200,1,29,43,64,829424,226882,0.2342184075809457,0.06684224615682308,0.03886026225900581,0.009670515596665132,5716,1779,12
4,201,1,25,54,80,1003581,689666,0.2146813745276571,0.04407852111626016,0.027292362582555244,0.006771197016163222,10733,5389,7
4,202,1,24,66,82,914072,512048,0.3956868707105393,0.14668576289912874,0.03454661443080381,0.008355244366575759,10212,3094,10
4,203,1,33,46,77,912923,432954,0.1890499284993852,0.08784223426032493,0.04300646468661936,0.006471682651888032,12517,5845,3
4,204,1,14,86,79,578768,370984,0.39304811753109725,0.1853541207568862,0.05079900408846869,0.008225611356086588,16943,1233,6
4,205,1,37,82,82,904566,720121,0.26781999622554004,0.07860557315572009,0.023954289501296397,0.006298622279222288,7965,5657,4
4,206,1,25,61,89,720158,565501,0.5135823626025664,0.28680972061429,0.026595835384171908,0.007201879308638347,14660,8877,0
4,207,1,18,89,103,835147,487161,0.1786428623261968,0.0918678256131759,0.04707578205630708,0.013394857185621703,10710,3908,9
4,208,1,25,91,34,910402,621951,0.13471796020136867,0.10592976726159134,0.04922534832172554,0.012676169262932241,15121,1984,4
4,209,1,42,68,102,568758,538876,0.16682498123336112,0.0638375165174436,0.023932681736059672,0.00963197434559239,16160,6319,9
4,210,1,24,63,45,831480,449802,0.21163012124909708,0.21424292901833367,0.036775249312482536,0.007300307594156874,6213,4367,7
4,211,1,33,100,86,847252,439358,0.6531630337440275,0.2198442948896254,0.06890013365438154,0.024824045278564903,19897,6887,3
4,212,1,22,80,127,999726,440960,19.289652036800273,4.895418659077006,10.449272255980517,2.070529857992317,10905,7198,2
4,213,1,37,73,79,696624,398397,16.398015325065554,8.457827422046435,2.5007770647889025,0.645933244156669,4263,7063,7
4,214,1,36,90,83,787757,611157,0.4733891687260832,0.16734159589302008,0.018272531293582025,0.00781271265748107,4305,4948,13
4,215,1,48,74,73,833992,448201,0.7125003301700064,0.16716645510096648,0.0316210008923469,0.008024034993791443,17365,8647,1
4,216,1,28,62,93,696642,635318,0.5538923866311243,0.1791630290304981,0.03598261582357762,0.006111435475873058,16571,6588,1
4,217,1,36,71,87,692990,417131,0.22533530363055443,0.1390013209925168,0.03116440150307813,0.007195465555128217,15482,3553,12
4,218,1,30,85,66,685271,440098,0.16693948911057727,0.1200902741417669,0.0889203680383453,0.010306962031442352,7293,3699,12
4,219,1,42,40,77,774455,454758,0.4290109437996755,0.15176992789287042,0.072351994252652,0.010219290038487273,8131,7608,14
4,220,1,22,65,57,1149417,410092,0.7967644358358335,0.4493870362968763,0.024427505705988315,0.0059401923254253294,2121,6337,11
4,221,1,37,90,77,781584,441357,68.25547649317551,18.97670669116168,5.973203089431538,1.2953808550609742,8540,3557,10
4,222,1,28,62,71,897507,555057,146.066179494201,47.54919151267602,34.03369174930706,7.238769236381912,10853,4284,13
4,223,1,29,93,82,806318,620199,11.594746911842241,3.6351629003502923,2.4544800689502053,0.5135258853711352,17500,4872,5
4,224,1,30,91,65,738494,529906,0.16844346260995952,0.11328436188404345,0.047513107333526275,0.00680081088009594,8622,6640,4
4,225,1,32,69,75,795160,380931,0.22495757104906342,0.09111811610057462,0.02797310155558043,0.009221623978259461,8331,4553,2
4,226,1,28,61,80,953869,440049,0.4479009012783222,0.18402227097399348,0.0352786261364795,0.010244243679350831,11446,7629,2
4,227,1,32,65,81,789306,442137,2.0685324607233055,0.30855620156362545,0.18620688702258006,0.04624983103917768,14252,5723,14
4,228,1,45,100,85,767813,670050,35.738540477095476,12.969852360987828,7.911001472722195,1.8973044403106956,17764,7726,4
4,229,1,39,98,76,753045,598555,367.690956916491,137.6522303442204,60.328544955079586,10.988175401590599,6502,2706,9
4,230,1,38,71,64,601303,621421,115.4556564563168,56.02243492948268,25.404342365463222,6.317180275839847,9145,8000,8
4,231,1,25,60,81,1008018,429104,214.03903293526778,342.65467673994556,61.6932363993988,8.935638619794624,10684,7339,6
4,232,1,21,71,76,710612,372654,190.44948944496102,67.6712562620093,25.28993043943162,6.5927410060314315,8668,5150,13
4,233,1,39,73,100,1093881,557337,2.4049406625087197,1.9528657478844198,0.581707199814073,0.009834099738543257,6897,3949,5
4,234,1,38,51,103,848941,453978,13.791243588935673,10.042597832848656,7.951738553123206,2.3257476537109216,8715,7604,3
4,235,1,44,71,52,1081177,529158,42.7343206763481,19.761292943722903,12.582025091384653,3.146178199134363,3909,4083,2
4,236,1,23,89,92,760011,541246,154.74589344184866,26.99016657689983,33.255948230201696,7.439701750769766,6968,4989,9
4,237,1,27,43,96,653364,460488,148.5542869510379,49.595373338180664,26.219480428150963,4.815963392144408,3834,6010,6
4,238,1,13,82,53,1008645,600411,18.218301714159086,12.730880693735063,2.6647798273108094,0.9185463846460751,10060,2728,10
4,239,1,26,90,91,687797,353960,54.00454057548525,42.44852073415466,11.425016520510777,5.639529914160328,8042,4634,12
4,240,1,39,61,97,1057107,510939,4.782974842909677,3.4247510812660082,1.0173692190952828,0.12706613630726568,7272,3156,11
4,241,1,25,95,61,915742,567849,98.35094145021672,48.80705851301635,6.020450709821904,1.8303654030447278,10079,1887,7
4,242,1,36,59,75,1092892,670226,1.4753394734340726,0.24657866385883276,0.06372587310335584,0.01340487216428679,1000,9168,3
4,243,1,28,76,83,604705,513481,0.550710500061388,0.24624454637926066,0.05751375328960763,0.008679240122410526,8414,3689,1
4,244,1,33,65,91,991302,625742,0.4768187063637783,0.14201342093703853,0.0922224898494425,0.014112959533414828,10973,6247,6
4,245,1,18,65,60,651450,619176,13.395110351847903,5.12740534476588,6.914921911439422,1.60954310113786,14874,9188,2
4,246,1,30,60,103,320715,733680,168.0132781602167,30.803804107906316,12.028741856743338,3.4255901716897506,13045,3733,1
4,247,1,1,80,39,979183,532373,0.3343274870089695,0.17497945464030493,0.06394112205730333,0.006668298626353454,16352,2479,14
4,248,1,28,82,106,798719,705207,0.16565643925629125,0.11460885879258056,0.018735444352935633,0.009082147585261293,2832,8524,4
4,249,1,13,69,91,992482,581006,0.2326579406414749,0.12276068288906702,0.02453401282712382,0.008554843513869875,15232,3136,8
4,250,1,42,49,67,818402,346586,0.2678320720678812,0.11280540189971312,0.043677502654327835,0.009051664485946105,11493,4178,12
4,251,1,37,76,97,804295,502873,0.2197385817427182,0.06627679956425252,0.02902292256766757,0.010814611940945804,7315,3859,2
4,252,1,34,76,59,1099540,408344,0.10745167562722137,0.04226315958728867,0.018913345206561807,0.0068105354997908775,10540,5309,0
4,253,1,45,66,82,823658,653025,0.22112519104871153,0.10905300824422329,0.031147922239906832,0.007200191512584124,25627,1357,0
4,254,1,20,98,84,704899,516857,0.23925619494745343,0.10066400065989067,0.038589501082078426,0.010209216368471675,10726,6244,13
4,255,1,47,46,84,782324,368044,1.5482787589113958,0.8010331605974219,0.3209250856760538,0.22801852618131319,10401,5930,6
4,256,1,39,36,63,831527,588277,7.649498294597403,2.881111813472963,0.6268705621225608,0.22608093114052016,14295,6730,0
4,257,1,27,59,70,231069,632154,83.51619268542095,62.348291002143085,23.496021550876545,5.719524725452464,8905,6689,4
4,258,1,41,80,82,898221,459682,253.34162521525622,56.903908818690255,38.16358733963476,8.26516358376647,6037,5907,14
4,259,1,18,54,65,1071780,455295,77.8873213001028,20.60506695117059,11.430154533749056,5.18380851383255,17020,4388,6
4,260,1,21,55,85,790202,520166,51.1419489025067,35.107974312992646,19.958770459200508,5.926979660468602,2803,5117,2
4,261,1,23,84,67,715848,318932,87.52484923791165,51.19670380978946,11.45938602301401,2.5811575253227845,10215,3696,8
4,262,1,24,76,100,877553,570971,4.026616625385184,2.5994671045572306,0.5038269739370655,0.03408281848592017,9676,5387,1
4,263,1,19,75,111,1148709,669131,71.60056449212935,15.8941636518217,5.852247770383469,2.3109162184386673,5834,3419,5
4,264,1,42,81,74,893838,434930,166.43167632931403,119.62919413987169,44.20447474609502,9.223410773521985,3410,5273,6
4,265,1,27,63,98,842874,684305,111.07060048903791,35.63451841545706,18.292842657950118,3.070111699622101,9362,4119,0
4,266,1,33,64,75,721884,599482,132.91336119882743,46.92913734983231,15.858968606920179,5.503642480218178,11831,3364,12
4,267,1,24,82,61,586100,492297,448.525622249953,94.45672599994906,28.197079883337256,8.857010214817207,15237,7100,1
4,268,1,11,49,71,804681,563483,214.09074483707838,46.52428395407552,27.348314689898775,8.816264015018275,6142,6586,10
4,269,1,32,37,81,808315,659768,20.543642591289547,8.483987079318224,4.919071456523001,1.92848884893066,6077,5113,14
4,270,1,10,63,44,413580,514181,86.63539357891901,29.564981030453314,11.979208509526929,3.4962073532283005,17630,1514,10
4,271,1,29,83,92,654643,539257,27.172819067025177,23.82796136863369,5.193887761728468,3.766108832176502,7660,3242,4
4,272,1,16,73,81,1031772,446452,174.62281614513736,105.47602035082879,19.835719530967285,4.67825226043053,8330,4846,8
4,273,1,49,82,100,748386,488012,170.77374912889033,57.585625394678985,25.003325660831056,10.11482495986297,16094,5945,2
4,274,1,39,39,92,308834,570080,95.4704676927845,25.516748634412895,27.132789588109937,17.32639583769012,1769,5979,11
4,275,1,31,74,82,1120235,481964,113.09753834647881,26.14474757237982,10.479070392572229,2.4739255817889423,3993,5463,8
4,276,1,42,79,72,621698,449656,64.58169305347359,31.684332778917323,10.655822837861397,3.9858946609140977,16959,5061,13
4,277,1,21,49,110,705946,615098,281.05071830325056,210.1509738523034,46.72724845000922,7.032709789739949,6992,4569,9
4,278,1,35,82,123,1012450,548250,286.74246055756976,86.47833258380027,21.240733684645534,5.105208069320492,7330,3743,6
4,279,1,31,68,73,651585,451988,46.140109684730696,17.495280113834895,20.723416682940385,9.230235341473284,7751,8311,12
4,280,1,32,100,100,406007,675280,14.883218757084613,5.163628500779615,2.040360939796606,1.221399529509744,8398,7065,6
4,281,1,42,37,65,843513,711361,92.52132912605892,35.09505585988804,4.680120715167206,2.113778286072599,7703,6165,7
4,282,1,37,90,68,959368,601460,8.27427998868984,12.23382461515571,5.316415108519958,1.5733919251479274,10712,2731,12
4,283,1,32,64,72,706177,380534,329.50878253413464,82.78642863888409,44.25346227494855,9.054644519966558,16263,2634,1
4,284,1,13,45,93,775431,540703,179.77557201275124,114.9493827888775,38.06758493785192,12.78655860896483,5982,4935,0
4,285,1,20,62,58,564040,558862,808.4658296050849,270.2087635146601,76.24744338310803,13.019171246514386,7044,3973,13
4,286,1,28,74,110,600907,341503,474.8339074392721,300.60312783226465,54.987095237675774,8.516577644001082,10160,2721,1
4,287,1,30,85,98,735664,619206,108.91521810550704,58.56568810005641,35.760606442025285,6.398943252314202,17857,5208,1
4,288,1,18,95,93,929722,520915,319.43573863889185,165.7313389063714,29.095701672657853,11.788441474097915,8522,1232,3
4,289,1,54,91,74,819554,612257,543.5815557968851,256.77662350715013,60.17134571710463,18.836910859777863,5504,4817,1
4,290,1,45,55,96,1004009,469446,365.0927210360846,194.517136784803,52.5508519442725,12.455353241205644,1000,6018,4
4,291,1,36,86,21,1130722,548422,807.738643838326,185.46607399876027,51.51217650145426,17.010355343572577,6195,5954,10
4,292,1,30,75,88,977314,553190,827.0909031340251,318.33910636109465,32.20246890408584,8.224526939788383,5662,1389,8
4,293,1,27,60,83,482007,518858,575.4950088493264,160.07123409907092,24.828525872796362,14.144994880060935,4041,1294,2
4,294,1,20,66,42,743244,549138,628.0228884238776,156.6887863545696,44.43792355469248,14.685869557777043,10351,4574,9
4,295,1,30,59,88,975399,486289,256.22982264329465,355.8549920403975,52.397414642877735,15.760732732413725,8685,3737,1
4,296,1,32,70,91,776091,381696,263.54933231796656,191.5195577655388,33.06558992979488,10.435462253773153,17130,2565,13
4,297,1,17,59,42,476131,295831,549.7271908747114,275.65864659706426,57.53028742148511,11.383347422313722,11077,1000,3
4,298,1,33,54,56,689604,438265,177.19688124733776,72.94427430524333,32.50063951803415,5.813840468877087,15042,3235,13
4,299,1,28,77,121,345509,579081,52.19055116134287,24.534823050092893,8.491186582482662,2.0086903843445767,9143,4796,7
5,0,0,79,34,45,230700,181165,105.43151734619467,34.786345179822824,15.063427391044387,4.234726178135174,11277,9690,4
5,1,0,78,48,42,24832,232560,88.1328199548293,54.18827542340212,14.17828694549406,3.517528477840548,34518,14896,0
5,2,0,82,47,41,319356,240406,850.4956676292345,225.5395506006668,31.621715543117922,5.019376329591889,35340,20590,1
5,3,0,75,54,20,372817,284906,109.56329088470603,40.3143349215707,11.045484345733142,3.046618547890406,41327,12503,12
5,4,0,74,38,24,376612,141313,153.57395459697588,68.73713988519181,37.343759260675164,8.258328976576367,42380,15654,6
5,5,0,92,34,51,279414,158925,132.4375769489642,45.514574235763355,16.479705689821284,7.3684738083395676,34956,13821,10
5,6,0,97,66,48,286483,202437,80.92040712187828,17.886228259300598,16.51574313019347,3.5126859870328295,17613,13066,6
5,7,0,52,40,45,324650,270504,69.44371924063215,21.34736743039145,18.262589127424587,4.687665657295558,28871,23253,0
5,8,0,75,24,31,340889,221861,148.97297678502198,63.48461843552647,35.690197818710566,5.934242379421692,22063,19596,0
5,9,0,64,62,51,290655,205273,224.5562358444248,69.80611982327949,20.342397944682,3.8418623195022947,18341,11048,3
5,10,0,70,17,34,67701,261221,71.92415993071255,33.31563501734259,13.627746617688947,4.047079517211191,43968,4840,4
5,11,0,81,1,59,439704,180133,140.53718669903347,49.1952921798473,7.840847823676217,4.779782005912148,25360,17328,8
5,12,0,85,51,28,253566,258476,62.872620716435634,52.105969219927985,21.583543876993502,3.7688441100785623,49893,10771,10
5,13,0,73,53,32,177610,286752,205.52423062025727,56.17864308711039,22.961873257954537,3.7554903679462313,26153,16241,10
5,14,0,46,46,37,260741,192345,135.12770413090064,39.294450902916886,18.470573062585675,3.170955344728044,22857,13848,5
5,15,0,60,20,52,311168,122521,93.80975056321674,51.42889699495318,12.293713930223078,6.660021947194511,36018,21377,13
5,16,0,88,39,39,239091,207282,194.46111464128515,45.98518645122371,27.099256021250422,3.778704522438348,29214,14167,6
5,17,0,33,35,40,245996,282214,67.33401680454365,29.515436568162098,13.730698594273592,2.8655401512696117,32776,16072,1
5,18,0,92,31,34,267536,224678,63.64986095523724,22.169439532017915,10.567913844456154,4.06467004138443,24608,25928,1
5,19,0,82,61,44,336181,131205,92.73878715776334,26.57364450044625,10.285065320218932,3.0892525904369075,24606,20892,10
5,20,0,94,24,38,220101,263513,140.14673609424577,47.515195968878054,9.856123862548339,3.518427826122252,25106,6109,7
5,21,0,72,44,28,333744,239769,122.81156427292972,32.94102463893963,12.539038647061274,4.643304815137678,19578,13581,12
5,22,0,44,57,41,161972,249980,31.244966346199988,39.93146413738022,13.505075380121685,5.071888923503069,39663,12269,4
5,23,0,81,45,42,500588,256647,173.38591442881116,32.112884800334776,6.769037325470541,2.8890528447386448,32058,17888,2
5,24,0,94,58,75,407231,172873,132.49731978166798,30.01351499965414,8.546211149926675,3.6647453877780354,31534,12168,10
5,25,0,88,48,30,272533,252927,19.014377427363634,25.25737609653802,7.189461290416642,4.58123520977465,36661,7275,1
5,26,0,65,46,27,333475,167723,62.43282402462527,37.41433680938707,11.701856954520814,5.794125577746945,33570,15538,2
5,27,0,76,45,44,183183,140918,125.27764324571545,77.4372062553092,19.182901067531063,4.22158390214788,52640,19780,7
5,28,0,67,49,25,356182,158554,78.35620135030352,19.281858199982633,15.180374400715248,2.7645436084968478,34265,14245,1
5,29,0,62,34,23,384540,234639,105.24121802793972,57.848496756803705,13.106917143173009,3.115584763573145,9483,13896,6
5,30,0,89,20,18,326632,179542,175.39291747552844,88.23476796001512,8.456063412368021,4.451166612197176,25061,14547,7
5,31,0,57,54,28,390228,273779,238.2251325736135,38.30223612634033,15.391344995769364,3.9547638299738166,20677,11188,13
5,32,0,61,57,28,299296,255723,94.85794888032089,39.671055190742244,9.790775127437445,4.558795443131534,34676,13846,9
5,33,0,58,43,20,289861,233697,56.512034108696064,23.405769975546793,10.553796126715962,5.773606843517529,25865,13510,9
5,34,0,52,31,36,234013,269002,169.85645760999813,42.83585319394851,12.229764296683237,5.0772238562830045,35010,18009,6
5,35,0,77,16,4,355590,141247,98.67090805058592,50.08046348218647,17.321005752272967,3.228656168395303,23161,20950,11
5,36,0,92,41,47,216344,247827,153.06646128578905,39.07693974741456,5.6609306125331305,3.0167138867894447,31940,18720,5
5,37,0,72,19,31,341435,228710,76.6240509472598,40.64931678589864,19.684377764208694,2.6575521469106924,24730,12860,7
5,38,0,52,17,33,330322,136328,71.32157541452987,31.334747207583103,8.84706653480967,2.6934972769308287,26605,5666,7
5,39,0,87,39,48,434398,163995,71.14966596553315,34.57323306978399,22.803961722490275,2.944511676822318,32257,13855,7
5,40,0,100,28,45,358350,192063,126.54937898662801,24.218367814409493,12.339874186317612,4.076848004044145,34512,18198,7
5,41,0,65,45,30,124319,190631,71.7447868366698,13.133495751792926,12.73691766050609,3.635426149321451,44286,19862,12
5,42,0,67,37,46,233648,197945,57.79853676250866,32.39623882177234,4.452096868752351,2.2755326989477775,41312,13822,7
5,43,0,82,30,63,231051,169029,99.27971467619119,21.2836294104004,14.732809243290733,2.8537121777962247,39432,12097,6
5,44,0,99,14,24,226811,273956,107.07377042094534,82.52804509041945,17.944330201944762,3.2419257814798934,34317,8972,2
5,45,0,67,27,51,396660,138280,124.290574378607,27.135690441110164,10.473836054132835,4.838649741071894,25119,19073,3
5,46,0,55,27,23,79664,139750,43.53328593377621,37.51505301525577,14.214303871395746,4.631380024939591,36220,7355,5
5,47,0,84,21,57,442445,152874,139.89301344176016,50.18735410949499,14.378937471040734,2.8896556624549503,41940,19449,14
5,48,0,86,35,29,399853,168230,117.23900238420808,86.94148949113352,14.672818911820317,4.813034455282876,41946,12095,9
5,49,0,75,22,28,318575,164329,63.076909430014624,29.51383487318991,13.805107919609137,7.734824730690045,30161,9160,14
5,50,0,66,37,57,334919,283985,44.96273759334326,19.21047235408289,6.93645811488993,5.437215485803962,26563,21970,3
5,51,0,89,43,50,307501,167072,69.85540093274757,48.053217162781166,31.802071852070508,4.965657952743239,37919,8785,11
5,52,0,82,27,29,315858,193921,212.3913101977228,46.71978390578422,11.098765738121234,4.786561567768142,5644,7813,4
5,53,0,63,46,41,412634,136885,64.91356715237968,28.835634663480302,12.763677628646322,4.469795499226248,45966,24878,8
5,54,0,75,19,29,277629,176540,60.173288389873825,24.077654748129685,21.33121905948814,3.233679163479363,42279,17973,1
5,55,0,54,23,16,360033,230068,228.586026941953,42.571406295406405,6.624060341577441,2.2489870867804105,27197,17023,3
5,56,0,85,38,42,212874,234023,23.466339919829192,19.73745108205924,8.07602733863859,2.1576669268464683,26686,16121,2
5,57,0,71,50,34,353253,249208,87.50807513873637,73.90463771147517,11.91183755270785,3.537094300649867,50760,11599,5
5,58,0,68,53,25,272726,150118,347.4756826507746,90.01625739624733,10.5529193341922,4.5930393487747585,19654,12487,14
5,59,0,74,64,59,342798,166331,87.41944330099416,66.05900117092695,14.328567347766223,4.0349754106168065,27380,23670,0
5,60,0,75,34,26,213542,240881,167.26571893931214,34.06012739205933,9.164648803354522,3.4871457270839303,47521,14544,8
5,61,0,88,38,42,344924,198791,67.23671414432545,16.626750696752325,11.710771871099206,4.682099550389245,19268,11697,6
5,62,0,83,24,56,295322,196977,110.12300954510346,66.26595084436195,19.63219226239782,2.752119705577817,31616,21687,3
5,63,0,72,21,36,456485,229505,158.82972402329435,36.10172525028189,16.78623879987289,3.048783358916302,27610,11267,8
5,64,0,86,43,28,325895,249832,69.79354969449405,30.830289951949574,16.146888102505972,2.743255808348704,50604,17346,8
5,65,0,81,28,44,349323,165068,82.06973986703947,91.33433609964763,25.203473753475873,3.473130616831601,24569,21910,5
5,66,0,68,58,46,255847,194814,110.95136246735873,38.71740722301272,11.02576858089839,5.2098540657485914,16431,14083,3
5,67,0,73,18,53,331209,194006,151.5189913658182,68.54472470628572,23.798338252571707,2.719068367794768,32419,4098,5
5,68,0,72,47,68,347400,151562,93.59492630784487,29.885527074461923,10.147704114104483,4.973089972423292,24569,19413,7
5,69,0,82,24,33,264575,214984,394.3960577890225,102.30314175476829,11.141178487427728,3.9251101700356816,35972,21391,6
5,70,0,69,27,42,256776,173044,69.1642902414679,61.27437507368414,21.92592124346907,2.839315564189777,34337,15104,12
5,71,0,69,48,20,219337,199740,37.51464603061918,23.486031811502894,13.494749350364296,3.6865575649820026,18302,13908,10
5,72,0,100,29,49,292394,232473,52.01845097394061,29.049386713764516,21.27408401985887,4.409534915521556,48398,14914,1
5,73,0,89,32,42,234684,213429,158.21909727658624,74.93313862452514,21.344376772514895,4.765641508768196,23893,15461,12
5,74,0,63,27,37,329225,155649,39.72319917178451,85.5232913712929,36.635348394210496,4.779937990860215,24961,13273,1
5,75,0,83,66,30,220959,210188,181.4844214200585,33.58722085387911,17.474608572541392,2.9085097422667414,35777,23795,14
5,76,0,76,30,34,287750,206937,92.29621319255511,29.614272456446113,16.521019745874856,3.9717766480673413,46329,16004,11
5,77,0,80,40,43,205424,171938,185.11069867270146,35.840745598050304,19.5972244000917,4.006470644707303,17139,15095,13
5,78,0,77,36,25,414439,156842,178.18882950108227,36.41816348946905,13.900378760308996,3.177579669011691,25376,18898,13
5,79,0,92,43,35,302485,207699,99.37124645260772,28.172940628712315,9.725570431858001,3.4394984164186955,39569,12902,1
5,80,0,80,30,40,301592,130139,49.387373947625996,26.636688421320105,9.400048069575814,2.3392100406656486,24273,13781,6
5,81,0,74,36,16,359547,146602,137.20405451821625,26.600898836976057,10.37423788021842,4.085015058848594,31573,17505,13
5,82,0,90,45,24,477524,135833,45.23904847319603,48.44714153544758,12.863049109366703,3.343551425976183,25862,14805,12
5,83,0,78,27,30,308109,139400,173.92916054357823,49.66909151877725,12.419012401460643,2.115944820666364,34947,18756,10
5,84,0,76,56,63,150910,176056,153.55776375482674,85.47981345564689,7.6867688869551145,2.4993207460335323,17520,13448,4
5,85,0,79,57,27,418193,253100,63.19188024094849,14.428709634468877,22.319760355044902,4.421266185302974,33165,17082,5
5,86,0,73,49,39,164268,230916,83.45477718700177,49.105045818621505,15.278315674142469,2.634330028918591,34855,19035,8
5,87,0,75,41,24,250356,256157,145.521241413448,29.113647079669448,8.26215437245391,4.7423637916441965,36810,20096,13
5,88,0,66,1,28,419251,169460,69.46815101246601,19.205256849362918,18.18318659656248,5.442318846981017,24756,5087,5
5,89,0,63,46,18,266477,99448,92.07098507611275,37.08424375873453,14.137806839001643,3.064559912235437,44478,16502,8
5,90,0,60,34,50,242772,170132,47.31819792310161,42.002950636893694,10.963135224531241,3.5649911088363586,9006,19223,12
5,91,0,54,36,20,328130,256382,37.90804039072844,16.104970371463544,10.065314215558613,4.150315948089913,23367,10184,8
5,92,0,61,11,53,300968,180321,156.210476882982,59.03229726436159,12.262384324718806,3.162798279970924,54439,20382,12
5,93,0,72,47,47,230661,198908,190.54714602365632,31.852294451834524,15.742336343714774,2.6288214292825587,30289,16052,6
5,94,0,76,18,38,387759,189267,61.88209907208645,35.332203071358265,12.968618365243147,8.225260820156755,41248,12837,12
5,95,0,70,41,54,422797,234869,98.5936171087149,15.954103980531555,12.38709752868014,3.3511082241971315,31895,17137,14
5,96,0,39,53,86,438792,241519,182.04010544378684,71.42329130731149,16.063624642726193,6.719993330375029,47382,19116,2
5,97,0,98,32,47,355176,122543,359.28764226800234,112.82392951349182,12.00070944787269,4.559240785579364,28078,4230,10
5,98,0,91,58,23,229893,78490,112.9383404687641,32.525459481031646,6.7121247500727526,2.8717206439523726,32237,23096,2
5,99,0,81,28,62,174472,232743,91.76870772080152,33.52874740228865,7.5909021673696655,4.4780100604784945,38745,5254,8
5,100,0,100,49,42,68311,189366,138.70502524208877,88.2994982480322,23.462267997329004,3.908921723860216,45328,9480,0
5,101,0,60,20,71,403311,232776,95.29123861333342,50.43602236220037,12.368984052773783,4.364284673140973,11549,22129,1
5,102,0,100,55,32,319456,185973,119.56831321961984,28.187720511856817,9.49042703532499,3.5342749846527854,35183,19621,4
5,103,0,60,53,59,258108,226041,95.88530226442637,31.98202399307762,10.71507174793155,6.405419964451467,21471,12746,4
5,104,0,78,47,39,106669,193235,140.57026045016602,39.4724222565601,7.901010741704715,4.134667540197872,29449,20144,10
5,105,0,55,34,79,181689,164023,24.383294387789007,25.086312868583754,12.973686593626667,2.3293419427546573,24642,16713,13
5,106,0,75,18,35,123450,180170,66.237356252913,28.61675566180336,10.963999552699601,3.130974837133756,7587,16174,0
5,107,0,80,34,85,444190,191576,79.13540353478831,53.15387350262873,6.485850972813472,2.8063719679362182,40578,1000,2
5,108,0,72,56,46,363569,230561,55.10900579685614,27.252727242466715,7.3833401456198775,5.246141863228552,16879,9853,8
5,109,0,85,41,52,169405,191419,203.68448682918248,39.1840462249614,7.2895993954003595,4.597870439379878,29306,13163,5
5,110,0,76,16,65,463506,146405,65.1280695170393,37.8895603170219,9.493719033231907,4.238410553836156,28928,3229,0
5,111,0,67,23,28,227785,283235,111.18306621548155,21.661256502405852,11.578523081311873,3.5962367005818954,22047,18873,12
5,112,0,66,58,54,334927,215567,81.72647624172109,40.30897365049049,18.275869872989286,3.7767308155609687,36387,14704,8
5,113,0,87,47,35,335161,268050,65.28245886651293,47.07849816868369,8.623398776044608,4.294687580934333,26345,21600,8
5,114,0,65,21,42,290609,145374,126.91808092340962,42.00317414416373,13.399438212842607,2.5750387519145064,22845,12427,4
5,115,0,88,13,41,269690,187320,100.14610588299742,45.7143668966319,14.894984255780228,2.652227444740094,15446,7943,13
5,116,0,93,30,48,303399,209543,73.27865701373578,19.613105226246002,9.10189407931923,2.899380613733182,20749,10053,6
5,117,0,49,12,47,272002,232896,37.48674152138943,15.025600004644124,7.297445211520942,3.38484591126999,34225,16530,13
5,118,0,91,37,31,324909,105627,137.24142145340997,37.60749254477494,12.97686940296061,3.6468452768141346,10012,20519,1
5,119,0,100,76,41,328878,107113,46.297175216653734,21.529547998768855,10.996057351413414,4.237989656469609,46779,15127,12
5,120,0,78,16,4,247577,166932,183.3384469838944,51.07912308041133,11.45723264067705,2.188743733169747,28479,19959,8
5,121,0,83,37,54,410124,227341,97.49668592528987,24.856704397280804,18.327567808166762,7.662654168430818,21323,14961,8
5,122,0,90,59,65,216296,166357,33.89025628992638,12.255131725025068,4.791240922037242,4.772893708093885,35951,18155,8
5,123,0,70,51,42,339020,193651,94.71186221715841,46.78457858722335,16.315146672419512,2.88743105832671,25819,23595,0
5,124,0,77,37,15,266062,202592,74.28738851877208,16.460710536535345,10.070684192987054,2.376720266000214,38900,17734,0
5,125,0,55,37,51,213100,158583,81.8081137505335,19.131397417129982,10.441073070510743,3.636867876725256,19374,11338,4
5,126,0,77,22,28,272258,273210,99.47803767101162,20.272548539663976,8.152718965668035,2.6714846319818375,20099,16328,1
5,127,0,82,35,42,233917,160246,308.10277109500106,75.3034500953734,19.894108878652723,5.030664176111338,35957,15505,4
5,128,0,82,43,50,365873,96744,150.41024266819318,36.20105894417729,19.96681594482398,4.657777062888347,41981,13199,4
5,129,0,90,56,48,290544,150882,62.50108523171592,26.886198936561787,13.806083964041534,4.500094159463938,31954,11009,13
5,130,0,63,30,56,436921,158321,87.14083612195493,47.18996166263361,11.565321707489916,4.074151636279883,32307,26162,14
5,131,0,67,37,42,204858,208682,22.952678124967463,37.62197196702022,11.996463444297271,3.398655588417951,21658,13681,2
5,132,0,100,25,42,80313,211251,121.83871810154815,21.448397045496794,7.748211512112568,3.577692898842132,24844,3300,0
5,133,0,72,43,51,339475,229339,73.10318643116948,25.13620799890681,9.54506254346444,3.440894055747462,23428,11823,14
5,134,0,78,51,38,472263,293972,162.9777898947657,36.59754501929412,9.051849526073354,3.1119074977058823,42953,11153,5
5,135,0,73,49,29,348879,201418,188.44795386880193,40.406046865797826,7.741360477907141,5.241377529551966,43907,13758,0
5,136,0,62,22,46,205759,242225,40.30363317428806,24.40259642073536,11.063405428133851,4.828144677507832,35204,7507,3
5,137,0,99,42,23,197707,177749,73.048431740772,38.757437749184035,12.706309932203492,2.436974456166392,50108,12258,0
5,138,0,67,29,38,502583,214477,291.92500385892595,66.32248157698885,13.547946137195947,2.6892373874709885,36182,16257,1
5,139,0,58,55,19,262061,182568,59.5292804298601,23.228413014371938,12.99335596725051,2.0601175144473527,41826,8302,4
5,140,0,68,37,31,198509,192534,130.9945511081921,30.24665390705198,10.231681304626955,2.7438790315421615,27810,20863,9
5,141,0,44,17,32,419041,208317,66.44061760670094,37.86556415123348,9.819016941541307,2.502219829897688,28425,15212,3
5,142,0,65,36,25,285276,249194,38.16551858913158,29.361693446457547,9.967232205234547,1.9656530501995275,28435,15852,0
5,143,0,60,46,56,97264,197308,55.97123711705789,60.66886880449252,20.041625588251616,4.56003569141434,20635,13002,3
5,144,0,84,43,55,508289,197170,180.552852025784,31.444140549987203,4.7972306565160245,3.206102746395631,25591,16115,2
5,145,0,64,32,59,358440,215674,33.7892212477196,18.9044866160579,5.980773124823333,2.6151748184601415,33290,18835,10
5,146,0,88,31,37,148832,243929,205.5306895815589,74.09025733035784,9.821883626710967,3.1862473005118823,24010,16193,11
5,147,0,95,25,33,439579,129597,115.89257133223944,41.757396157324045,11.894594566393673,3.362943844676075,35563,20661,11
5,148,0,86,34,52,195216,212195,89.18798301598841,37.075567834672874,8.064312593930586,4.966627041437894,22593,15702,8
5,149,0,71,27,41,189197,133445,69.5853593269431,24.897372915678837,7.56253598830923,3.997774420601863,22132,19188,1
5,150,0,77,54,41,210825,265460,126.73789708700544,29.075310391157423,13.443574729797065,2.013427650144388,30127,17125,6
5,151,0,52,26,1,493950,216937,41.7067345332413,24.68880881062887,10.985666470392015,4.011133475547016,9576,4581,0
5,152,0,72,41,51,504541,261329,114.2184712129028,19.05502271477231,11.151621766902887,6.291448087268186,40791,10588,3
5,153,0,62,40,49,245205,116758,60.67886435719393,19.75288437133039,7.572004823791954,4.248916095869633,37061,10872,4
5,154,0,85,54,39,470561,191555,56.05839291591221,16.265720391059794,12.497347631272575,3.232635991302433,38161,11003,3
5,155,0,100,56,52,71299,243517,73.7072661632966,39.27710874231529,10.111343113872307,3.3282908478369264,37438,9611,2
5,156,0,82,50,49,391405,270206,63.60558582779306,38.17377983929192,14.800283404542997,2.5818456045110305,28852,20658,10
5,157,0,45,45,29,436417,217522,83.11452754291943,21.73724949505051,11.619232634616289,2.6268668077912967,32440,22566,4
5,158,0,69,24,36,450644,178618,154.53852435820482,28.096766316962803,7.279099439049847,3.6264561205103867,33897,6792,13
5,159,0,76,23,24,307689,186503,211.94271908460271,101.96250793523426,17.072613799617834,3.6110910943686987,15488,18957,8
5,160,0,76,27,61,356607,147892,143.86510465348513,22.952917292804727,10.020385254925218,3.6295899223971477,32016,17983,5
5,161,0,64,51,54,228288,273139,119.70760396492796,43.50866373417638,6.851090152901478,4.009076142761608,26229,26119,6
5,162,0,78,41,27,302514,232565,41.34702826125938,17.551041540945274,3.6743973570894553,3.0749215373278633,48468,14613,10
5,163,0,56,53,49,283578,191035,55.05773192659557,32.66140421194046,18.251890234127707,3.2567776140397133,28083,7268,10
5,164,0,60,55,44,277828,227196,57.69045511935557,19.984834773408146,10.4011340600851,3.1555070244961607,28742,7248,7
5,165,0,84,29,29,413465,194477,83.27943074972498,55.12535564127188,14.459693004780538,3.21930799528975,17794,20587,7
5,166,0,59,40,41,321494,184932,168.4238500740344,76.29145754652278,15.056969544762968,3.725809311923335,26088,10754,9
5,167,0,83,39,52,469317,162229,112.45100012402804,24.3877348006648,12.236481126427556,4.958988690694866,8857,18600,4
5,168,0,54,35,54,324797,163104,38.166830116107526,14.58007443391983,4.862527692911213,2.350466155622079,48591,14862,10
5,169,0,100,31,74,519131,219034,72.06470599523864,41.87086827968674,14.778254528677166,3.9605899888820253,35836,19439,10
5,170,0,63,57,41,422721,252376,92.07570956605835,27.05810571668465,7.489938909740356,3.1369710717272783,26329,7259,13
5,171,0,71,40,36,291319,183179,128.2041400774134,22.781245707298012,13.52524989682442,2.8577347312314507,35041,15341,2
5,172,0,79,40,48,317459,160358,70.95033710741909,49.84568515786314,10.09197088015123,2.7405633603445416,20393,18938,8
5,173,0,66,27,37,216001,247622,44.40789290129703,21.679464872215124,16.870377762448687,2.2773713908840385,28184,18454,14
5,174,0,77,50,31,316020,203951,38.13264208703829,62.41137587542949,15.377563964333662,2.4230855300788368,18916,19814,7
5,175,0,83,24,26,201748,88386,56.68886761750726,21.662456281020173,8.603472745381682,3.4425103165490416,14692,6590,4
5,176,0,89,46,1,433036,164736,70.3924161548347,17.94570273728176,10.995638954039295,3.2682987838677566,37643,14421,9
5,177,0,86,47,51,265639,223428,54.08031541823716,27.851903306772012,9.167942768826569,5.0984810119221375,28949,14862,6
5,178,0,72,33,15,335564,160513,29.116121572470956,12.736860805320278,6.975131737584943,4.024121806982305,12708,22334,13
5,179,0,72,44,26,71870,202559,58.1927007121888,46.094551978224445,6.173552190549749,3.9901819551837137,21722,28724,2
5,180,0,100,42,44,273287,137787,166.97793231033634,41.11681359745262,7.740673431973103,4.232700183550388,43053,22187,13
5,181,0,89,39,35,262833,179427,74.58451342174794,29.837220361230578,9.171778759465607,2.184552067694925,22764,19481,1
5,182,0,61,40,72,392092,145654,257.33870556496487,57.98453237827359,6.299559120421166,3.4687451021421376,36220,17239,9
5,183,0,76,40,17,352248,138416,120.36210771391642,99.8345104756159,19.69330593174572,1.9225195892581428,22638,15164,1
5,184,0,69,41,73,401830,162067,51.26294686916504,18.82308239965075,8.019538209143844,4.0976202624727165,32436,21319,6
5,185,0,72,40,60,344264,243631,72.5828120841504,19.676409364960982,11.498672530158993,2.115657102230709,35244,16002,4
5,186,0,56,23,53,423055,220846,74.04363723544647,16.74854964545488,6.200898934509944,4.276625819767917,23387,12634,14
5,187,0,68,37,61,341912,302591,20.91045393768033,37.653070392814676,8.453088198864034,3.0211877066435937,28662,14691,4
5,188,0,100,43,46,162377,170111,29.36317664198186,29.174796143240922,17.310324574535482,3.5458056710601706,33081,11512,6
5,189,0,83,41,14,290968,250959,100.03155175510645,39.95896115979896,10.257817442553636,3.0849435246512775,24322,5708,7
5,190,0,37,54,47,296119,292910,48.263658787046054,22.59592129340682,10.502454486459836,3.5332604248566675,27906,6443,4
5,191,0,93,49,17,1000,255897,34.27400552973818,15.645508175671427,6.969285363525767,4.632132677916965,20563,15216,5
5,192,0,91,26,32,198346,256785,67.90706131606929,25.43060062349755,9.455360048840824,3.3794789927691076,31046,4756,6
5,193,0,69,37,38,504173,206040,85.39291203730745,24.741848566944196,11.283693372728349,3.043902562689127,40761,9224,11
5,194,0,85,35,26,272545,211574,85.34350298121379,35.83465682740623,10.699792827284982,3.10378106606162,18365,17340,9
5,195,0,62,39,54,289465,153944,47.51244392373375,44.74199855187604,9.770633953893572,3.5342096907425704,22942,11249,6
5,196,0,67,39,36,82165,66397,107.94048749291392,22.5637323633839,6.883791596006981,2.1422223502679056,9561,8848,14
5,197,0,97,49,46,165276,210219,51.30441148973095,25.788836331837604,5.432439596806866,2.1019898713527203,35118,9417,11
5,198,0,70,42,39,348433,152023,88.63395202907175,63.73290867824118,14.120026049839922,3.141972638275561,14007,20969,8
5,199,0,46,58,41,253525,178745,52.14755782062749,36.19543021254058,8.36188443959986,5.856647222897369,35023,19138,1
5,200,0,74,43,26,189110,158696,75.67254988376153,24.055094374712098,5.245034201319487,3.413122097792772,35704,10829,6
5,201,0,73,27,22,429738,216203,87.63962439955993,39.201044006013326,10.56072064565495,4.112724713385626,39099,17456,2
5,202,0,92,32,37,229885,190019,54.486692260032875,33.51361484376869,10.74860801093265,3.033429272123316,33687,15529,1
5,203,0,75,49,25,169906,262869,47.2697228309992,16.235626130261206,9.608932960142614,3.0439099112358243,14908,19109,12
5,204,0,68,15,60,304045,163840,84.25472246249994,56.13238104603896,9.439203352568185,3.7309013150024604,28676,21389,9
5,205,0,90,19,19,218504,209028,26.374511369798125,21.652143412499495,13.433060603449645,3.1954722117176537,31958,6369,6
5,206,0,76,40,75,218376,190444,95.46622445370159,31.24359749185652,14.030009104480483,5.096825841371118,35327,17102,5
5,207,0,63,54,44,293889,185288,102.6145146429051,27.39098216603559,7.867589685736808,4.654367021297268,35706,15189,8
5,208,0,92,59,41,235643,196149,48.01344345846644,13.060815927660187,7.72588014111029,3.2514205539526166,25726,20480,12
5,209,0,77,36,31,133308,276024,60.692123843732986,9.81479400881833,6.789365081961302,3.9359313597454424,28915,6403,12
5,210,0,75,55,49,355856,242154,69.05830465004837,13.004623096601263,8.235847261275174,3.8346501605443724,29013,8578,4
5,211,0,77,41,36,386592,177184,99.55828586784982,26.802234617664578,14.88513782776624,4.871594279726157,17338,15478,13
5,212,0,58,17,44,274940,169462,40.89413716695606,20.38017726035032,12.932555379884743,3.131242746478546,20332,13624,2
5,213,0,67,39,52,362016,160882,51.15447717356006,17.329721246887726,13.802730073446122,3.7788913926661833,29279,16760,6
5,214,0,75,30,50,263109,205782,56.467764059646164,16.062862214123363,12.19198894593968,3.8970855985859427,21618,6798,5
5,215,0,72,53,58,109004,124191,122.31790230634854,41.07499985416794,8.053254534265339,2.252851809041087,15372,20970,8
5,216,0,94,39,48,389642,189223,21.80008608375331,27.261294770530338,10.377891955270806,3.25882622398727,14808,15907,13
5,217,0,78,20,25,290081,219103,49.30094965346979,27.8066443378881,10.57942177412695,3.258397208553149,36950,15903,11
5,218,0,87,17,8,315099,163727,34.06352719987073,38.34130047880791,19.050328952859193,3.0907750704796135,33546,14263,2
5,219,0,75,39,43,289367,202032,98.05435300856654,41.668186118848695,12.328061924595834,2.913412716314813,31480,9255,13
5,220,0,90,3,43,281842,213270,73.09972304204756,29.296053105167708,10.759416739027992,2.9236558281668548,26728,11116,3
5,221,0,80,32,68,314204,111890,118.3862555845838,27.57611941925939,7.843416340197814,4.001456038677971,24180,23202,13
5,222,0,75,43,38,316122,210321,57.8939561777276,35.24409028821681,11.52285553886342,3.999348396315463,9837,15374,4
5,223,0,74,24,45,426353,177056,50.90737349983765,58.90864932676376,16.96104994837069,3.2927006282921827,35938,15041,14
5,224,0,60,54,51,343814,292374,65.75671390589899,28.987343801393248,7.668996951098164,3.616365436306245,25930,19269,7
5,225,0,82,57,47,417654,209905,68.06873464863303,21.011666264689886,9.082872798435481,4.834362042190913,36215,11060,4
5,226,0,74,24,52,450704,154054,44.17477590777729,18.16312706822202,8.299747168955788,2.6530516717795107,20621,17149,3
5,227,0,67,35,27,138861,109147,64.43333582411537,21.383819392166266,7.024264864795976,2.85849991559663,46475,15763,14
5,228,0,91,54,25,427667,197521,111.07968652691166,30.36180024478941,6.986366821856796,2.0575624950426032,31874,13589,9
5,229,0,56,39,35,365309,265303,38.96504982547409,33.370329983222334,8.840730030376927,3.4958142835836683,28790,12568,0
5,230,0,68,19,7,348840,169746,74.43514353505178,17.234374081160908,6.625138263725666,3.6179431623468004,19805,18315,1
5,231,0,90,37,39,398956,215730,74.13135336117536,33.15009274994303,13.236008507940172,2.990870660868608,31652,17773,4
5,232,0,79,27,30,273520,237013,108.83385126310534,27.710392742688548,5.1817684733372635,4.787517138541027,36165,11208,3
5,233,0,74,56,44,360258,234392,105.52648142418796,34.4127999871819,8.254500339879707,4.739520653158135,7589,17352,10
5,234,0,78,49,36,194222,199797,86.47760661361654,24.874792743587314,9.106736790383406,2.4335080902157875,28651,9377,7
5,235,0,77,35,24,158794,167087,58.36465430801913,14.309945486111811,10.061816609849082,6.845217169671362,28813,11537,12
5,236,0,52,42,59,353168,187016,71.93661241140164,39.648528048548165,7.725092604643976,2.728974818088036,34513,16896,12
5,237,0,69,20,41,293053,146509,16.991858690408563,26.89546581081024,13.215926224419297,3.498556714249617,13225,16275,2
5,238,0,99,28,52,299708,152862,91.48241373136602,38.18161084863682,9.801548933613626,4.003220038294767,38001,9595,1
5,239,0,65,63,42,220235,249486,38.8111300410792,63.24732375845304,16.34862509228466,4.409303863794823,37368,16773,1
5,240,0,70,40,46,339117,216756,96.84059663022467,33.48106699281999,8.739396332489594,4.750103272362763,37748,14075,5
5,241,0,66,53,19,257366,214381,31.717558640213152,23.55339039180745,10.275819129888063,2.0178122206426896,23384,20310,13
5,242,0,73,43,59,295343,164133,101.26911879094742,47.422632781823346,19.889787007277615,3.215701921504725,41223,17099,14
5,243,0,66,59,53,251331,259864,101.69793561455056,34.4012490950282,8.921181216920159,4.619646767202729,21870,9331,9
5,244,0,82,10,39,219793,188378,125.22619700167051,42.16283738501755,9.324521783722272,3.0625536925565227,8865,15915,4
5,245,0,77,37,44,279298,206561,98.81509873488629,26.28726460490439,12.828939729995843,3.7755161450203865,33108,11161,8
5,246,0,86,64,55,418558,258243,103.98337530453811,36.100058147264434,8.921269657124753,3.6770428695255992,29388,15385,3
5,247,0,59,54,34,252703,163865,66.09143563312142,37.14615304871046,7.795878145541665,3.447158021605514,42200,16944,5
5,248,0,69,59,16,287337,168233,42.58539560154645,21.667992813813083,6.497421338957497,4.599175298081853,19656,17450,11
5,249,0,71,39,34,273489,251679,76.29476819702944,22.7984052031062,9.111240188382753,3.0701276194017937,26544,10203,8
5,250,0,81,31,42,236289,240695,27.51093505206642,17.095540368994573,9.157008923531313,3.664798858515049,25641,11950,1
5,251,0,63,24,39,422924,217182,36.02465128202901,30.216581367782567,9.892553347094998,5.3958595370510505,38033,15228,3
5,252,0,88,23,59,163833,91112,53.38081258956909,27.353701182498646,6.225246390695567,4.321994191473776,19156,12800,1
5,253,0,92,52,25,291462,263955,73.2689457061734,14.971158924529043,7.4770410125391935,4.583952484856872,42733,12902,4
5,254,0,60,47,27,215648,169500,268.100988862193,78.16860151336708,5.82096508526789,2.78720757654519,22646,9655,0
5,255,0,67,39,24,356722,171004,44.60828633903551,15.336767141433164,10.927566526300204,3.518617722448241,25573,16873,3
5,256,0,67,47,46,313391,189994,11.055601486428177,9.025232210344742,12.455382231542336,4.919907453673719,30418,11745,4
5,257,0,100,42,17,418228,140106,64.01467622890506,26.075463086830915,7.111702517576285,4.030942683698741,19853,13375,8
5,258,0,68,54,51,373455,260923,31.53817447328599,17.29013185642902,8.54477895477674,2.7967636216690264,33915,15206,4
5,259,0,100,54,26,308159,208610,61.20775466382812,24.143694768023053,7.307314907801699,2.6660697277418963,32627,2466,5
5,260,0,56,24,28,374434,234969,61.878287317547795,56.23513705363568,9.417495702167926,3.379178752039125,23803,6998,12
5,261,0,60,44,66,383575,161270,240.1163635941343,48.17492580936846,7.753172289950132,5.2252797202647665,32851,22934,7
5,262,0,64,14,58,208749,249330,73.49299763805108,17.848253306141913,9.141040488060874,4.560707094729512,33130,7211,2
5,263,0,62,41,41,377313,271184,38.1859628510532,17.15935405339768,13.897566740982851,3.2849308723420747,35712,19601,9
5,264,0,70,49,20,329726,136273,36.12287676885351,26.992286314417633,11.674773485600381,3.7260846393568676,41012,19436,3
5,265,0,64,20,70,348946,143750,33.97797156471845,16.023883501693067,14.307792435524702,3.736361901764021,34170,14908,4
5,266,0,62,33,37,259243,159739,62.1107884801438,14.754536865778844,7.66121538011986,3.3326251527829576,34848,22458,6
5,267,0,92,40,43,214564,246237,48.90750588504016,15.038215058681885,11.203271898959686,4.751510168378716,18967,19109,4
5,268,0,93,43,53,196578,209049,14.555997334724614,24.94448077241561,8.06167386815504,4.3063239765817105,14664,15985,4
5,269,0,89,35,10,1000,196687,32.91767877554617,10.802132156515611,13.707875258886933,3.910221096974763,24471,16945,8
5,270,0,82,22,30,229066,218363,41.23933233295921,9.176852811384096,9.505499767657973,3.0911835562186467,33274,19767,13
5,271,0,76,39,38,543925,296607,36.33259312459352,18.086381308320448,5.779427278969282,3.8344088335338387,34152,16985,10
5,272,0,67,15,41,382241,112713,16.759972386600715,10.821972167810038,10.138599533262752,3.578599214759506,4743,19264,5
5,273,0,60,36,20,331846,184503,88.34474072045583,25.855307404607135,8.936077574230993,2.8430746252482204,31318,23044,3
5,274,0,80,33,44,396103,46180,41.12762812571709,36.185447933793036,7.410231101346524,3.4652192626992604,41259,21273,5
5,275,0,57,37,40,273996,225330,34.53947563143378,23.38000619838958,7.671144342581322,4.817918093561906,52596,13445,9
5,276,0,60,31,65,260808,254350,33.90270181426787,15.418639681945384,7.3971226168888355,4.1446241435241795,44412,10739,2
5,277,0,92,17,55,270976,184666,26.07152452643534,8.71094499866024,8.341638302788276,3.242955701473339,24785,15236,5
5,278,0,100,34,35,226399,232639,65.08694361568826,12.53997118275641,8.15575376389211,3.7919824397600457,24201,25376,8
5,279,0,80,53,37,234629,123202,89.11617380507084,29.721411058896674,4.568900718288214,5.472606744541907,34917,9112,2
5,280,0,91,58,55,298419,223932,175.96589103758615,37.820509598751904,9.648392278456177,2.965997379816333,38089,13930,0
5,281,0,71,76,44,306446,322733,21.88015792740153,12.038034160235977,11.833921251615708,3.9596263885932106,41233,14323,8
5,282,0,54,65,19,432620,180901,59.60386366751469,25.728423851406095,6.563920626668528,3.348678572422196,35975,10758,2
5,283,0,84,22,71,402464,220873,26.559118258539296,16.904341538515016,6.252692105464062,4.904249972082972,17748,15595,11
5,284,0,83,33,25,151445,170503,65.39162559799887,39.81434881697959,9.636279762271457,2.0909943589438282,16083,12137,7
5,285,0,76,39,77,270554,208799,49.67775945571023,11.076877363262817,4.453455879275069,3.52519629418891,44590,14739,8
5,286,0,71,38,46,189437,255387,58.001143624371075,16.893056475941705,8.648087966922137,3.6039891535658084,28347,14160,1
5,287,0,89,41,30,39167,229962,27.936450258490165,24.78385224698541,6.124085885207824,3.7808705608701807,20312,15167,11
5,288,0,60,76,4,308724,194882,22.189023234098364,11.025067764677432,10.48008559172771,3.0954719774557984,18676,10185,4
5,289,0,63,23,51,357722,194054,80.05301252141676,35.46413872236547,7.151489394689563,2.707524662509086,24570,12458,3
5,290,0,59,29,16,307133,139918,61.97377957292724,15.99045501709126,13.770823598602085,3.983326413564625,45938,14208,4
5,291,0,76,64,45,343690,250907,25.837685954826892,17.640482772732838,7.150513951331302,2.5597306246509155,27565,14829,3
5,292,0,58,30,69,266526,237456,48.62317804148466,18.554660383308082,8.484950532821774,3.642703387561796,37230,15039,3
5,293,0,64,45,22,197225,137228,54.685383170768276,31.778700709520187,8.539362329184838,3.8552807945756182,33496,17956,2
5,294,0,64,55,51,263298,208794,45.40518251239046,16.283718801846394,10.651465720571425,2.56753530067374,29418,9510,11
5,295,0,71,47,27,436878,153656,34.23254532463342,6.940336461167937,7.682499295567038,2.413644938663261,10258,13663,11
5,296,0,52,42,56,337461,177222,20.70682456565157,9.930284863235293,5.610742304128462,4.134337531634041,38368,10353,10
5,297,0,76,54,40,147926,240580,121.3160099915937,42.085258961300354,7.054870827479469,4.723898223934475,22568,9838,12
5,298,0,93,26,39,313006,249481,67.1679220274531,34.40889378862293,11.139989780977318,2.6720585757554463,13439,16746,1
5,299,0,77,32,58,427378,235556,58.5252734025677,38.33698644771614,15.201339432793837,4.115985587257464,11533,15401,11
5,0,1,33,67,124,877832,552186,78.23467128438611,33.951937239301614,9.325764077985436,4.310452110659243,9132,6501,12
5,1,1,20,71,130,842719,439221,98.48744034622706,27.363508184683543,11.463197122738697,4.055768172882759,12836,3096,12
5,2,1,32,89,56,801915,330161,74.71600354980474,17.698810668276487,18.329996722478707,5.718828990619643,7691,3156,7
5,3,1,19,84,56,1069644,491228,44.59584054442768,40.153009293819366,10.048602839751137,2.6641244902933674,14097,2329,12
5,4,1,41,88,71,746743,483084,106.65964278948748,53.69745310687325,13.779641779708339,5.257551433826857,7775,2799,2
5,5,1,40,80,82,800247,662010,161.97493883299657,93.13022620674165,21.807946508855153,4.840763365245944,10798,7256,9
5,6,1,35,74,111,1110398,529617,144.10031637664673,172.59453228390558,31.937056841564267,4.92797956806051,1000,3983,1
5,7,1,33,51,92,865145,556202,48.68575051085861,48.222608391699154,14.91926847579433,4.97675115499186,7640,1428,7
5,8,1,47,72,55,786682,458844,82.0424018350534,22.60682464283234,6.033208808297855,2.0950868614658744,7173,5915,7
5,9,1,29,78,67,926149,440412,48.98697932045959,16.95079024668058,10.33841522370872,2.2262510039117305,1000,5338,4
5,10,1,18,91,79,845457,416535,147.6583584113065,69.95544049859224,19.69062310996596,3.219165783688807,13842,4103,1
5,11,1,34,80,50,652176,373978,32.81784291255297,5.966016760839808,4.449507782783123,1.4899826321671594,8071,3726,9
5,12,1,50,88,80,849020,572642,46.4492835214373,17.211726855046805,9.126901557810697,2.9665101090156547,1000,5035,7
5,13,1,19,54,56,638246,530663,233.47956987882523,75.19407793102864,7.535242329114477,10.39450550747946,13008,5146,13
5,14,1,26,65,46,1165354,647726,80.69050636865707,43.21555438177697,11.823833971251496,4.544819766398486,15447,5803,3
5,15,1,34,76,61,847755,554971,132.61827901347908,73.44269094496484,11.204675429007075,3.9469120652324254,9327,1502,10
5,16,1,29,87,88,612358,524287,215.8905163424272,46.52463818287158,17.653129286120116,2.7947162204129934,2451,2803,11
5,17,1,20,67,88,721473,301862,108.7725826392157,35.93307216509556,11.549224322172734,2.2298668284940737,1000,4104,10
5,18,1,41,68,81,951915,690830,70.5665222980841,15.27225592642493,5.117497557633032,1.6839338953695793,3877,2332,4
5,19,1,53,80,99,581774,503916,23.869393099950692,9.694126660707072,6.971568141472962,2.477305024227514,5851,5954,8
5,20,1,31,53,97,1344092,291618,304.4665055447028,78.56389820840666,10.589040651703277,4.1049453596891174,18548,6350,5
5,21,1,20,94,84,508949,522578,169.89477631691744,56.49713067120368,6.907928467097023,2.4519259948090624,8979,3786,14
5,22,1,14,56,81,985130,418909,46.92115416475358,15.419143357328963,7.818872265347336,2.608932857641294,3636,6326,3
5,23,1,32,41,82,702678,415340,128.5783640083212,41.32358792867874,11.79816560520702,3.541757356718131,6925,5453,9
5,24,1,41,70,77,638226,526650,183.7743753058123,38.82536253938241,9.806153134010165,2.920170821855137,15353,5465,13
5,25,1,34,95,36,907546,441252,134.78704147261786,45.02296485479498,12.570622483346229,5.7546195134758165,12775,1000,7
5,26,1,29,78,102,709208,602668,81.20604291469122,31.015596886035443,14.486161713734099,3.9508917436985636,10233,4610,14
5,27,1,24,81,87,1118310,488453,86.14169238833902,27.68088262115582,22.55397610646904,6.401862745336902,9156,3802,11
5,28,1,19,70,55,519741,539990,41.027920798991566,13.478626621376371,7.783920876749447,3.5242618780241735,10018,4717,0
5,29,1,38,67,108,912455,556658,193.8519018207167,74.00318924177807,16.62134454099172,6.412278089607263,10779,4148,5
5,30,1,39,46,68,744955,525183,98.26659560427115,35.52186535446155,11.957259514834847,6.18774867313404,9028,2602,13
5,31,1,14,36,77,859255,521432,155.853612195073,77.72858262928756,7.847213217484402,5.817171381925361,10510,4330,8
5,32,1,45,72,100,902818,514163,218.40526625516924,84.58119672756324,34.287778627937094,8.115835122553127,8496,4170,7
5,33,1,35,89,84,453676,649350,221.4650919347399,59.35925383007363,21.91449624391598,7.175341851532367,5721,6803,10
5,34,1,43,75,106,846801,584389,65.95883130079062,53.34300775993904,6.163390634871247,1.617664302858385,8682,4718,5
5,35,1,16,79,72,1017810,430918,42.10137777518091,16.084165021402665,7.121683146307809,1.85302987220144,11650,3857,14
5,36,1,16,93,113,893277,388849,137.56143649230086,41.697771321361095,4.01471950413379,2.97860120735821,6362,2506,7
5,37,1,28,74,64,726245,420598,99.42261861748561,32.83171524200513,17.15058057821307,5.157851366786131,12104,10453,1
5,38,1,35,68,106,517239,542781,332.9755596431612,265.5035104878357,78.63864511655919,17.40612764392505,14148,6989,5
5,39,1,47,57,34,901590,389561,261.60724195837133,122.66973314779786,61.322876536353604,17.58140178808699,11705,5329,1
5,40,1,37,100,57,1175221,434720,228.2925469515857,80.81214222617871,13.547897632964695,5.039559863022302,7191,2162,14
5,41,1,27,77,85,932373,365698,112.80202688020476,27.556252780106785,13.699137876827114,3.798458289066711,10480,1964,13
5,42,1,19,55,71,1031543,593158,186.1903335434694,52.69897841228875,10.62952493094199,5.652202341231153,10767,8342,7
5,43,1,42,52,78,986603,566283,345.214132046086,86.13836729076912,19.29018489366592,9.290677125664473,10996,8222,7
5,44,1,20,88,80,721384,587866,136.40725586045858,77.28643549298793,27.68497989483016,16.199214270506385,17450,5549,1
5,45,1,46,54,56,818097,452520,296.6752504027714,112.91068760111249,23.59997695043685,14.486445639689583,4209,3380,5
5,46,1,27,97,57,973704,324122,281.6608363709377,56.72863408620359,22.724293482001794,3.015915805367967,11034,3902,8
5,47,1,45,28,84,484055,416514,101.18301199299276,39.90394006157244,21.7791294066539,7.238982299553307,7999,3262,10
5,48,1,36,91,66,930348,365274,103.61481213388653,45.2805730640745,8.89251193479017,6.3740500138804315,3771,9155,12
5,49,1,28,77,106,1051783,364221,321.7233611657541,71.50654021160568,23.23394904020347,6.992942923391281,3710,4591,10
5,50,1,24,71,76,789728,613694,44.164238573575304,48.57987143615557,8.453368022363012,2.8958745876119627,14386,6623,4
5,51,1,26,67,94,962803,475312,134.27510084372386,38.437592439691215,9.94867566727866,2.446049438012056,2979,6906,14
5,52,1,34,98,88,689125,528934,103.13832840460849,25.796876217320868,6.4862325461619665,2.3109668914416406,11493,2430,8
5,53,1,30,80,67,807646,610317,108.19884299700216,24.558978674890664,12.597634078149802,3.8381894144612634,10657,5157,3
5,54,1,24,56,40,745377,398046,247.42850679160196,57.571811894254246,13.5754156978372,3.0233950527062556,5709,4437,6
5,55,1,28,44,103,891962,561424,61.0331629429061,31.576318716928057,8.101824171464635,1.5876060750849996,14180,7575,12
5,56,1,30,72,60,779094,354745,72.50418811946507,34.80470703260237,4.889047403009641,1.2469780631198875,4092,6206,3
5,57,1,8,69,71,464764,525249,127.40911453335852,26.48329696264706,8.578010564973528,1.6976528188069389,7254,4891,11
5,58,1,34,47,76,656374,606763,24.18852169690716,16.139752655978704,4.304912033999369,2.445138784545122,4543,5294,10
5,59,1,20,69,78,1188501,386068,86.38675740741576,43.968189358280604,9.50156590833745,3.2215931420629698,13824,3628,10
5,60,1,18,61,99,913507,582855,27.087881993364217,24.596285462365813,8.467473668169783,1.7751318578366153,15917,3101,7
5,61,1,13,70,80,380415,522485,352.8868380460478,78.34447843155678,13.924501138436696,3.5052148448756846,11242,3487,4
5,62,1,12,80,77,1041563,454566,23.244793902572205,31.45409900780132,13.023240111985434,3.9543777517943735,22696,5990,11
5,63,1,16,92,100,569435,379952,47.7030935416147,38.077660701128195,9.58159231624178,4.413185106726734,12228,6837,8
5,64,1,22,83,92,978674,524180,52.5980910841675,33.66165503471436,12.358202871963027,4.180051194088438,13160,6263,13
5,65,1,49,59,65,1058446,549384,144.9136274139053,50.77977166862143,12.287356644996366,7.178386787910286,15032,1867,10
5,66,1,24,75,57,820338,468256,370.5875253991752,66.62226006060274,16.757898461657017,6.7032735417344735,6638,5647,1
5,67,1,31,70,63,600621,401899,74.48725013353645,39.12109454402866,14.157409918745959,4.436657407303475,12041,6226,8
5,68,1,34,50,79,656967,576246,446.3069116288622,78.28969936487789,19.050698804910628,3.589468355026037,5165,8408,0
5,69,1,31,75,55,925851,618454,191.87004890429228,51.66818646360799,16.82102944746487,4.0090155055341405,3409,2327,7
5,70,1,29,97,81,572903,595364,85.57857876960831,17.965992850845115,12.87381302845247,4.4727189872810085,15461,7147,4
5,71,1,18,70,77,683621,658906,238.33287236311415,76.04934774821636,13.454357867953643,4.381905225317987,5750,8187,6
5,72,1,44,46,29,902578,434844,227.76046215306152,48.8178229268319,15.068080385319723,3.8100900587120434,10917,2809,5
5,73,1,48,70,51,669765,358480,114.91654995214519,48.740146049807315,9.378188319680186,2.9951467319022007,18157,6300,9
5,74,1,13,51,22,1084156,541060,109.35862190424224,36.4981106418669,14.696924438926054,4.196088114858481,1000,1611,1
5,75,1,19,82,73,592384,459704,294.9078017894952,90.1193842884784,26.22352281084132,6.375397450506342,13255,4948,13
5,76,1,27,77,101,142368,598764,556.8853378215409,151.05627608694405,37.92397836720549,9.3711746279726,9890,2922,9
5,77,1,20,67,42,644355,396302,214.22177326811456,52.87208255446001,11.71676474492112,5.084988615195627,9648,6364,10
5,78,1,35,65,53,862024,403615,136.5729435847053,49.449245026204295,7.833848512502382,4.395767714596488,10297,4900,9
5,79,1,22,66,76,972665,506806,168.51472532475276,33.59370346919295,15.65499483290996,5.392644532444435,10087,4301,0
5,80,1,51,70,58,718322,517499,306.86363514222177,127.47754198806048,27.204956433508755,7.889908419539911,12616,6220,13
5,81,1,41,58,58,744553,567480,318.44635504312765,92.1119224663587,28.35461270004371,6.637984416479994,4743,3294,12
5,82,1,32,49,90,793822,490163,974.9148120355069,233.22085122274822,28.4861940022798,9.003041407823707,12510,5039,10
5,83,1,40,87,70,1148382,308285,172.40489275583045,42.766293002396715,9.725674470582108,3.5539215730900433,4362,6391,11
5,84,1,41,64,50,875751,845185,138.58187001569024,41.19870540030627,16.706145035116688,3.429773946413828,20519,4335,6
5,85,1,24,72,38,701445,503352,219.60242158090864,51.58366277472967,23.569854402738628,4.303418426100491,9475,5262,9
5,86,1,21,74,124,1210353,788852,95.62371121835764,47.65622843615711,9.388685538954293,2.9721130235720477,10897,4490,10
5,87,1,30,74,102,802241,487405,63.63544831038455,36.85781381684408,9.824042184709823,3.677685362717472,18853,7861,4
5,88,1,38,52,70,384936,394715,65.33112817000581,31.906942485769502,11.724095319089123,2.422762273103229,6126,7824,7
5,89,1,31,44,81,522634,468267,38.199337180023754,10.090530215142673,5.586673779551159,4.1094686658600175,9943,4835,3
5,90,1,14,61,70,911647,610050,75.97317493149824,36.459284326287545,16.518517884243543,1.9803312763336418,2949,4766,6
5,91,1,21,75,90,444554,561925,123.4169751248217,75.28576998338045,11.922234639343054,2.841015848468321,5149,2978,8
5,92,1,29,59,62,899610,530761,78.6768969094081,39.58338546769773,7.82440904566078,2.1351609671296012,2880,9513,1
5,93,1,29,64,69,644006,493867,135.66776158088666,31.443512009740395,10.727933664994168,2.9940433677485068,13991,6565,7
5,94,1,49,100,89,1035543,512934,259.67335670817806,96.13916409808117,9.300384982338953,5.141297241279039,12847,6802,9
5,95,1,16,42,109,833502,485103,743.9337588707391,264.91112507586257,40.5305435213697,9.273841933828876,7814,7852,12
5,96,1,35,58,94,472595,619683,704.078104937729,267.92185656021934,52.52308209075098,10.979264658369758,7466,4903,10
5,97,1,44,98,104,982844,591595,334.2760729490031,95.11157163462615,38.38767119611814,5.689661884693175,14853,4464,7
5,98,1,52,69,73,1072719,405761,347.1964108588795,73.56044351182942,13.481809588907543,4.097933500795363,9974,7982,14
5,99,1,25,59,67,544633,352258,97.37784496558345,13.661896217897313,11.46309053975712,3.4848620362614233,5663,3917,5
5,100,1,34,87,41,639442,377391,65.60964614757452,68.61206473214854,19.14721697633831,3.38890957983691,15365,4637,14
5,101,1,35,70,81,900476,464372,225.2271889024896,96.07570883617528,11.528768090596012,3.7729750572835203,9292,5622,2
5,102,1,31,64,87,936342,522114,253.28061399499404,108.71194623551675,26.443196187272893,5.221038050970167,13386,2834,7
5,103,1,29,72,73,1270649,494512,128.351813831925,44.79575145397461,13.175247674858033,3.7819671280091973,10358,6603,14
5,104,1,34,60,64,978181,563017,62.89509838146131,18.15189258951149,8.114492871301728,2.272165991663284,20388,6099,11
5,105,1,4,54,104,1280156,498546,111.09513675499869,39.73618866210055,6.246203884949686,2.4900220752127096,8965,3918,1
5,106,1,36,68,92,803882,659570,132.97103161067218,66.73388090098365,18.55259204806237,3.2231183394891914,1000,7329,12
5,107,1,31,54,106,876725,550879,43.06093476502694,68.64447162140443,23.304345001315898,3.886199892495098,8860,2654,2
5,108,1,27,70,60,686374,501795,143.9198154545354,40.61033220109372,12.439993656335666,2.211937199273493,11331,4260,1
5,109,1,50,75,65,695479,348919,92.54143651423642,22.07718898044401,4.664361088750597,1.6536648200210162,12298,7988,13
5,110,1,23,82,104,829420,535029,56.046538869091606,13.164601204430593,12.63341670886875,4.296281801575825,14043,4735,2
5,111,1,25,86,79,683499,549914,93.26623075259803,66.92800079923431,15.935906065126959,3.911355149269644,7095,2033,6
5,112,1,49,63,68,287182,428635,255.9670449155371,65.93704592459697,14.338197844400423,7.463812567909647,17819,5485,13
5,113,1,21,77,70,666639,384376,272.72277075584435,101.6423051054671,14.923824337992896,5.838100386465938,14824,4437,7
5,114,1,24,77,79,1015338,609473,137.22413903740937,38.54621143737434,20.217778567740766,5.678053485810987,10654,6047,8
5,115,1,28,74,100,814561,403143,89.48085014988628,29.609116669645935,27.00503165739502,6.0697621700640365,6530,7193,13
5,116,1,38,62,76,815681,516556,157.84976988399194,45.35427330345169,29.642562233426588,9.296922885120047,19639,4865,0
5,117,1,32,54,95,647311,502992,337.133719121554,136.35005811246614,62.733012185495305,13.174100416925826,13646,1000,9
5,118,1,17,77,89,866590,544657,367.2407774036711,102.63513603939887,24.70751457709594,6.576897493368357,7538,6118,9
5,119,1,24,44,62,1131731,403876,126.81606100699184,57.67306265249134,19.804407010262715,6.8685190030436845,17010,2980,1
5,120,1,23,65,62,1080141,487946,34.5512382693774,9.651138113151374,6.892159244070851,3.3972358461834022,11101,6019,13
5,121,1,29,31,70,873173,403256,137.5819353757349,42.71068512388961,12.126044553180414,5.143131862644791,17546,6731,11
5,122,1,34,49,53,629255,507412,81.35527683606195,22.45091190741344,21.007741425378228,6.161199794175851,5784,7125,13
5,123,1,34,56,69,1153439,550407,156.27364430586306,43.866284402283945,10.242971052225169,3.812380013196601,8997,6697,4
5,124,1,12,86,110,1011848,589541,260.9621059934584,90.54449176775071,13.994577330847742,7.9030934921159774,16909,4382,11
5,125,1,40,80,79,503831,649480,212.84649885947718,56.41187130454647,13.710234016753677,5.947143070823375,6655,4765,6
5,126,1,32,61,64,448641,473642,50.63350517119116,26.977616748245758,10.457783415366555,4.661785716847189,8732,5854,0
5,127,1,43,80,118,514913,471875,95.88900375830268,64.29350376864573,23.8311255952842,3.4865546429548004,1000,6629,6
5,128,1,34,83,61,701266,627263,79.63736625447612,32.67231304248622,20.004400941446345,6.982404438805209,12061,3021,0
5,129,1,41,67,60,980356,557510,102.9450326744372,52.191604541562675,12.792822829189491,4.869664051601399,15770,6842,14
5,130,1,34,49,104,975590,623711,107.6649804606335,22.394632246020798,7.414972957259567,3.291913249721399,5393,1368,0
5,131,1,43,66,93,868143,695251,278.1726025628632,69.27435784385187,11.313725280286532,5.038401522806474,12237,1000,14
5,132,1,35,68,77,771909,415638,270.5498755574629,56.06569915487144,16.24900500710694,5.693464582657458,7294,1696,2
5,133,1,29,51,96,1274261,580929,400.17925745715945,134.43225708286508,22.596328296253255,3.1521641795348185,2454,6041,7
5,134,1,52,75,86,806797,440079,175.04583381114406,52.56166091077383,15.13182236185467,6.853721448576991,8373,6244,0
5,135,1,38,74,56,782602,656347,220.24608919510757,81.0822766539792,9.207041277881492,6.522830068255673,7126,5403,5
5,136,1,35,76,32,698484,381222,26.27106361124732,13.05320952184198,13.918609607753183,5.915019646549046,10636,3872,8
5,137,1,17,74,68,1242398,591765,170.45809103290293,21.96983535195768,22.788171475117803,3.9154555716215143,8470,5946,10
5,138,1,17,80,101,944179,444638,54.6219424670003,37.85623023499995,7.855006869486313,4.809851211556335,16686,3658,9
5,139,1,32,67,71,593102,555442,218.66011477829744,55.67662775453022,14.133919308095765,7.421832856815597,7211,4348,12
5,140,1,31,73,89,569407,626811,67.5486602157038,18.299158609224005,19.505964813465905,5.035431304773265,9353,3326,10
5,141,1,23,64,83,463992,435599,332.93953287293937,77.2561498323116,17.310987796008945,6.162422553433354,11197,6293,11
5,142,1,31,61,46,780646,353164,36.61068184210285,20.73290123826831,12.906584110601699,4.034191289910641,9745,3838,8
5,143,1,45,90,71,500304,474101,30.989662493187456,13.81125022677498,11.14198266483372,4.38226474109716,7322,5774,14
5,144,1,36,39,87,566479,461258,50.030883902504726,17.48548004850248,6.9743346169151295,1.643100040270099,10256,5176,4
5,145,1,18,83,64,1013668,371553,73.43969945198558,16.564493045618462,8.300795283418449,2.151181874923667,12623,8201,2
5,146,1,28,60,72,978199,299050,95.06262865271272,23.806962876758718,9.412300483777154,8.860639931706267,14493,5138,2
5,147,1,21,58,87,1098280,621666,233.07243385247892,67.36844856066662,7.502469091291227,2.7538023145463892,1000,7487,4
5,148,1,26,73,81,505935,649161,67.25331683814244,21.052884193958537,4.772167627575381,3.794480915892127,12533,6617,6
5,149,1,25,47,100,599535,439810,180.55446127989626,42.60376631236988,10.590715297623746,2.820768727731906,6627,2753,12
5,150,1,25,57,87,674287,470738,107.93095788059505,33.25539013083074,5.975174576580391,1.8700179703354278,15789,3886,4
5,151,1,17,57,60,1128016,580777,44.622396834103476,12.503436679670846,3.2747831984079707,2.161187137193368,14661,4455,3
5,152,1,28,66,70,812576,582349,64.21654511632009,41.07138163750965,9.376246177754723,2.6257439048818294,14627,6089,0
5,153,1,24,57,80,1164405,677912,22.86134207222662,28.354694364168004,2.7731070713590613,2.16464064144294,7081,6551,5
5,154,1,1,94,106,925488,562161,90.64699486989805,19.986048421077797,5.8712689387041515,2.77992762508059,3035,6307,10
5,155,1,50,96,70,777515,397464,182.8240096942795,33.93360424056782,8.289475195135346,1.1678829302454121,16355,3409,2
5,156,1,40,39,45,914767,579107,128.01108902722734,54.02261493164569,19.244641775847732,4.547835901533224,15844,4963,6
5,157,1,26,78,88,454123,430218,106.44511465694319,23.18392116500923,5.511857508404117,3.144562898087403,1000,4163,5
5,158,1,30,82,64,389152,493439,241.62539281589173,134.12601536354893,23.77982867629357,6.235161747108059,16875,5737,4
5,159,1,18,78,54,851851,611253,162.19697973436138,59.93448136645737,23.073481212865115,4.599353823348643,11774,1746,7
5,160,1,46,60,80,802880,409460,250.54216081983378,78.73433880661952,29.345699926972497,9.462018980198119,10659,4951,13
5,161,1,48,66,99,1186723,492679,316.1260862680877,74.67186802509761,27.60378661534604,10.382919093695666,5887,1474,12
5,162,1,31,58,68,524210,377422,604.4256683102611,186.7961927488431,55.2375042930998,13.647162945892099,15071,2830,12
5,163,1,40,63,89,874490,401132,264.7965245425627,67.44505229595485,9.546697503369364,5.385779790364776,7700,8264,8
5,164,1,31,51,93,939055,445313,93.7429052202547,54.61411899450139,13.138405290405652,4.04404433972103,7676,8388,9
5,165,1,16,68,95,868562,663021,82.65156702621215,75.56488336475682,11.29537752968449,3.926322607968839,1000,3698,13
5,166,1,25,47,65,1019789,503337,92.73451856654113,16.840463173906674,7.181959712917189,3.914293635920689,6280,5985,11
5,167,1,31,66,57,673525,764408,142.0910922836246,66.58509203421904,15.154238164922274,1.970801944605673,5040,5963,5
5,168,1,25,51,60,966446,595489,91.92523344643901,28.09675400606093,12.764949899139681,3.699885941194507,1000,7731,5
5,169,1,27,73,95,912305,598207,230.4772823834826,71.58538700617497,8.678645383705149,2.6112123727019982,17794,5492,7
5,170,1,29,59,93,1033170,390608,156.03845468253513,81.49933585209438,20.19540461200603,5.695258604016579,9376,2903,3
5,171,1,29,74,60,697767,484650,134.13743521800134,37.75813126313166,10.149986518503665,3.3750816729118855,2871,3360,7
5,172,1,30,86,122,562759,385699,67.98003047744488,63.17634581471559,16.51506485573795,4.706872160309121,5180,5792,2
5,173,1,19,93,58,674288,469017,55.73063683820899,20.35758935682335,12.829049315924337,3.9891666667987464,7095,1345,1
5,174,1,22,32,99,587388,454298,218.76892802338227,221.29251151270188,55.04172759172325,5.825527576158315,7018,1569,7
5,175,1,17,57,110,687004,495809,1125.2195035214984,354.0718199776139,41.85335421155686,10.291913279452055,14003,6690,8
5,176,1,39,65,82,733143,582552,158.11413094038065,81.56094703311692,34.407489664825135,4.546457833587191,8653,10284,3
5,177,1,8,76,64,617721,473807,204.06636483737702,117.49901067428077,22.421417108130555,5.262353167098404,10493,3752,12
5,178,1,41,45,65,801554,584353,214.23940555553318,116.7464420683073,29.2051223229107,3.922640893088674,8676,4677,4
5,179,1,43,55,74,564196,353409,123.551791842389,40.45266174553227,10.484240292759628,2.2233483345760656,15814,4838,2
5,180,1,26,71,101,785359,544826,161.18822716650678,33.90250837118875,15.521430760615221,3.6986066536194775,16888,5488,11
5,181,1,3,71,56,700955,456428,307.885675270745,91.48049080907603,30.79991919704133,8.042155525040238,9331,3289,3
5,182,1,26,75,43,775753,525348,402.5439206449498,78.27709475202151,42.52170418582294,11.79668377412702,5268,4794,11
5,183,1,29,76,87,878671,586292,41.86798146568171,41.285766453885046,19.858909203673168,3.3825241743988412,9452,6595,5
5,184,1,19,75,91,716353,355847,49.09009940636208,20.440030519473066,8.431185537333487,4.559393270026557,1000,3843,2
5,185,1,24,72,119,644407,646909,53.3922660684463,15.824740669467177,11.355570154061075,4.427956961166727,11567,5021,2
5,186,1,45,70,52,669094,480635,60.942170418013724,37.41349328140513,18.092837432955648,4.322593656116195,3205,7070,10
5,187,1,36,79,77,1004624,686192,246.0899382268442,54.194290883685056,11.073060991618732,3.339633294167195,8894,4935,7
5,188,1,20,36,103,1055263,507101,65.54998048795183,13.797554764159296,5.020200524488248,3.5321322713651333,12358,1926,0
5,189,1,14,93,82,697020,632088,80.96734008184154,43.58696575803417,8.068454294724528,1.7986963553964717,7148,1000,6
5,190,1,26,36,76,769093,505975,158.2029201446119,41.97718035457102,10.423218942479464,2.5249915749705667,7807,2716,10
5,191,1,27,53,95,459120,526722,595.1105913466968,92.45603537404149,55.969168078837676,8.590325520646491,11289,7366,3
5,192,1,34,66,68,763611,511622,253.4842249712057,65.32909572590339,21.18792306418078,5.167464117035444,7209,4478,3
5,193,1,24,80,97,509688,478047,96.78089808492366,55.574473552525625,12.397522337707565,3.221974676411344,14621,5694,8
5,194,1,35,25,54,702332,474265,73.1888197440348,45.746291023488325,22.216827464633795,4.197849374543472,13864,7593,4
5,195,1,49,69,49,1015474,522556,99.0229901201925,35.93744072930122,11.896328201472514,3.3676527796284246,12836,2507,11
5,196,1,38,81,74,499620,554834,88.94602505434354,27.81039210929327,31.60402492260515,5.349101668447786,6848,10327,12
5,197,1,29,84,28,619597,523356,83.01020129278461,46.0348540604301,15.525478508237608,4.1515991892125825,12867,4790,10
5,198,1,28,59,81,620580,551917,174.4541859375553,34.93163584044112,11.179687404606458,2.516631452599934,6285,6071,4
5,199,1,26,65,45,466229,348187,85.25212984688486,24.314941648143005,8.20945111611595,1.0475978830414265,9563,3589,13
5,200,1,41,60,85,972541,590398,176.28203573286018,46.98641089256246,7.556301492185469,2.4905343479244597,1000,3068,14
5,201,1,23,64,83,855447,425742,269.4077671281073,67.33825235093742,6.14891409235912,2.907063947996866,15785,5050,13
5,202,1,30,54,78,1161770,335258,310.6268914879487,47.27039632546509,11.562717384481793,5.338429216952769,18634,3779,11
5,203,1,30,56,88,600936,684752,58.29478673715707,9.604830695047863,4.110155917005079,1.8333232046603014,11124,5182,0
5,204,1,24,76,84,445569,641019,79.85365144202673,35.970854194986366,7.7745434731501835,3.5131523323716536,2091,1000,7
5,205,1,16,71,74,988263,498951,89.19596879515991,37.194500898036196,17.932450172040674,6.724907886527465,8911,2252,5
5,206,1,33,77,116,727832,606962,175.83523600683742,69.9490505213,18.198958830365793,5.943495394494582,10355,3965,1
5,207,1,29,73,87,706675,466877,281.8409848003677,55.42730604912353,19.346812806484984,5.459276674168068,10080,2723,4
5,208,1,35,80,95,1095605,453059,48.1004029737806,25.475265789538287,9.238642439087387,3.0149598238844897,22705,11079,4
5,209,1,24,83,101,833952,440567,84.82255062302079,42.81063037326764,18.84151657093167,6.045720480864737,8777,5365,14
5,210,1,42,43,93,980839,436025,354.50048722192633,161.36806899756795,29.067724838220325,8.74560500299902,7113,5534,9
5,211,1,21,57,121,675470,474092,130.2981738085595,51.93396004829012,8.691126937956225,6.414431989581804,10814,2815,4
5,212,1,47,66,83,654971,428605,141.30909553222216,34.32266688894966,19.879064266120555,6.134239830772461,9286,3605,4
5,213,1,12,69,79,726925,215147,99.15607071379986,38.94063222108781,19.213381043798552,5.233176318780137,6252,3992,12
5,214,1,34,59,67,934073,481657,67.8023074485042,13.39491451395871,11.425719910210768,3.521281165489307,1191,7294,2
5,215,1,34,83,74,810180,403079,113.2253597619942,55.95662211438027,12.060047078993051,2.9363176243101465,13661,2163,2
5,216,1,22,99,65,893592,529727,110.18279224982771,43.22884741362677,9.310759611202416,5.473525055484091,5678,4314,4
5,217,1,34,72,93,279353,476017,114.2417298425544,31.261850238408602,21.22039860437425,7.1975531449947106,4967,5882,9
5,218,1,42,71,61,423606,563481,143.3913845131273,54.81372574118155,20.813785327087114,5.946073563876431,5944,1000,4
5,219,1,7,82,81,369264,501305,470.6876987190034,191.70903034759337,45.46486763396046,17.89772980395147,2690,1675,6
5,220,1,35,42,91,724141,373357,77.39181542812658,44.06932347825015,19.308324679397362,3.9929102975808854,13280,2192,12
5,221,1,5,70,83,520468,373386,142.9527068243678,61.803228286654154,7.377500638510715,5.357192934777247,12612,4629,9
5,222,1,20,84,62,1137930,375900,146.5360608418483,48.47217104464724,10.427862405602038,3.791693274295618,10949,4088,11
5,223,1,46,60,93,795723,413619,114.05363803686993,36.009316109363,18.32312440436742,5.1585174539979155,13548,6860,13
5,224,1,24,51,78,843337,429729,77.29903843176363,23.03635141075565,13.523532771534859,5.508857654580386,12158,1000,2
5,225,1,18,67,22,582041,591934,542.9234971580538,124.83127034937102,12.154473407679925,4.150619295925933,12938,4170,9
5,226,1,28,69,60,575802,518628,61.376407702572386,23.44974898937107,8.970528091070053,3.497281571543207,19122,7350,0
5,227,1,50,56,108,1110247,313896,386.2285519055705,96.66490288952133,16.599295619941586,4.400895546322103,14908,1851,4
5,228,1,11,100,109,1156482,412443,48.3682670510116,11.993837850472678,5.624423991409377,2.564360785504045,10878,4768,4
5,229,1,19,62,90,883164,496335,289.21695888238685,95.24736249269452,6.258894851129373,2.3380304755772694,5331,6501,0
5,230,1,44,52,95,393650,399572,108.14918154958583,44.9627816042061,7.599664325835107,3.0868368752794644,2020,7814,3
5,231,1,48,68,64,714904,508102,90.00584684336715,66.92149104911003,9.11659667870783,5.395877506178613,1202,2492,6
5,232,1,28,83,74,862653,416098,50.71439396740919,32.1298693733247,11.821872537490359,2.626890611914583,14731,5744,9
5,233,1,17,70,104,754406,486584,81.85365329883611,24.69154161903977,15.901066612568844,5.8679919302240275,7210,5081,5
5,234,1,50,77,88,375966,443097,174.5947910210848,28.360680349676908,16.84185441476887,5.4552602002806765,10396,2923,3
5,235,1,45,56,81,1169903,511218,96.68430198736618,28.550121224802556,8.781864452934538,3.2233714717012782,5234,2535,13
5,236,1,36,92,76,632901,644077,73.12723475323736,50.53455821242364,10.561796676912525,3.9096465046774553,21027,2470,0
5,237,1,21,78,103,531770,589295,245.10616566000417,64.75976461713825,10.989031865055281,2.5095637261633725,1020,12425,12
5,238,1,29,85,102,793824,391879,114.04372383182339,72.40842541769645,19.96567869256865,4.277675092393979,10693,7359,4
5,239,1,28,75,92,1036850,751123,151.75280393837738,82.14537828192341,12.978304413828424,3.806089460026699,8206,5137,8
5,240,1,33,82,81,902603,618078,80.06062622053666,17.21103632837618,9.632419203182533,2.545136901682868,10091,3311,8
5,241,1,44,56,72,536871,431409,82.87468186652791,30.408470377248516,18.588003762412903,4.937140784062124,8396,6123,13
5,242,1,38,62,93,503881,413368,141.89489073738963,38.33922854190086,11.715317299644358,4.432240553683199,5542,2566,5
5,243,1,19,90,57,361684,534049,552.866048707546,94.60609787705128,16.447786681499263,4.253281281698597,4409,5650,0
5,244,1,43,93,62,741679,570441,206.65685489710808,84.71083418819003,18.225745209848103,5.852283836530381,20242,6673,5
5,245,1,33,52,50,705381,676715,104.43916354964703,77.52250424875348,24.06041235010966,7.008682452322198,8510,4678,7
5,246,1,36,73,104,902774,550845,284.0107152437413,98.83664190888017,34.28745464617031,10.019155942179111,11711,3799,11
5,247,1,44,63,65,662897,433625,305.49997389295174,129.0207297096393,24.072783050690454,7.650753250879638,2030,3969,4
5,248,1,18,59,88,994741,449264,210.71123806670093,54.47757779859263,10.780055926136335,3.1958052639425536,1000,6938,7
5,249,1,29,74,77,930936,562661,120.58566386416089,36.717652753541714,6.678423688057727,2.6871210157920435,6616,4904,7
5,250,1,24,87,137,654223,365954,287.7780223792692,162.70625093655153,52.0631388379707,10.130739781359154,14365,8309,13
5,251,1,14,76,88,878234,649465,493.6627921796354,213.02428273121583,63.15234146491194,17.348515972860895,10141,1345,2
5,252,1,33,65,42,1065794,445537,148.53574609256722,94.97481220266558,29.907296465867283,13.330963876378874,7300,2463,9
5,253,1,55,77,103,607858,595951,703.0178175039706,138.89718880726235,53.81054818208734,10.1023539744315,12149,5167,12
5,254,1,11,64,72,757334,619942,573.1178342603489,216.26397439974863,56.08495397789245,19.210888708230797,7248,5903,2
5,255,1,29,76,75,753442,805490,1022.571326593704,313.66419645356314,43.24922557805738,11.634191175519186,16883,4865,0
5,256,1,36,90,66,728456,469471,705.6075767835433,315.351431658527,82.02474468231878,19.0579616235531,17087,7804,1
5,257,1,31,38,83,960379,472210,569.4682256600968,111.78634236910993,60.688415828683354,14.294762789568924,7113,3110,6
5,258,1,28,81,83,976216,467038,565.6849684269253,116.83983628098764,34.020507710048754,6.71121910744496,6116,5033,6
5,259,1,17,46,67,881334,517372,58.413169414330724,48.10782491190593,12.546805274424981,4.902298407283544,9633,7167,12
5,260,1,32,88,69,871787,435543,204.955748654045,49.19679637043056,11.659110317251026,3.559696907536261,12133,8563,9
5,261,1,22,60,82,687558,621192,206.11110314138088,44.931739551110354,6.006081000592181,3.0553999585816727,8631,4591,13
5,262,1,8,51,33,866105,600816,85.96406943717065,63.649620968080725,11.87918809676859,4.487040871162745,15229,10369,11
5,263,1,41,80,51,542966,474300,38.487110960644905,9.240802065350152,8.590304454367805,2.760544411772912,11327,5184,6
5,264,1,39,75,113,1295708,428931,141.53532287648184,79.21747648946307,8.851885535818727,3.0047921541884355,15441,8394,9
5,265,1,30,55,86,1070053,456381,85.63221380451837,17.998283805514582,8.329875112550821,3.6372211961070575,4388,4311,12
5,266,1,32,51,69,991307,453089,118.90772969940089,35.97510210307848,10.11359270864753,2.510545156767953,7036,4691,7
5,267,1,40,67,46,881667,549379,60.374496776403085,20.863757808607858,11.747669897482835,3.5272491813835876,12665,7342,0
5,268,1,32,51,78,881836,519307,97.2485747682705,22.48543274243375,8.438562423527852,4.892306744934297,10264,6637,14
5,269,1,39,54,99,461975,582189,113.59281277042118,21.16416250778806,8.096619578849252,3.486368880055635,9061,4965,8
5,270,1,27,71,132,548277,648735,101.79227866563318,22.07167014534629,13.502416682576396,4.026025485727975,7404,2913,1
5,271,1,43,55,117,573206,529865,197.09474469360265,89.36577187755866,23.451005059945796,5.483427636957905,10433,10251,14
5,272,1,33,76,62,811670,559305,62.976046501542484,29.763199261131422,17.840529537014294,3.359883272344972,17141,4453,7
5,273,1,31,92,70,743695,745630,190.91445614771067,62.40548162572681,13.420170044141605,4.881492169073815,1000,5141,5
5,274,1,17,67,50,962265,557067,143.64018732767445,115.65364025623275,22.467135943623095,6.708702489502116,9240,1148,7
5,275,1,32,71,63,606890,451032,153.55994737822493,87.07102761170519,15.81902723437323,3.249312180781662,9457,3880,7
5,276,1,21,100,75,1005322,493167,68.07995009941065,28.832193456948495,9.730405962903776,3.95211037524929,4562,6777,4
5,277,1,23,52,72,635923,333417,136.6092749497883,39.6403929301417,8.93101916236969,2.4674832160302174,9220,4711,6
5,278,1,21,87,121,716407,554546,55.042778956364934,11.27630715557051,5.204774969339241,4.542332943569395,1802,10303,0
5,279,1,19,86,53,979088,445049,74.58043301010147,32.48335856305486,7.63065045384407,3.5094448479006592,7079,5582,9
5,280,1,51,82,79,900930,410922,85.67243568967722,43.157970401357645,5.569403138833159,3.01734622602682,8657,3816,14
5,281,1,43,89,38,549708,413491,96.49975993602692,56.40464098730058,16.223919258653677,2.574063212050505,9974,8423,12
5,282,1,49,74,86,1012812,614345,34.89446074233592,48.487741503071234,3.9674228415170902,1.770056639213375,19375,9907,8
5,283,1,17,61,53,817797,474115,37.52230100433901,21.6484693463927,9.568641044474173,2.6721400912350655,5919,7695,14
5,284,1,30,86,102,371558,576432,164.49791806996947,31.574575213035864,16.157852231921467,2.434948353362148,3377,5270,3
5,285,1,17,86,74,631463,538574,225.98872154552487,54.73462185681735,11.939912854937653,3.0853474735063102,14960,4633,6
5,286,1,23,86,51,718074,520035,120.9930141911499,31.004083722647433,10.736967358984277,2.598372693512912,1000,1719,10
5,287,1,20,70,37,566132,461676,34.62438485344205,58.36678244075502,11.301633055482181,2.3853817776995796,6904,5710,7
5,288,1,42,59,60,1068542,549574,102.23525505216269,47.513897521258066,11.97292708823227,2.317797198403296,8371,5791,13
5,289,1,26,72,84,725048,457409,215.06061786233687,65.85827949517567,9.293376024297446,1.9717687190975457,5293,2719,1
5,290,1,40,84,88,892036,515645,87.26534359323531,51.50150073645395,15.646249360691055,2.4423481657734407,9525,5154,4
5,291,1,36,85,70,841317,610624,117.5314195600936,33.12902968050221,11.651976715965807,3.760178466139965,6757,7240,12
5,292,1,53,63,98,941149,631701,93.7794964268862,35.49450145469753,13.078926469349877,3.540765863055514,1292,4436,8
5,293,1,15,74,57,1134610,456396,53.82994946544693,34.409822279010946,12.855748766385188,3.095273426670229,13090,5650,11
5,294,1,42,50,21,935140,537218,60.805089502395866,44.844016415293346,14.342435868216182,3.9127768405047343,13284,1000,13
5,295,1,41,84,85,1148522,558427,57.20897632050976,31.05094776912547,9.845663944313445,3.8838988090597235,5062,8644,1
5,296,1,20,58,105,940450,523743,32.38953245041805,44.332803405762235,11.772532491107913,2.2326463239515255,7294,3660,2
5,297,1,40,81,105,826306,576356,219.65147113088193,79.56426043366984,13.198447637391746,1.6826257916223213,19280,4407,8
5,298,1,33,52,54,864291,577465,103.95806716933565,29.930298647191524,6.151935266881624,2.0960911741256845,12242,5519,1
5,299,1,27,85,69,274926,683764,139.1160331108852,32.21971537740091,16.17249867880954,3.3417382989258746,10001,4607,1
6,0,0,66,35,35,369074,347595,534.7937499326899,159.31063428553375,32.88401516797754,15.978002525693004,26805,19875,9
6,1,0,82,24,49,268030,263544,600.0313214136174,103.93338311191476,45.00045216136472,16.613539387415926,41106,11060,4
6,2,0,79,38,23,320604,187572,539.4774301249186,109.32979326843268,65.91202942765587,14.59533317984199,20322,19464,11
6,3,0,75,31,27,248365,120756,492.6400119349099,264.3958327795427,55.040132013495,19.63329343182042,35680,19223,13
6,4,0,88,47,15,214866,156429,128.71395246010525,67.31743255650251,56.05840118356324,19.742029613194962,31601,6588,7
6,5,0,65,26,40,235951,153120,924.9395272411618,222.02161940693398,49.85669898940475,11.722099156705642,31827,20081,12
6,6,0,66,41,52,535417,173948,447.30847429957,108.91885201150671,32.99859780919787,13.632881329728965,32780,9713,5
6,7,0,74,27,59,261769,193733,50.31443142484571,25.65515021498832,5.56258744449638,8.698957457687337,28078,18039,0
6,8,0,65,31,63,400077,215888,60.584430259923955,32.006942622688406,7.093217385413837,3.520018439652467,35013,23865,2
6,9,0,82,44,29,507716,268706,131.96034189284785,40.7219017272633,4.767274164683564,5.428028287912651,32812,16806,9
6,10,0,64,43,43,378070,156459,189.5086264100387,262.21764866463786,18.947317001660405,11.075550653953533,31152,30288,0
6,11,0,78,33,33,221198,130574,18.767908170334533,12.535505423817446,3.0872851200813893,2.5466509232503527,42064,19070,13
6,12,0,73,35,64,226338,241549,2.5864623709682077,1.969817741477487,0.6637823660384969,2.474629842452335,16567,14445,11
6,13,0,78,18,59,311885,266613,3.720947960109776,1.292918082050041,0.20604977280649936,2.1484907895947996,35867,14224,4
6,14,0,68,61,42,525677,175476,24.645377412744093,10.772861315692436,3.1358610077711577,2.8714033665781984,32210,16995,11
6,15,0,69,50,30,442354,252056,512.7999158114822,144.22569671623586,5.5704557100865895,6.534738943636619,35018,14787,3
6,16,0,76,49,1,353665,238513,52.39958780413651,57.17563148704864,11.692086711975927,6.455411260614098,36024,6456,0
6,17,0,78,16,18,279582,114581,38.23916513460052,14.943347005721519,2.854767729006003,2.5328370468764883,36599,13117,0
6,18,0,74,31,12,337944,168167,43.62122870856493,17.09513381928188,4.660336553514275,2.9037399186217736,26149,10986,8
6,19,0,100,34,18,318924,176162,20.70562566563985,7.084179878677791,2.9017771877976313,2.500147514711953,23482,19074,11
6,20,0,60,11,68,318290,299430,10.51322197738907,3.4169974936066043,0.938127952540042,2.1475070193722963,34717,11305,6
6,21,0,74,53,20,212459,225430,71.80185397689968,32.200360614949474,3.933654667301862,2.6083707709984583,44755,17127,13
6,22,0,51,61,24,210580,174829,3.9789050490487208,1.7053381252770328,0.35987677283620034,2.4181682597132785,27931,15612,1
6,23,0,80,70,26,332880,165142,5.033198410130543,1.4934499087762159,0.17859653633040098,2.2292702375488154,19874,13467,0
6,24,0,58,24,78,184034,121503,1.8802182449407767,0.325348787900623,0.12474009370404904,2.140006055605848,37905,11775,6
6,25,0,70,41,39,237488,253306,27.334090203314652,12.082879460417699,2.148007214344833,2.371894262931995,21661,15444,4
6,26,0,69,59,54,302964,219781,13.283129742337753,2.2059911320460905,0.24026312271989023,2.2272423313584433,33128,15349,8
6,27,0,79,36,42,333079,230972,1.4422433148071143,0.6592599139860245,0.21180934856964492,2.2727551966679327,19981,11163,4
6,28,0,66,31,10,411574,135721,2.8539228851841805,0.8970147167525817,0.18434213051680706,2.2163751368444147,27118,13708,8
6,29,0,66,12,62,174695,236789,12.71855704694574,3.4234957562143005,2.560319359610944,3.069590763218918,29878,13549,13
6,30,0,96,56,46,174999,188096,103.54105936414362,33.43741054550899,24.463078033038826,18.45943664053754,27039,17422,13
6,31,0,79,39,38,430631,163643,7.484466378460352,2.575255728908232,2.2056176029140278,2.7053030353689276,32333,15125,8
6,32,0,66,29,66,467649,225655,3.257461161513004,1.5306104650512597,0.27382709784975534,2.0749548305060626,33200,16110,2
6,33,0,71,44,34,195591,139995,1.542152889556736,0.6521385648807999,0.1954757421616906,2.160744681772476,24892,15478,1
6,34,0,99,42,37,215477,208951,9.088252417539012,3.7604667887134844,0.9200855721998249,2.527956200332408,24497,13162,11
6,35,0,71,42,34,354556,186727,1.2459162936886703,0.9665114976143248,0.15638226015687562,2.2016896702057696,42631,12377,4
6,36,0,64,36,56,304872,253626,2.389117476689871,0.7185446472263034,0.183265484774864,2.1631160797903406,27627,21317,9
6,37,0,64,64,52,305651,244594,14.223416517890392,3.8057461705088005,0.8600799639052685,2.5870347561240035,32961,11028,2
6,38,0,66,37,44,221936,204543,174.59109714438299,37.81282561190272,21.661860522375306,19.95842999701917,16281,23361,13
6,39,0,66,64,24,371969,214046,118.67097086813878,47.36680130816347,23.465677770164998,9.054145574960758,47963,23493,10
6,40,0,55,48,34,276283,229930,14.645190221551454,6.079576233944543,1.8904565207711692,2.497345705651009,34566,11685,8
6,41,0,58,45,24,272994,199544,3.1187162159484063,0.6833162165233769,0.08714344891714326,2.3552790824196035,9765,17875,4
6,42,0,62,38,57,186876,159115,2.8038140456244585,1.1567666919042485,0.1455132453736373,2.2860241826966483,19887,17785,9
6,43,0,83,54,16,379134,175854,4.032219673700718,0.8903241975927267,0.09117309161984542,2.255821000942234,22803,18770,12
6,44,0,69,41,63,263863,138971,1.914542054236563,0.28351254014196403,0.10647652508481732,2.315292544581516,47100,17144,13
6,45,0,71,26,59,295484,246270,4.236692831213233,0.7708146602624055,0.31904996019664805,2.3920452143666617,55243,10167,4
6,46,0,94,25,26,418979,219895,3.489975259544375,1.6071659013660264,0.6777609115633857,2.5497755908453925,35316,22317,5
6,47,0,94,46,33,195315,178846,2.1888701205443977,0.5507991462628805,0.15497205867153063,2.0965779788715895,40958,23407,3
6,48,0,70,26,29,291332,163756,1.638132256619018,0.28696831670899486,0.12749338213822808,2.2331988363315385,42485,12342,0
6,49,0,65,39,46,144184,211816,1.5289693460443126,0.4129215153932038,0.15268466978632145,2.1575899897560977,18988,11297,13
6,50,0,62,55,61,247635,129350,11.42271015531567,1.6952747714583138,0.14748155382654501,2.192755952921893,29272,4868,2
6,51,0,85,44,57,428821,146566,1.1500912599778614,0.6184597856677387,0.240054122048277,2.205982170112347,29124,17421,3
6,52,0,71,29,33,145859,199020,1.657679192142609,0.49889104636922077,0.07675232612225784,2.250792185654719,43822,13791,2
6,53,0,69,61,58,323568,322055,1.7145150844482921,0.31023198259664225,0.10699619764324131,2.175142163660129,50966,9126,9
6,54,0,62,48,57,460354,222619,0.9592186048467417,0.5380605833935633,0.21066079712135166,2.1624322430215286,52165,15812,7
6,55,0,63,55,37,354875,209264,41.64872920959608,14.769425678101511,10.341891977669533,6.683505852816746,34989,10849,6
6,56,0,79,5,39,241619,141460,281.5815558000401,59.47306045491597,15.93260651012881,19.229998397671384,33864,17214,3
6,57,0,55,44,63,188826,153348,55.36459790086353,57.29678784840228,11.150339014629072,20.334458900884353,25565,11558,2
6,58,0,89,52,55,107038,267815,39.0996710836329,14.97835788656074,5.306296667812423,3.6796823719298137,30598,10963,4
6,59,0,66,65,58,456232,176905,1.240871156834946,0.813135267060614,0.27476878557421164,2.020569185633734,40659,15451,14
6,60,0,72,18,78,257911,203532,2.355500958313729,0.5663627814374876,0.09060964714928826,2.177094377540181,39532,13151,6
6,61,0,54,58,48,119801,229590,1.5241758137561157,0.6956618815689883,0.16178605288464554,2.2010667444781675,35511,7760,4
6,62,0,74,64,44,197883,178997,10.147008233343387,2.9380699676927136,1.2721195141364787,2.5527538768097204,21558,20856,7
6,63,0,70,9,60,192190,174615,18.76071103086169,5.006870117453862,2.044918662511793,2.8492147813368285,49359,13101,0
6,64,0,74,47,69,250488,113761,99.34380653993541,47.164640652650775,27.313020066675325,17.008940919605863,34725,19299,13
6,65,0,97,49,30,538835,139209,36.72943760519564,23.7188181471516,37.31942043305242,15.68096292748961,32009,16420,2
6,66,0,77,35,36,392293,229341,5.280607650594479,1.9156910542495411,0.5532354914242115,2.2964791388380577,38987,5580,11
6,67,0,63,32,24,348430,178073,2.0904493565878393,0.8771963948934023,0.1955916133256694,2.2157110954403887,23631,17608,9
6,68,0,64,50,45,419747,233424,3.6592255345936673,0.6300546543433531,0.3294842663883749,2.388161744973947,22668,13071,12
6,69,0,83,30,53,483386,120760,2.524989227954348,0.9732435277208739,0.14053780298700658,2.2193434419057665,26327,13855,11
6,70,0,94,36,25,352813,240566,3.4804987225166335,0.7216412871966799,0.13782043409908223,2.130717460013907,19908,25990,13
6,71,0,79,52,57,444119,198017,5.358684204402965,1.0991007035853007,0.20842727436313546,2.1664888022221205,31170,17394,0
6,72,0,85,66,33,235923,126466,3.057168539426545,0.8413777961925892,0.28681407711529394,2.4425246153103686,9652,14269,8
6,73,0,84,48,31,213726,256459,2.585293667818441,1.0050538734378707,0.18121697727649752,2.4287142737066496,25221,12879,1
6,74,0,96,42,56,196840,129666,1.7727311052865113,0.6276241926743825,0.2017399608162704,2.168625806999504,10319,24782,4
6,75,0,45,32,30,329394,253865,2.1520484809414624,0.5013235586060842,0.17564425173156784,2.3122742453987852,27421,14956,13
6,76,0,85,24,18,37012,198384,2.086972119564453,0.6625450666137964,0.08846480180533654,2.272294091048705,27860,20116,2
6,77,0,89,56,51,432470,155316,3.789397640313819,2.1370981692093456,0.5441681071759901,2.2023770097649678,41722,16719,13
6,78,0,54,37,38,250633,292420,27.068275616402982,9.855550429253858,1.4254280744944146,3.269148433819182,32867,15804,6
6,79,0,61,57,57,382628,220261,54.71575198931262,32.59715676366528,4.001529149269677,2.9088684097590134,22227,20112,2
6,80,0,62,35,52,160819,260736,62.20305656710093,85.63449861187416,35.50347688754733,5.20295823004296,26127,16221,4
6,81,0,64,30,13,411124,221629,27.965512628566994,10.976540063208628,3.7876521374150105,3.3763845193917152,44321,14905,1
6,82,0,67,46,59,438285,189177,56.73035371069706,30.328861934126486,3.5142924025229805,3.114016259882653,19103,17595,1
6,83,0,78,38,68,310291,156462,25.602802774200175,6.751082249490221,1.9795265022292545,2.5000476838400374,51376,9284,8
6,84,0,87,21,55,352777,190940,2.818290710256623,0.9910111783308869,0.28415387466339437,2.1180051665668738,34204,17304,14
6,85,0,91,67,56,197376,208170,21.9722805478854,6.034559104591738,2.6381821722022956,5.685111596162951,17039,15605,2
6,86,0,62,30,36,304554,240830,7.256366427606304,1.705407243741831,1.2885766053736643,2.7092412048635093,19637,12508,6
6,87,0,62,53,32,397228,180342,4.085066901753548,1.0430806400613641,0.28699129019757924,2.0196579847221865,38316,16774,8
6,88,0,94,52,43,269699,225677,33.38882250979464,19.190565178521492,3.523464477822313,2.957093953948108,37383,11870,10
6,89,0,84,21,53,452637,283924,280.3666330536397,68.90796238640368,46.03384901440449,7.12347018383467,34300,10753,11
6,90,0,76,24,53,121680,207910,232.21418738789612,65.68646403369932,37.04622734657177,13.340720923148737,31156,20722,3
6,91,0,82,35,33,267134,102046,584.8194331588908,186.90212254382567,53.464406744541165,26.686603582802523,28958,19078,1
6,92,0,74,27,31,107882,202425,113.75334236261513,147.3903296502007,25.57998882735751,10.84647789802842,22209,19095,13
6,93,0,82,65,17,331616,195265,28.64906014144624,10.941246191023689,2.558771254444544,2.9990144612407756,33885,21365,2
6,94,0,69,36,49,278697,193682,76.27656123997933,21.751706971388167,5.553123636664587,2.7966181082213786,46178,18482,7
6,95,0,79,53,34,282412,120216,157.47030861301081,38.72665330526322,9.992802303415129,5.723166706642725,29696,7288,9
6,96,0,52,47,35,374000,213823,23.87404758471418,16.139823309576283,16.39032973849985,4.890328512664262,32623,19844,0
6,97,0,64,43,65,271624,173405,547.4614075180311,100.73212739024908,29.24042704557294,8.655538843538697,40261,12966,6
6,98,0,64,40,48,580669,194723,971.1596251706867,149.7804352711773,63.91629297704942,19.41309347605301,24790,12386,13
6,99,0,69,58,44,380852,247400,163.3721046002136,75.99972959011521,28.18845145363268,12.90824822820973,34119,17975,13
6,100,0,61,27,52,303004,159423,127.30843037262244,46.27909728609021,23.564223694450575,7.543392805088411,37997,20018,7
6,101,0,66,65,61,232529,194880,452.69994813509993,113.69929305729028,25.013513909311296,12.773996540489948,22657,17417,0
6,102,0,52,20,15,208928,189886,989.6074069946607,231.55524788820932,36.24711863008674,16.634944904535693,17012,14188,8
6,103,0,83,51,31,343702,191711,872.787493626526,145.60743673541293,26.703140466569028,8.673705748182284,27735,19475,0
6,104,0,73,18,36,247346,177812,396.3988203339743,86.36224240632676,32.85168785002862,8.45052812978878,38551,16195,3
6,105,0,49,35,25,399088,180503,73.68407003449815,65.81275031930005,15.93547638854937,4.1124158414217495,15313,17022,9
6,106,0,62,41,36,291772,283753,4.5281571177643345,1.413729977990873,0.5407157537120896,2.2244891286730497,32421,9998,2
6,107,0,80,32,16,292108,178856,9.091493031809962,2.507332002913012,1.5965313836633213,2.6182780457533137,28140,8582,6
6,108,0,66,37,53,311465,213535,7.242400238423327,2.9207861180466685,1.4208761673014667,2.318155266834892,27763,13343,13
6,109,0,64,19,32,284798,205247,8.632252212250936,3.1947311774071987,0.8602593491936263,2.3747878965106324,33015,10050,2
6,110,0,73,25,43,327714,203642,193.5789978446623,73.34240500332271,13.989347779551844,5.373821542548089,13039,21745,5
6,111,0,80,47,40,506951,224011,165.84085527264796,187.97202868680637,30.121456331455928,15.435016466847665,41910,7626,6
6,112,0,53,40,48,354081,168352,839.4493229410574,230.13308703650512,59.92186569757163,17.09372993532441,21091,11459,9
6,113,0,83,29,3,342334,270070,467.35186074175965,360.8606098708618,66.02357680122661,13.817745801725415,33630,6350,7
6,114,0,62,59,46,378700,153997,177.90547634270177,68.53540900089071,9.477341159739904,4.503450916177816,37026,16983,7
6,115,0,74,21,35,289149,191773,13.219033231471743,5.231828884903497,3.4879155124834504,2.942864158134853,44610,11840,9
6,116,0,74,34,46,203634,140671,117.21844587071838,30.16410072430994,7.847106597160091,2.9490952114146243,29656,23349,1
6,117,0,67,32,22,1000,244851,9.78965882366498,3.7744837330725196,1.3148665314297603,2.48060216672476,15379,16910,1
6,118,0,59,49,46,94917,153940,136.0516444803227,126.98469301052225,11.858071292109576,5.17787198410103,14091,13563,13
6,119,0,70,40,59,374794,237784,135.59506196531981,74.24310780566093,37.77274509696857,12.47625945201417,42747,16243,7
6,120,0,99,38,42,336879,213244,1245.0139984689781,239.80320133529528,37.648957412747905,15.070975698851612,24407,17206,8
6,121,0,54,12,29,285201,208809,308.09532378368965,277.2555320101526,30.844906272536576,7.280149459750488,26223,18944,14
6,122,0,100,52,29,536228,255812,199.2678396774739,294.7155486660566,46.69599904326371,13.26195223588979,18711,19992,4
6,123,0,71,36,48,296574,169774,94.43127922604802,52.42446562530344,8.610556510142795,5.557156496472856,26152,13068,10
6,124,0,75,41,48,63823,273349,2.680275314652075,1.0851868594622993,0.4264379116067102,2.1082192399642885,47438,10733,13
6,125,0,58,28,45,375049,180801,1.1631982702374881,0.7278745837690306,0.13071105257775764,2.1769429058468486,30325,16895,13
6,126,0,63,26,39,416094,221585,7.326185785804842,3.066495245240125,1.4055680997490771,2.4117525621411824,21921,23597,2
6,127,0,67,62,43,372008,190331,62.29860954891818,20.279453237829696,9.212345244939923,6.085426462933092,40488,21358,10
6,128,0,59,13,39,417572,230861,1.6984824375053376,0.7919644671245869,0.09540072297890372,2.0106492058659806,5072,24531,6
6,129,0,71,24,34,123911,149864,1.8170508228301296,0.5485530686662203,0.10869343549958005,2.176564728146009,29903,23113,2
6,130,0,68,62,51,309468,205355,1.3974827599163202,0.3669802693960195,0.06753664601191002,2.1424706416766206,26439,9268,3
6,131,0,100,49,44,216997,200910,2.4267109385357126,0.46308927188729276,0.060431918201730474,2.095988755958466,27246,14802,5
6,132,0,57,35,59,352309,221803,3.0296043213198365,0.4633001351282102,0.07569057744600145,2.0552082700789436,15626,14420,11
6,133,0,76,58,56,452031,220273,0.9209903886502315,0.4645316877007841,0.28103106617942863,1.3177606314915262,28533,15573,9
6,134,0,78,46,44,263187,156971,1.892715432330137,0.3518309706305158,0.07887791228728584,2.085537661692851,26004,15908,9
6,135,0,58,43,48,365160,265311,2.3147170715860854,0.5122817462259807,0.2854606263688022,2.1231263830097022,20438,20474,13
6,136,0,85,43,25,212353,197123,27.833798130152378,15.698613869837713,12.451207021425315,16.012472860083566,25971,6448,11
6,137,0,69,46,38,298248,236524,87.5874270493469,32.762882213873155,19.93448100386202,34.355371497350674,10624,18984,8
6,138,0,37,47,45,248579,136955,15.358431905755863,7.824254321303142,4.2758488163491295,3.382296237712085,51759,17971,9
6,139,0,84,72,16,480100,179266,12.17370641602538,7.417142833168834,7.124814455695785,6.0681192972383995,1000,18000,14
6,140,0,58,37,46,192018,253930,31.557599474105572,9.140351610669248,2.4883424818466033,2.3494390748818987,28519,12014,8
6,141,0,59,37,25,308823,281767,55.483302750381355,24.43901828268254,7.924977921577005,4.038649429715904,28344,18035,6
6,142,0,85,21,27,436931,221216,78.32525757709863,16.482311814128437,7.072591167738148,6.116950403557009,24308,12435,11
6,143,0,69,39,32,105503,195595,95.15884696374567,44.25489476257585,23.47305077747526,22.011501890889228,27612,16325,8
6,144,0,88,67,39,343125,146886,22.202797995790696,18.925848154186827,13.655681098685392,34.30708506693152,36354,14202,0
6,145,0,93,54,20,311111,239864,5.345975029211278,3.4169712750264805,3.3558545616003435,2.739457913506293,17423,11294,14
6,146,0,65,31,52,231881,215326,13.740603904434348,7.91298958726905,4.833643815130898,3.3480377234361285,12249,6753,8
6,147,0,86,40,42,421610,82337,53.821555805713814,15.174060387282381,7.105983174005513,4.941972312093518,24669,19292,1
6,148,0,63,20,68,471596,113360,418.5995481105361,117.1079747257273,23.96903425019191,26.253844744967463,2802,12647,8
6,149,0,100,25,44,365798,217513,127.56712488549405,51.9774021380543,41.03554477109812,44.290444434604524,21239,13922,9
6,150,0,64,42,48,270323,158390,62.627851807454014,15.903737500376915,7.139906975116376,42.492802584797815,24594,17248,12
6,151,0,90,32,27,155307,148021,30.857943527244604,12.278175363877782,9.209720836079002,38.77710759955907,30917,8792,6
6,152,0,87,24,22,317998,194797,53.01152793737169,15.28498023803943,4.712960042531104,42.125240977811735,42912,18089,8
6,153,0,79,47,49,284634,217160,33.96056197479003,6.58991609926701,10.498798890360098,37.735076853270705,32977,16373,12
6,154,0,64,38,23,290705,271521,51.89486446778846,16.26244930027408,5.973104816628726,42.479193725868335,33432,8371,0
6,155,0,72,16,49,250311,159129,91.19882112542821,14.201089913240612,16.20985976448247,48.59820346016893,22736,11850,4
6,156,0,42,8,65,241517,221790,136.04550091202006,49.25374729680763,15.079749475372877,28.54060336827809,23894,19730,11
6,157,0,78,31,54,302906,148669,117.09407085890976,20.40309992494953,9.10023503107413,44.710452727037,24131,20980,12
6,158,0,80,16,48,176870,175242,39.48702978717155,31.777839907055395,6.280882830498064,42.666853648941064,28718,19575,12
6,159,0,77,11,44,403641,209444,22.66621896453554,8.687333761049025,11.150262948872276,36.863321409935786,25567,11175,2
6,160,0,30,56,34,223669,192617,80.64467880094296,42.424706063733936,18.49839569744782,19.848527260688556,33222,12136,5
6,161,0,56,38,38,311203,131691,161.52888018219994,42.87635450524885,22.48431899192086,36.76544599063006,36192,9371,14
6,162,0,63,36,31,267571,225672,602.3224612565068,122.56955663187398,33.54964145431375,36.01810103966,42790,18669,6
6,163,0,79,37,20,365019,237061,145.2739723800333,48.296340400967956,16.790903267031783,21.35561241342497,32756,8741,5
6,164,0,79,22,40,359543,317963,86.90469567109474,28.707011025610598,10.885697451487417,7.871496736916087,33228,23705,6
6,165,0,72,46,56,350703,211095,53.825427571828754,24.27981719062919,8.119804869263671,38.77493673038975,41580,14691,5
6,166,0,84,38,20,183110,208686,33.92406260359361,12.491812928066658,6.3494133412680505,42.01817457649917,37206,13513,12
6,167,0,59,28,60,280754,215163,38.66728554628706,18.623090660764362,9.553926299551195,19.798445136858096,26408,12601,4
6,168,0,84,30,58,460225,131791,64.94871670370392,11.30541905718964,5.498791397644155,4.8333863681968445,19570,11539,13
6,169,0,82,21,45,265811,135217,62.35915078002859,23.545838956855157,8.81286752476068,7.566020289879883,25209,14883,9
6,170,0,80,33,46,404928,195869,12.477502684116256,4.4754622308684855,1.8184393464602135,2.382739666823864,21720,10382,0
6,171,0,72,36,37,298985,85149,8.034618154426617,1.3249079408502584,0.3822261691330095,2.038455875991255,31182,19899,5
6,172,0,100,33,40,269023,143464,3.648391467319852,1.5748388711286248,0.41687703502333673,2.056360133539204,34885,19190,2
6,173,0,82,40,33,318656,175121,113.70869184228573,51.713726866243306,9.270112232071288,11.286225307088147,25937,16083,1
6,174,0,60,38,40,216779,250440,68.00727529678623,19.79099347278948,5.307212221794453,3.9964975411195973,26335,19240,14
6,175,0,78,43,42,389987,212967,7.131252876140157,1.454393189919914,0.5030435601676998,2.33069675215094,3491,10759,2
6,176,0,86,54,68,214607,124103,1.5915565338485387,0.2950846750217608,0.09581435068015529,2.1109203605713316,24302,9421,0
6,177,0,66,48,48,355366,197986,8.291176823287062,2.636016931956131,1.6108679457622692,2.9652109872120254,61370,17324,4
6,178,0,91,54,36,407860,229172,119.54258033939914,68.86840192137213,6.733695040891897,14.007533811364993,41222,14318,14
6,179,0,80,27,38,342573,235708,152.46355363545462,25.017570336534646,12.777518906786772,10.442479929596374,43310,15362,0
6,180,0,39,32,29,243098,252275,259.3368927101249,143.76221993286654,20.20196081256105,36.131284126057295,34862,9807,4
6,181,0,79,49,31,318570,259902,43.32453450039649,9.35688229940326,4.711273027221714,43.206668285802564,39270,15256,14
6,182,0,68,50,53,226578,228495,58.51102681093806,22.384631381027102,7.116177377786598,46.51829565507321,26556,9322,10
6,183,0,83,29,32,278866,224354,94.28874166153409,30.37866494515444,6.608859610355222,41.697096943345656,21871,20405,13
6,184,0,89,49,30,247671,211627,165.61876501745775,30.914771041949674,11.762558596696637,9.693032663475114,44868,14759,4
6,185,0,77,25,31,223875,242119,231.9853544284446,67.07766581042814,36.253452872595034,21.41351353992091,19082,22001,6
6,186,0,99,47,29,363057,160607,130.49345618363608,29.028028350321588,13.610091258359802,17.34534933650908,34904,15878,13
6,187,0,72,39,56,398394,189779,4.576481082644451,2.022214821616597,1.0265636153107127,2.3418051333495393,47823,11240,8
6,188,0,84,19,42,405327,165030,8.366154460993034,1.3037195704684663,1.1941242757442498,2.58750927491702,39665,18910,4
6,189,0,87,33,35,324211,221677,5.306186283544673,3.0965506950718287,0.35449311250112747,2.1916940592412892,27427,9331,0
6,190,0,73,72,40,446914,187057,5.839717711006565,2.7733106048895895,1.019885879694216,2.295909504563402,42781,13520,8
6,191,0,86,43,43,232310,250671,136.75398701110655,39.8609601791286,13.260112799686716,15.737097145664737,32167,14145,6
6,192,0,66,74,28,428514,202611,52.21574657461098,14.077976594797576,7.976376076397917,32.403417811796345,28662,3632,1
6,193,0,68,18,19,390956,253176,126.20643979840256,39.899022535388895,5.475894986708096,8.55687167091106,37406,22291,5
6,194,0,55,51,60,303983,94440,5.7607809817915605,1.8839318047804043,0.599560715413279,2.283691785108023,21192,17700,6
6,195,0,78,1,54,322306,164008,3.292025687676498,0.6205853982202896,0.12844306270167377,2.2192284600193832,15601,7866,6
6,196,0,79,39,45,403630,246908,7.171992387651735,1.2478192144467952,0.13820760209157015,2.1115335125458086,27657,16601,0
6,197,0,92,49,53,366186,201016,38.89927363367132,22.536115326292265,5.9338790742380105,4.39640564158384,23466,9387,13
6,198,0,86,52,68,326148,252793,39.256663298232276,26.426544519509285,20.178220418061137,13.879475924462005,15438,16562,14
6,199,0,70,28,31,254976,212545,43.933189045576654,15.244469840879328,9.969737719451034,5.961303188513843,30314,10408,14
6,200,0,57,55,23,207570,153307,21.581347999057876,3.06683043505603,3.3103243677337786,3.5104537524917925,24585,15347,9
6,201,0,81,31,49,310831,289672,2.2498775659888395,0.9228835133090024,0.21022092960181782,2.3234869919982146,20473,17010,3
6,202,0,91,37,17,185565,166827,3.530521928415437,1.0281005276477526,0.23855458453894152,2.3796518063368683,29836,16275,5
6,203,0,86,33,40,373222,162717,5.315984256091829,1.0258942349614573,0.14159646296020945,2.4918966028486285,20520,13406,9
6,204,0,91,22,35,122568,240984,4.402405679456323,0.7233561154706488,0.18988151552005875,2.1402217109297728,41607,11676,4
6,205,0,71,63,50,330698,154429,10.375785657308917,3.3237505409843875,0.22035788211126367,2.276119170867394,47795,13626,11
6,206,0,68,40,32,272317,135339,8.799920395505676,1.5305099544604246,0.14814190475825523,2.3971316904304274,37015,20065,9
6,207,0,63,56,57,256058,161617,3.8730240836176946,1.8394440761629043,0.1916126101945356,2.285270037491439,25724,17386,5
6,208,0,74,55,28,272346,241008,2.0575203227121897,0.6004591525190512,0.21904868020437154,2.3860636742392916,34099,18821,7
6,209,0,73,25,50,11773,306978,6.322468930958219,1.9064825276408779,0.7035831114516841,2.751504179632298,23309,14847,9
6,210,0,78,58,30,255810,200244,113.02809157043265,54.18812070019308,31.08322994443391,13.484365247889833,36663,20109,2
6,211,0,73,47,48,213230,163792,449.3517246731265,185.32107832210755,36.57796234320846,36.52719940671932,37219,22446,1
6,212,0,72,24,24,214498,261730,350.0534646071995,109.7533947031667,42.59461035878896,35.99361551209992,37868,8205,11
6,213,0,63,46,39,612097,169235,169.050077950999,60.35807582521837,18.74609082328058,9.626927479736786,26312,9709,5
6,214,0,89,24,59,161108,177793,421.55637224554283,144.79603609793168,35.876699853755554,22.450332007001695,37073,20398,12
6,215,0,76,64,41,339614,220829,152.96826026674046,47.5568977355734,27.259698711298107,38.27952742609448,34915,23626,6
6,216,0,72,52,57,220441,257055,93.6569237022636,25.695876453919908,12.186098522648846,11.88231814721566,32636,9463,9
6,217,0,63,38,39,208778,203525,4.6050498659076755,1.5017700613785052,0.4950636625808573,2.1207198654629678,30899,8196,13
6,218,0,55,58,32,165319,182264,19.934454170869767,5.902815291719095,2.7195443202677585,2.9171194586272255,19279,11213,12
6,219,0,94,16,42,412830,316064,211.7153573315814,63.555343318148914,12.209137229581561,25.797236326245525,34163,12563,8
6,220,0,83,28,49,420441,166465,88.74101345539799,32.362138541941725,16.34936235878069,26.31253625493832,27196,15759,7
6,221,0,50,36,11,237973,172013,7.795110800758839,3.705192536466087,1.1549197807770373,2.3906942360918397,17169,18870,13
6,222,0,86,73,47,391213,180584,14.379994336104458,9.214702286609231,3.0496749222954405,3.4399635534026576,22934,14079,9
6,223,0,88,23,25,196417,227556,149.60727873267896,47.96255834630775,22.576303438183032,15.910198341876521,34312,23651,12
6,224,0,76,14,22,259890,176644,188.90596949782557,50.48482035085457,6.438897968431942,7.835227634876522,25177,14766,8
6,225,0,98,18,48,367896,240862,6.898202530910595,2.1624399863052632,0.19699482955733574,2.2491149789047,24271,11563,13
6,226,0,78,53,60,199878,197410,3.486247719310467,0.8357759752925068,0.2648935716165906,2.41004544278553,9207,10230,5
6,227,0,53,31,43,226068,184047,5.188116426805699,1.6931752030014104,0.12207331682260641,2.3211390464605244,40911,12833,3
6,228,0,80,37,19,302450,171900,1.8740656087964322,0.6263619328860044,0.17442856813554847,2.3751630530510406,18974,15946,8
6,229,0,78,51,29,303729,198743,3.1582980741215754,0.5901025414656751,0.06932152258230785,2.3172995378464027,30596,14371,14
6,230,0,65,37,33,192168,222355,3.4954067919282976,0.6880974228578925,0.09134086057000494,2.2106495957037473,25306,13037,0
6,231,0,83,43,42,523297,198243,1.409695366089457,0.4931535920124176,0.16677814129825122,2.2743192662047025,32654,13434,1
6,232,0,49,48,38,215617,211625,3.520352683265738,0.4265296352057941,0.1653756898725284,2.6014111829506583,32484,11055,1
6,233,0,89,33,47,395277,161241,2.2001129579943504,0.37883332471806785,0.11000069343486121,2.3688959414919792,27952,16140,14
6,234,0,61,37,54,359585,164200,1.9533076176484399,0.5019229325442917,0.08415043435967631,2.206159623729372,32789,24968,7
6,235,0,60,43,45,219463,199761,0.7936814054436239,0.6172124576314374,0.1922157648068937,2.2616769766582148,30191,13437,4
6,236,0,73,53,53,346325,205978,1.295269710633132,1.0138196279754261,0.10566247828354285,2.2706549816027857,16272,16876,0
6,237,0,81,28,35,215941,202388,2.1378617360903363,0.40363728615842615,0.22351834047355512,2.4093884634627254,42065,12580,13
6,238,0,77,1,89,307085,170484,5.352196025986797,1.6722210582846142,0.20183088780744515,2.3259722996649925,45195,23508,8
6,239,0,63,50,48,382406,203643,1.3584435634904755,0.2918603217743815,0.12302459066545639,2.507015536642696,21200,12136,6
6,240,0,67,53,50,244178,201270,2.899296926710332,0.7087587329255716,0.17795607600874921,2.3081874658053,14516,12961,14
6,241,0,58,43,66,341148,193942,1.8023964777553265,1.0451456235764143,0.17718497115177592,2.493178884555856,42528,7039,8
6,242,0,71,44,41,242398,167389,1.4303447894521177,0.6590107352674283,0.17067686795155337,2.1689522646331416,19277,5636,2
6,243,0,91,31,30,317564,225962,1.8693640199145949,0.41735410432248865,0.23765430990676548,2.2346376694366836,42943,13918,12
6,244,0,74,47,59,310613,199407,1.5292824935452565,0.5902517322033491,0.06729911227974916,2.178534387595372,41645,12216,1
6,245,0,87,52,60,263336,162487,1.007977660893169,0.37266905766584224,0.10876119923488999,2.304437919285492,28419,17513,5
6,246,0,96,40,42,116867,193750,3.1261475176162246,0.8280043237015771,0.0747659317404029,2.4159552295951165,28241,17624,11
6,247,0,66,77,66,378089,170862,2.1488227561563473,0.6129941813606737,0.10088175111949593,2.2525060287797873,20065,15990,13
6,248,0,72,16,38,499047,200157,5.099790777047161,0.8320197784384409,0.07147096113147075,2.279765061315626,30658,17415,0
6,249,0,100,42,53,313961,271413,2.671547140959513,0.5802786312041878,0.0898694199751407,2.1945880008716094,34909,18089,5
6,250,0,96,22,62,238696,207393,1.9913296643511202,0.6629296820609902,0.15612136173140587,2.186114711557762,33620,17076,5
6,251,0,49,53,41,320809,210073,21.244724079083365,11.770190103541339,6.520649984222912,2.8149295233794445,36123,12134,3
6,252,0,80,16,46,414602,271216,14.440398321724468,6.895921665421761,0.3808309440378654,2.47686276075002,40600,10910,11
6,253,0,75,19,55,427954,213553,51.886891172812234,15.949573726310753,10.106349712172493,3.8089891392032147,29527,13707,1
6,254,0,87,30,34,391168,221686,6.80834235678898,1.3093668943334986,0.09566700160658514,2.293269574343229,58206,13023,12
6,255,0,63,43,27,344517,207216,2.600831288943109,0.6513761020006966,0.10090175702449426,2.3163610251255586,34486,15900,2
6,256,0,62,31,59,367530,180763,2.263449319378854,0.48597809203958287,0.0893803682626755,2.214879521907783,33981,20002,4
6,257,0,64,31,44,311828,222404,2.086074682942522,0.834838214430299,0.34031489653743585,2.0354239802414527,33908,13350,3
6,258,0,66,37,32,204396,285108,7.136354648379885,7.471769237068008,1.8292580393482387,5.590835746679339,34047,15913,4
6,259,0,87,36,41,262144,133957,58.85347233994422,23.200180736605805,4.0779190967098,3.568627827102352,33990,24865,13
6,260,0,57,62,47,267707,177139,69.3917988939507,16.547703799579313,1.5691487069205878,2.510948458639719,40456,16645,10
6,261,0,65,50,16,329255,157350,10.377925722446856,2.696243706321242,1.5054596841373236,2.447208130639046,4941,17522,10
6,262,0,48,35,50,123601,162936,12.55047912003893,6.104141994271109,3.19607053209654,3.7273681371754974,27563,23289,6
6,263,0,90,71,46,351103,261171,10.709626552432962,3.1540058533213564,1.5433592606156785,1.876230151837866,13525,13985,2
6,264,0,94,47,64,98703,192088,3.854230246848103,2.1425810821149414,0.7832917950523142,2.6186336431017714,43641,18222,3
6,265,0,70,25,36,341133,236148,13.833709075901993,4.838818350357748,2.3077286421487075,2.80597176123081,15906,10724,4
6,266,0,70,43,60,416984,166648,2.1218536157577446,0.5695613093690276,0.2509107517004013,2.1917901338412,22095,13200,1
6,267,0,81,48,39,389483,167757,4.286245593624731,1.3841607724346696,0.2656742756051952,2.243292336655123,23344,13220,10
6,268,0,97,29,42,210429,149115,1.9914231697406912,0.5388987574246477,0.611641534006508,2.130786021511238,17879,17362,1
6,269,0,81,24,44,362360,272252,7.4358862743048935,1.5960841276036062,0.3819236188366355,2.3395572343805036,26956,25402,9
6,270,0,64,41,71,370435,238755,110.21483280693734,30.137192689044724,4.604910522932515,2.104787563261,9030,11072,11
6,271,0,50,34,21,470577,147474,6.403399083934247,3.8299106650843773,0.8700772441786191,1.9603157366257065,45264,20568,6
6,272,0,58,62,47,336571,257113,5.65767393470055,2.4940516482514825,0.7430474660754547,2.533030134445457,34221,19263,10
6,273,0,76,51,40,402611,187024,47.660141648133646,14.650475380184986,6.853333668181306,4.548812305094034,22381,16165,11
6,274,0,65,30,39,256287,222660,2.238402283072957,0.502451862715808,0.07000709834073537,2.0193203224149827,35729,16361,3
6,275,0,77,46,48,214793,202350,2.4073643127836633,0.4096821832108142,0.04361016168785818,2.186954254257834,33243,18587,12
6,276,0,66,59,56,386425,128168,48.17268733100941,12.23211983562254,0.8088951749601222,2.1473479874431463,20579,15127,3
6,277,0,59,19,47,387814,158612,22.159160475839553,5.1758164453975075,2.212721068779113,2.476063070824171,37066,12858,12
6,278,0,57,24,58,236452,267697,4.498439568189927,1.3973444993975728,0.355374745763931,2.1965377022182744,27873,20597,4
6,279,0,98,39,36,178816,246964,5.474434037749539,1.4034970285552155,0.252791647120975,2.2645104464780865,41335,14320,7
6,280,0,88,40,39,312324,148917,5.185239168854219,2.111589211738108,0.359603428463814,2.0418574975611543,25145,15681,7
6,281,0,100,39,24,304377,210399,2.6550198456434435,0.6837474891239729,0.15379849441207466,2.1064327684512234,16485,9996,2
6,282,0,83,35,69,323387,189267,4.990538760483854,3.607276939224967,0.47156636165144206,2.1377737302732562,39763,14660,5
6,283,0,68,35,37,388582,257097,8.977042459544943,2.2457048325839026,0.14329481384080173,2.2278461016066204,27697,7876,1
6,284,0,94,45,35,402886,189756,5.029776981715575,2.013066812905514,0.7072641806899704,1.9931441941209667,29754,15725,10
6,285,0,74,57,49,300785,161591,7.752947377276948,5.0390574567192346,1.203788120185871,2.3208508632251257,32659,7871,5
6,286,0,78,32,56,200470,236854,9.925730976902994,2.5145691300329007,1.205977287933837,2.398296739572905,20181,6286,14
6,287,0,74,76,29,227432,259455,3.6125959019850757,1.5337353690573616,0.13412904540170242,1.9846768196958684,27076,7740,5
6,288,0,30,69,57,240332,219677,1.635084455544138,1.1609505552123391,0.24910967307535334,2.084832474969276,24651,17279,4
6,289,0,99,59,35,287983,228605,8.294808337093263,3.237901430658542,0.8290831882439318,2.2514841605295546,26051,10154,8
6,290,0,82,49,61,248543,140241,24.629472656645216,4.497836575526464,2.059889883977694,1.8642904915699938,42496,14359,1
6,291,0,79,70,31,275523,136104,26.75697130328983,9.508489929226803,2.8501617259136025,2.3653933719836777,22242,11809,1
6,292,0,74,35,51,307380,132500,10.992455674990133,6.857523241732653,3.3379613200106455,2.1592559998372836,21744,17138,0
6,293,0,77,27,40,235692,252539,28.209759160539413,9.477058844401764,1.5310700660606014,1.809757140617647,43989,6179,10
6,294,0,66,32,23,332199,180638,3.97144496051252,1.7008805164091465,0.7673900548483248,2.337906602730893,20147,14736,8
6,295,0,84,24,18,482764,241315,165.7247753296106,47.78894535290733,7.095906817018258,3.190895877395847,30639,12945,0
6,296,0,55,41,28,283327,169987,11.807958303873265,4.3039871708522215,3.688451463755023,4.646694768006995,36846,18674,10
6,297,0,77,44,54,231833,199272,40.44856098005701,13.890093187425972,7.968998812889694,2.536118392551627,36781,18034,8
6,298,0,83,43,10,330668,159715,45.00531234642865,17.379018640803878,7.2887423687461625,3.183282165878571,15948,4288,0
6,299,0,72,39,45,220491,183621,10.564588563265232,3.2608095966466646,6.883930695915901,5.340289018583225,22846,20871,4
6,0,1,24,75,60,568671,463617,36.69330272894373,23.62325681877345,12.039481669407628,3.720521392065645,10196,6801,3
6,1,1,28,56,62,617755,279258,36.28634140663916,20.391506072478975,8.889730207619618,14.62027910688957,14844,9687,2
6,2,1,46,50,84,1052804,550897,41.61605495151779,17.870413206788797,14.602674724624114,8.541307512930697,16710,7729,13
6,3,1,20,67,39,902628,617003,9.372014493434126,3.3966403340193323,3.4195459002747284,3.216263134748455,9265,2148,7
6,4,1,46,62,79,730901,416416,20.018574941687277,7.320743876577178,1.6211724621567876,2.9693316494603965,4506,4376,4
6,5,1,26,75,108,214940,580952,30.581925944507674,13.113292098446115,7.815154410734051,1.969717101728207,17661,5720,10
6,6,1,43,59,93,629473,438664,11.963891593485862,10.593808612364013,2.4023712902879257,2.548017852718219,10198,4871,6
6,7,1,15,60,72,868793,365009,69.86848527471336,25.929414222186878,8.722368023435799,1.9740731178031568,1000,7626,5
6,8,1,35,85,66,870433,438869,14.972852011937192,6.499527527660265,2.277561417771925,2.3507535245648103,8801,4960,8
6,9,1,22,72,96,868691,481618,7.195030672676049,2.3639787312630873,0.6222720144253547,2.394084846034534,15664,4859,12
6,10,1,15,59,86,530539,367958,2.877055633338097,1.29604528202202,0.539944705332678,2.7698514057921555,3903,7169,5
6,11,1,32,70,75,835400,634963,14.057522209238298,7.052820648202397,5.50065224762257,1.9012878479574926,10586,2182,13
6,12,1,40,90,68,604817,346916,2.7029699100412636,1.1910217833515602,0.9106675755973437,2.7004775710870876,8363,5977,13
6,13,1,21,74,81,800378,445857,4.837728166599227,1.646077851484536,2.0680906124544087,2.063351432666652,9812,3736,13
6,14,1,15,78,73,646445,407774,5.773402947402033,1.6238355081890592,1.1717941173468525,2.4589499561168453,7818,6551,7
6,15,1,29,58,95,1014086,635380,51.2097081371428,14.597308828940328,10.406641993588972,2.416393451741468,12515,4268,9
6,16,1,29,85,104,867489,349262,5.294119814859356,5.294327916429456,1.5320586656647681,1.8676604756517132,8886,6025,5
6,17,1,35,100,52,771353,582517,26.32305033260643,11.117862315682695,7.4381425586561,1.7323438724587146,13284,3907,1
6,18,1,39,58,55,1076075,519715,17.473523872018557,3.475581392637949,2.628626221353961,2.5688501890673665,8161,1040,8
6,19,1,29,52,106,725501,375226,14.348341852913878,5.586288531393341,3.430261791543031,2.04085805679153,15592,5721,13
6,20,1,48,72,83,516985,464842,26.94747486335391,15.046046699514301,1.8173595525454076,2.3067220519744764,10064,2402,6
6,21,1,32,83,57,1011174,481743,8.90589951774873,4.765612026600335,11.719124583086986,2.7876962686727857,3963,7993,6
6,22,1,26,68,99,850441,558495,25.25154232879827,15.067602545356083,4.865077101346786,2.8700009498953234,5719,6127,9
6,23,1,13,54,86,736264,435503,18.6402497646948,10.80573788570519,8.019509989476836,2.938883536887115,4210,6450,8
6,24,1,27,68,124,671250,563144,20.17139725324899,10.864008111731387,11.477755681392441,9.483047557161383,4494,4434,11
6,25,1,26,78,75,902156,504877,6.716969689267369,3.253278957544672,2.905262432339177,3.7045361499792544,3433,4961,4
6,26,1,39,63,102,962727,545121,22.30629219124975,15.347404020165593,8.108075192906922,2.413299933214036,4569,1000,5
6,27,1,34,79,51,646657,411877,11.517765115350489,4.502331125716036,2.244083152027612,2.387932656641235,9972,5785,2
6,28,1,18,87,107,913068,475887,41.01058218991571,22.17942530224593,9.894494824118018,1.6168426007926449,13692,2716,6
6,29,1,31,73,98,850121,511023,15.03107347955374,6.047606535106537,11.376166573199884,7.270851239738792,3236,5631,5
6,30,1,36,69,112,634116,508164,31.815139497405685,14.85186462428095,5.751349482114548,2.441993426548215,5977,2807,13
6,31,1,45,82,102,800771,496044,53.14116989350854,19.738847127133628,11.447505160334648,3.9849912069860873,14015,6230,11
6,32,1,38,57,78,690669,709229,66.08096390520654,21.221671823400335,9.871460101508784,5.066086189252724,9210,5363,7
6,33,1,37,55,56,1048067,557429,201.2729639244629,77.04406682300656,12.773302454331118,6.956471679887561,1444,2370,8
6,34,1,30,66,67,670216,572745,76.29824640181425,154.6378171201014,40.315859996154714,22.10088359741337,10188,7702,13
6,35,1,33,62,44,1101774,524689,82.93746670318693,128.0394373557936,38.983119433438524,12.720798931269085,11810,4607,1
6,36,1,42,57,61,826282,553326,235.15113783503713,92.08078122476088,27.891049740477683,10.39846716337648,11571,3236,10
6,37,1,16,97,88,450897,519860,217.55031615089365,95.8165212058607,34.70602329486285,12.693792985174253,21229,7072,12
6,38,1,26,100,79,365376,681777,255.56167935885745,80.66429037395001,45.27693185813442,19.046307624707765,6234,3899,8
6,39,1,22,64,75,758278,493992,70.74454853475831,40.49641501218074,11.576466651398148,9.283869080796748,15500,4660,12
6,40,1,33,71,64,1066725,583134,122.98186759429433,60.01453919916396,14.415650468634013,9.89497999702351,9877,8061,7
6,41,1,42,67,44,1046123,708531,431.33367877145423,174.83342257656503,36.80414109281874,16.58785357925595,12341,5795,10
6,42,1,24,86,83,833262,565304,65.5377835836748,26.68935738023679,13.493790348637129,8.79843174445689,6742,6236,7
6,43,1,6,89,87,652586,471549,17.590246229095243,5.379141241566866,1.8440954542917887,2.403897014204773,6635,4775,14
6,44,1,25,43,60,716540,426597,3.629527962139197,1.5400722489940584,0.475900459783164,2.591342401204301,3745,3674,12
6,45,1,39,77,69,841469,450444,10.176441148142528,1.8235990216176878,0.3391533996092443,2.433006880980319,2659,4339,13
6,46,1,35,50,110,1017461,539170,4.4406792459259465,1.109915770429686,0.1574704599967529,2.5828262099036317,13355,1000,1
6,47,1,34,96,103,913839,678425,3.320471895843179,0.7925162345088146,0.16460178753719287,2.408954774490707,7318,6343,7
6,48,1,27,76,50,993656,560362,245.4889429361378,32.9383416268484,21.111050996499372,3.5383281081401066,22725,6183,7
6,49,1,17,57,78,928734,461344,150.38683469545347,57.88209438699501,11.771128045829412,20.23024106154401,7632,2026,7
6,50,1,35,66,109,987776,469507,5.706032845272223,2.9805629630038637,1.2099414799739665,2.487339964367419,13363,5757,10
6,51,1,21,65,75,347760,485055,5.753234847608108,3.4681644479035856,4.237433211016111,2.6816201056221303,10275,1000,2
6,52,1,51,77,74,621488,365937,12.565998563079754,7.473981996814787,1.9906909645007018,3.032090617287674,1000,9271,0
6,53,1,35,85,101,579037,454227,192.03662612404455,70.58743294624088,12.92694881878145,8.398974754168195,3270,3856,11
6,54,1,24,52,99,560028,449844,24.067276205076222,13.001707887797238,2.1392338524470227,3.118140935085727,2447,3970,9
6,55,1,23,97,98,801114,777811,59.848647570243294,23.975381318702656,12.45661410534146,6.817587922562071,17344,6490,8
6,56,1,29,94,74,510544,592687,128.27004011136663,27.7635891061536,7.42986843215336,6.689162796560606,16492,5933,10
6,57,1,27,56,93,611246,392691,15.565056790532209,2.581693821247056,0.25031731127573664,2.2213188281698812,19638,1939,9
6,58,1,41,71,109,780258,343079,5.700855428541398,1.3988618784337847,0.5533018466345434,2.683865372664496,1000,5093,6
6,59,1,31,95,79,479278,369398,20.706511223465036,12.644000449744343,4.468436494081938,2.8997028638609357,3153,5854,10
6,60,1,22,88,71,702766,641362,56.093165859436134,14.894924548909284,13.190849180735167,4.862025515522307,13023,3328,10
6,61,1,48,64,104,927768,365096,603.3849175518056,144.3398473144187,22.78532974537793,8.35043569657562,6162,6578,7
6,62,1,30,82,120,554916,660973,338.009548362981,114.48918589558446,26.499755980394117,9.142838962721884,13471,2452,7
6,63,1,37,100,122,959259,523973,105.56682334405707,57.93109536697682,18.128347524505827,12.003198190949172,7773,6201,8
6,64,1,23,71,72,638765,475402,22.206851029036926,9.838058960302368,5.5992978238083575,6.041684423034224,7261,2012,9
6,65,1,33,60,74,854329,385537,49.09904338071484,32.25134359269443,12.737907858104494,4.978715257311259,1000,4151,12
6,66,1,33,72,59,578759,626384,3.0806525502052815,1.2043203737916357,0.47234913565277686,2.361578447456509,7116,1741,2
6,67,1,11,73,82,890671,554621,5.7764386165103465,1.4068718461940066,0.39832775195098247,2.5391898431550173,11853,6602,10
6,68,1,50,62,58,739283,590010,15.679680228904406,3.6796361889778475,0.5703078534848134,2.63378166422187,5060,7500,13
6,69,1,42,76,69,893239,472748,9.115527736841056,2.2385826890193923,1.0075361251503627,2.492965854030734,10343,8412,0
6,70,1,26,51,94,690960,566664,17.729500492765258,6.929824111381748,1.7338421307131342,2.9173211137099395,4766,4173,12
6,71,1,18,60,87,911212,648161,8.54529050936691,2.6147925778663703,0.5717566801992459,2.5184687158131163,6127,3454,1
6,72,1,33,81,43,969379,559527,63.65500396505468,16.76623261827884,3.1197123955243646,3.4211626655577208,6475,7028,14
6,73,1,30,43,111,823945,394429,397.8846047756272,61.33314015602916,10.113231894600402,8.807764720132923,12323,5121,7
6,74,1,33,83,58,704091,551992,12.119293647088456,3.7208009528479082,1.9806983283877329,2.7826411702891156,14291,3721,12
6,75,1,31,39,60,753261,575479,4.400001694544974,0.7275384552599372,0.18096632985393332,2.2714210030345896,19190,3697,9
6,76,1,35,44,55,547147,667685,8.778565133982426,1.9278112286392854,0.4014600559242946,1.9587235911061687,13896,5058,1
6,77,1,44,62,66,840583,558498,2.9375210996558274,0.5256553500530032,0.16062526595847512,2.029770542793339,11818,7442,7
6,78,1,35,74,62,924592,610151,4.148598348471852,0.7626779834040807,0.24179632528837652,2.295776305134288,18874,2889,4
6,79,1,19,89,62,1113253,561629,56.50497912834121,13.561692706337407,6.66016574553719,3.683232864585667,11372,7635,0
6,80,1,43,70,30,1061662,364502,83.8762909919526,52.50814852853954,45.277197322793185,17.744171730662853,13071,4639,4
6,81,1,46,66,82,604535,582938,162.79737834756202,35.90481397162553,3.710047548254834,2.703427649482944,14782,7433,8
6,82,1,61,78,84,842421,511996,382.83478146773587,197.50081470805483,22.35075574600152,6.579254327439522,10868,4586,8
6,83,1,18,56,124,773402,699696,250.23781772739395,81.5897292453203,15.741516907878188,3.953803066514321,9659,6675,4
6,84,1,32,72,89,1043599,356072,72.32965451326815,21.997466498243423,9.123541562712145,8.57475405262917,9167,3339,2
6,85,1,9,52,70,658165,386785,314.15281680300683,120.68222226242753,24.436161466928212,17.690060338069944,7135,5846,11
6,86,1,35,71,55,975616,572539,218.2579215167786,47.147879253845986,28.327085445543805,10.887891798571536,7519,6303,8
6,87,1,24,68,78,602593,651160,7.237573625708664,2.6285542634443946,0.6205477884069653,2.607790808205884,15310,1280,8
6,88,1,49,57,88,778803,487973,43.29971838429146,12.863176289078252,2.1791255027880783,2.7911965020243548,4516,8273,1
6,89,1,22,72,69,623097,488501,26.001394842785807,11.496071868909517,3.4912786952583756,3.3775672787274367,10689,2094,7
6,90,1,13,72,81,406991,520714,53.78243805987786,40.511448524285015,2.529615815024944,3.0208423488252256,9881,7166,7
6,91,1,25,87,117,619116,451585,25.325027357937802,11.76254223656314,3.5499158114306684,3.9793378549812086,2874,4011,10
6,92,1,10,45,72,748497,598753,7.432861781781015,4.7104199045036745,0.9488934762427508,2.536268984409295,14190,6537,9
6,93,1,37,68,42,1085233,451738,16.240018177502723,6.853799437046086,2.841844294011366,3.2385976893837967,3318,5850,12
6,94,1,9,58,97,582529,570033,34.193161571501456,20.13654552561348,7.822526837220231,4.639407446248851,6273,4308,6
6,95,1,30,83,86,678854,367674,105.99954250990672,33.045810650717044,19.002870167984423,6.650991227489158,9572,3228,10
6,96,1,9,81,45,511930,671853,59.528568880585894,54.616210079442794,17.745165629632577,15.665732946216538,17449,4508,14
6,97,1,26,77,88,1031055,287963,85.18631744764197,28.808376199280488,3.342718117514916,5.5154936226030085,12603,4038,12
6,98,1,46,59,60,707907,393674,50.691421356381106,16.92409120512936,29.293420598251597,9.08346452502773,11554,5736,4
6,99,1,33,83,88,732326,725344,190.4092347445811,34.417381223664464,11.685107176438747,15.065072075315816,16758,5171,10
6,100,1,21,47,118,730453,510102,9.091660268861716,3.1151883994170566,0.4411481332570027,2.201455789366393,8678,3408,12
6,101,1,29,43,76,409885,434019,4.192682425230398,0.701446893645072,0.3151917514964789,2.4927011028750923,19991,2545,12
6,102,1,30,50,101,506678,372289,2.7579280140568354,0.605838943637216,0.08456562408234412,2.3288290583523166,12517,4173,5
6,103,1,34,69,55,609643,456393,2.3124726100726587,2.0775929835996987,0.1471455519194728,2.2970363572228374,10667,4837,13
6,104,1,16,80,49,923203,528976,3.0009016121136662,1.9189936570391333,0.3026914456978427,2.3821851490674146,1016,3493,6
6,105,1,35,25,120,300151,548669,6.2975140710320545,2.491835948866586,0.5100474034449571,2.3469929612345855,14879,5759,3
6,106,1,2,89,86,908261,532226,36.577030682185175,13.035447232726634,2.567651253555208,3.1016403230741614,12687,4557,2
6,107,1,23,71,92,868619,321375,395.63983352292814,46.15252966981917,25.783067667025804,11.353663153240623,8887,6966,11
6,108,1,25,46,103,437022,513893,371.6701679827033,116.0584502708612,20.6249699210719,16.021385013047563,7475,5748,7
6,109,1,36,71,69,736605,533898,197.7668309907753,76.51380407992575,9.56741371465357,5.229153223538243,20067,6193,12
6,110,1,30,86,96,1032772,534863,7.325386467595721,2.165695025348026,0.28729861061193995,2.361981592234656,6015,3856,10
6,111,1,15,78,93,585895,502946,10.370279133347788,1.3912508372704455,0.15813914933859702,2.427231958328167,11744,7566,11
6,112,1,20,86,54,689604,377102,4.939739054238154,1.9268562819038368,0.4560906638566255,2.305866863618207,10173,5512,13
6,113,1,31,49,110,1352211,407846,51.492809875053844,14.204588057976043,9.562554245770313,3.4737893016539942,13442,7634,14
6,114,1,29,63,106,865179,621309,33.189273342443066,15.995055823742092,1.2207084549377716,3.098387643014749,1000,6750,0
6,115,1,24,56,54,748401,422430,134.7819019428002,69.96834645359577,16.24776409070009,12.479281897666546,13362,4590,13
6,116,1,25,95,84,704588,427797,42.78088080440761,13.688031764878398,14.377407847948843,4.302270197130351,17999,3788,5
6,117,1,36,79,75,874611,470374,5.743849936661991,1.1774667392893539,0.3559823631653268,2.223822568025134,1000,5204,14
6,118,1,24,100,108,936981,378336,2.82115512925439,1.338436387303206,0.17634317747437342,2.214046419847796,5258,4427,2
6,119,1,29,62,51,368847,563380,5.463198553612221,2.158648963784381,0.30832147901717494,2.227172094618638,12826,3591,4
6,120,1,51,59,152,353212,373154,12.14006327107027,1.712399023592851,0.35618431043128923,2.474217330058272,9330,2882,4
6,121,1,15,67,76,600390,608400,9.022159606471435,2.2509707359541036,0.5407035083673906,2.335736991699505,13398,8849,5
6,122,1,11,90,94,769231,365520,63.844094676468586,35.209770667688765,4.811425412198662,6.105552572117502,13721,2291,14
6,123,1,37,64,107,815113,472041,239.66223393874512,92.5591320629119,68.6633555341738,16.40483647833114,11125,1150,2
6,124,1,23,71,76,459308,534377,214.6221702684459,53.912424423955095,3.8705602330673314,7.966512730570617,18814,5771,2
6,125,1,26,71,77,759043,579056,10.921828503346397,2.0824574665302316,0.43553001684778087,2.4343121359351865,13762,3555,13
6,126,1,22,70,69,785632,477499,2.726482380549906,0.8104042618739637,0.08960654185649305,2.120672126596721,3371,4404,8
6,127,1,27,60,62,630030,429726,3.058439091427355,1.2673018906289353,0.26287872476375934,2.0803504898434153,13503,2259,13
6,128,1,45,67,85,693101,641904,12.204701352451822,5.41045403591457,2.457421393313911,2.870069671969686,9836,5814,11
6,129,1,38,67,77,654699,518146,34.580299069024164,20.194594584433478,13.674703263926064,6.222746312393542,12737,5566,4
6,130,1,38,69,69,892860,482934,41.72646357386693,21.59868068261538,16.603747286580013,6.720891239047326,15840,6901,14
6,131,1,15,84,70,801373,318135,50.81025942820189,16.209098014969964,6.291042404798561,4.9431860012184785,18077,6103,5
6,132,1,18,96,91,571543,519157,9.057210579071748,2.196389333524916,0.33024191448327084,2.5112262240334657,10421,4420,3
6,133,1,1,57,64,991009,499501,2.7868310017709046,0.8746838708509247,0.14879878349862785,2.3940811563553526,14191,1776,6
6,134,1,21,64,75,526541,364411,4.190522428698669,1.5465524755858304,0.3240178860235777,2.1248571681291946,4598,3405,0
6,135,1,39,57,97,457418,421887,43.507333106383314,31.936855387597955,0.8159846989200014,2.2945443089837836,7681,3300,4
6,136,1,35,72,84,750969,509335,14.336441609373663,5.054718932030424,0.7817254798181626,2.0864848708967925,7186,2794,5
6,137,1,27,61,59,749956,546739,18.613851928700328,13.96690231291374,10.652063063509816,2.6085604509976235,15170,7589,6
6,138,1,29,73,79,814557,398160,10.221030769837483,2.3865521304152546,0.6294041525820525,2.289113672601363,18636,7781,10
6,139,1,23,86,88,563735,399116,3.8042398563902324,1.1141254492916308,0.20938099723599385,2.140792691730058,25946,3974,4
6,140,1,32,32,99,978616,511565,2.7266685968713817,0.6210249427091701,0.2856608713497374,2.369365385712662,14306,6618,7
6,141,1,37,77,64,1142947,415878,5.080577536502244,0.7443657243765585,0.15593377613535947,2.1973138584103213,15620,5518,4
6,142,1,13,63,68,795670,479931,6.477066334841424,2.0060538331169813,0.6340657898873852,2.25455379381307,1347,3832,1
6,143,1,32,76,66,863202,677531,79.17964278840768,32.408100551528605,11.502162171137407,12.361889744650972,1059,5190,5
6,144,1,39,56,67,376971,495734,118.96926698694526,49.71965656108888,14.49616269738809,29.260437380473405,5655,1073,5
6,145,1,25,87,88,713022,602274,490.57241099680743,132.7176592579927,25.609165259930595,11.907276773344238,3728,1855,9
6,146,1,37,83,91,660800,375449,142.55563415678893,109.92818547941444,20.868056632552285,7.668538807745133,12558,5845,0
6,147,1,58,78,101,628379,423215,760.9634322038604,209.4379343496714,19.476451861995645,8.379620791739352,18679,6884,9
6,148,1,28,81,78,668499,421094,204.04050925505098,89.5867533719663,29.529741602395056,10.086413146090132,10059,6810,2
6,149,1,33,58,51,688456,389606,88.24430527945952,72.4009031971079,56.002790661615606,11.494977915982194,6721,2893,8
6,150,1,22,60,93,509013,323158,186.260627591468,78.40382668437672,24.717143175513037,8.877846003768898,11526,6763,3
6,151,1,31,81,83,702546,519306,94.0127592036857,71.84944107525409,15.013585704101914,7.715098193034292,6404,6324,13
6,152,1,34,58,81,591663,538688,870.3933648577415,126.80555076254812,17.005994732852795,6.621200635695118,7284,5916,7
6,153,1,31,91,54,957666,405432,384.7378100742021,76.2305098492124,18.29631933851559,7.71403109046027,9025,4718,11
6,154,1,19,65,76,866065,425483,2644.630782138278,523.9074707008407,14.945826552077959,10.271518775108083,11940,3952,13
6,155,1,32,77,56,866340,507796,38.28050523173861,12.366894215952431,5.311929081245092,4.851606532484031,1666,6468,12
6,156,1,44,100,89,995357,502080,181.08031718969133,53.66524276643321,15.221109875111003,7.185577074926345,1000,6594,4
6,157,1,34,59,71,634744,603308,193.8286314613924,97.2299017387649,36.24380553585177,11.7935459681037,5702,4583,11
6,158,1,39,71,69,853957,613370,97.72104691683596,43.91158200191219,5.10832260858666,3.6523034530613763,12611,5856,2
6,159,1,27,85,49,1014043,433168,2.387376985204411,1.760303878305702,0.27670767227797916,2.388336961734271,3674,5927,1
6,160,1,37,84,100,620767,493235,4.45817586923515,1.2755681493522664,0.17412019189370093,2.093086523327556,19171,4793,12
6,161,1,32,65,74,394165,399917,15.412087204706564,5.271303301005597,0.8436570242900707,2.639056456577421,14260,3612,5
6,162,1,20,62,81,661861,650224,3.0168040839470818,1.1149849895362454,0.1721351762555151,2.586082932363946,13346,5140,0
6,163,1,33,66,65,991304,526630,4.535984801330838,1.6246301597199517,0.2849424761084833,2.4857845206150513,14276,6731,11
6,164,1,20,91,46,609386,599376,3.4213577775386166,0.7044991450595192,0.1125836487478099,2.5167225274027585,12132,3266,7
6,165,1,23,65,69,706980,463673,11.269233467299264,3.107573406184624,1.1654600236005195,2.7031174511816634,12534,7316,9
6,166,1,31,71,72,644060,602075,24.347611067457727,10.361233880371213,3.0061401060957356,3.6725459642779477,16209,3528,4
6,167,1,32,63,85,761929,574435,53.38766263604946,27.19805722167574,6.824640399722057,5.611421532519007,15000,8635,2
6,168,1,18,80,72,590299,627890,31.327328857924723,20.812786884935058,4.608206147550785,5.654762523479379,11502,6598,14
6,169,1,40,72,65,503375,365618,111.4614207582076,18.951933048389474,11.16644714247591,11.373255159020854,19617,4117,1
6,170,1,35,54,49,711830,507479,26.726080419821507,10.599851003892642,3.9958122457122682,4.443029843952546,10387,2292,10
6,171,1,22,55,80,745918,609754,85.96956754060095,22.89847489399043,24.728990544142043,12.354267021949989,7724,3900,8
6,172,1,14,40,64,1023296,406433,120.13574627752303,35.72070050991446,15.217974138864003,8.475756999164131,2584,4389,10
6,173,1,28,57,106,813252,552187,61.643542599777376,17.944437644367547,12.028144509991396,26.955655854592916,6387,4339,13
6,174,1,25,81,83,565656,557133,163.89678322870503,39.656017964661395,11.10609951481598,22.265892254689845,16011,3655,11
6,175,1,31,89,91,653663,570104,94.85538014921758,71.30765308400356,19.099102505397155,11.974223621759053,9829,5067,3
6,176,1,26,80,75,942698,533373,93.74524225449402,49.630630045990515,10.854826362255848,12.090899684495405,12396,4819,14
6,177,1,9,78,84,715236,561760,84.93280745634176,18.99962707905519,15.204828208940587,23.18489914271476,10404,3423,12
6,178,1,26,68,62,581378,543274,264.2416317952229,69.64417505362172,9.645975313018004,15.149434608745967,3985,7114,5
6,179,1,26,81,56,816465,618491,51.62446631310023,26.232777535816695,10.307426423694855,5.536154139836408,8559,7245,9
6,180,1,36,74,80,642022,428230,46.412398163797,15.668838532464665,14.731583482687132,11.317431875275854,5829,5029,12
6,181,1,23,97,91,895628,534041,13.27972600635705,4.280553906087087,2.9800523887312553,4.11308135849716,7824,6893,5
6,182,1,46,68,41,872593,621879,35.988081651436914,6.639141816899295,3.620447428198034,3.6023144585807945,5561,6282,0
6,183,1,10,90,70,570523,421627,35.631550064901006,13.68581022897144,3.3477064072622937,2.8949910666596934,12409,3796,13
6,184,1,43,83,116,1156993,430888,17.615474881021008,7.276740228377144,2.793364473027658,2.590741945118763,14062,5867,12
6,185,1,27,81,89,775410,552436,24.132158912282343,11.800104051585778,2.3625378385681692,3.4437735831422347,10175,3238,14
6,186,1,38,39,110,267244,638209,13.037671227932494,2.6734350035602534,0.3615065165689462,2.6385230980282266,1000,3121,10
6,187,1,30,83,67,876110,486574,317.1369072812572,99.41700060736382,29.329080822521675,8.393950578400974,3236,6218,9
6,188,1,41,68,70,280345,509553,30.313415357457135,20.03225827081909,16.31276871802578,8.489439831819665,13229,6026,3
6,189,1,26,63,99,1007966,536385,28.051035405164903,15.741242793031695,8.008567747604502,5.624236588920977,6222,5900,11
6,190,1,19,47,92,811412,451322,83.12711235039916,24.146650130071844,12.803621770499978,35.62556666407319,6227,5283,4
6,191,1,44,69,78,770763,719373,54.53383495790002,23.57706794669393,8.59047413876093,40.84580552239443,10344,1573,1
6,192,1,28,70,54,783070,407537,72.66318427012897,45.04548689500275,11.067004027202184,5.078487595682163,6065,2003,5
6,193,1,32,50,103,900348,509004,40.76551247660912,10.030224648260377,8.95349195590931,6.149932913016105,1000,5749,14
6,194,1,42,47,130,686968,510611,31.039240389801606,14.831954762549131,7.114064696996285,5.273665934868404,5378,6470,11
6,195,1,19,77,48,781021,281162,33.885689441693025,19.112104119395667,2.4398893027524156,3.1686471968129513,7981,3577,11
6,196,1,35,83,108,806674,415768,32.75117329225631,7.663023998842395,3.230939499816817,2.8437187411472657,7225,8392,0
6,197,1,24,72,70,206808,364781,28.092336165003964,12.541327806206654,7.918995733969999,5.098954790466614,13505,3720,3
6,198,1,28,87,73,901860,572027,94.58395663059385,20.457298076905225,24.002455713612214,14.266504238537447,10443,7372,5
6,199,1,30,68,85,935620,330679,97.9168331103382,19.836770641382657,15.099036632252217,33.61506921733752,10089,1680,10
6,200,1,14,69,55,873486,594187,78.43059430022312,18.504416828726878,10.863905893169132,36.173160833686495,15784,3331,12
6,201,1,22,56,79,859343,382023,104.81279869148761,26.932470259378185,18.28244217831783,38.64657973759377,2199,5694,7
6,202,1,43,46,47,1102290,596151,39.51298241854031,23.70284676901185,10.650289923387128,44.1151769128572,17823,4366,5
6,203,1,38,97,89,774189,360354,68.29227404375321,30.434553421894872,12.839611257985444,31.37932533325318,18257,6652,9
6,204,1,29,86,124,781073,542403,72.60985668927597,16.43091412980051,11.682244672298133,40.38868857683514,9421,5526,6
6,205,1,32,49,67,652570,593513,91.39365715907051,33.06587555045535,14.622641249279988,34.24306817904733,8035,7885,2
6,206,1,27,72,76,400252,557311,152.95596436708993,34.93747475839031,7.264967095881264,36.716845147561294,16713,4001,0
6,207,1,43,68,77,874587,377888,62.964626300012604,14.553525461902993,8.147746971707326,45.30472601736196,8680,2812,8
6,208,1,27,65,99,674162,612977,44.406712430498644,24.702444707312143,11.7727952716485,38.23721814771602,11766,4549,8
6,209,1,32,63,88,398069,554578,92.42829042729902,27.99080737810022,7.907754634709446,24.95916638890633,11390,4182,13
6,210,1,41,75,98,767962,264214,75.24795001914671,18.13127404963823,10.564797819515825,13.25859310899185,12445,3658,2
6,211,1,22,82,69,762371,511069,19.69932249101668,9.348970008212316,6.398083664496118,5.415923133995188,4500,3263,1
6,212,1,45,76,88,736966,783371,30.664083255176546,10.277600462434302,3.0536290910207917,3.181191176555426,12198,2134,9
6,213,1,14,68,12,810133,611648,11.611642487370947,2.0472323157770007,1.298151170420909,2.9666388948225935,5589,7585,2
6,214,1,46,67,93,470806,450098,8.987175818870908,4.744820950543635,0.8669497460878774,2.783095340793018,7005,2030,14
6,215,1,26,84,55,981429,554403,31.238404529525386,15.387782948038991,6.987624871120643,3.7142299651199324,14642,4832,5
6,216,1,27,76,73,869706,460716,9.519931106325448,5.066075180814367,2.291540290972911,3.1115495789425855,7483,5258,0
6,217,1,11,71,94,1031554,601457,26.86738414986476,13.81127016618757,6.546374300955498,4.779800419763067,6810,5717,9
6,218,1,25,69,49,672079,418579,113.9101600730231,50.70621123175064,13.864180137863887,13.558180121624016,11018,4907,2
6,219,1,19,75,101,869037,620857,103.77305820737736,38.06564101981249,10.724055339188387,27.937439844951104,16732,2126,3
6,220,1,23,62,77,409269,592040,118.21047476323986,91.5366595223626,50.889219665483914,26.347147642475697,22024,3415,5
6,221,1,28,82,109,616316,564261,76.39141499422517,36.189849360498854,12.711872920085948,21.458853277849116,15711,4891,9
6,222,1,39,53,61,508570,707082,103.4713532873842,35.6828883108326,10.33393614557737,32.953011129149374,15645,4985,14
6,223,1,32,63,43,834975,600584,110.15429098322305,90.56228541623794,15.342304919773051,34.31174570682867,9880,2603,12
6,224,1,33,79,79,562112,602158,243.58883056310168,71.71539744729687,17.95977393827213,34.467095007860294,22797,6255,8
6,225,1,19,53,91,695528,612640,84.68999489100503,27.898662430794154,17.746208899293467,47.737827537742405,10993,3195,13
6,226,1,21,46,93,782208,571375,63.04721015675218,19.742480913093218,7.416354468060301,39.337494365674864,9821,8345,3
6,227,1,47,70,57,701510,546419,123.76952540103437,28.151460142170386,15.181502214864148,34.40104026511929,11913,1146,7
6,228,1,22,44,47,519768,432273,164.6910035028654,46.52432655724501,12.927448204869712,29.056264130670254,11322,6066,7
6,229,1,46,50,73,1112221,433646,171.50167884284895,68.20964640886847,17.468511436537227,15.478156580823981,3431,5281,14
6,230,1,27,81,90,806078,543205,27.841023696458777,17.198362731372686,9.837784395470283,6.569653903197465,6514,4646,6
6,231,1,30,66,89,1114020,560920,7.633962157915867,2.3440875506640517,0.6596112278364968,2.665576344848505,11902,6235,8
6,232,1,40,89,111,576639,501782,3.3920186654377016,1.0821167470119848,0.2297758796602957,2.436855003448189,6053,3545,3
6,233,1,42,51,72,707860,451842,3.5274474599058787,0.8453599541585632,0.2713113194752259,2.374741343010056,13238,4356,1
6,234,1,28,68,43,800416,486389,4.594452914892659,0.8821510020390393,0.3604871344301077,2.2271022161710925,10180,2816,14
6,235,1,26,75,103,1089498,494716,1.7276823738870055,0.9447479515569721,0.08274070541330002,2.5935080352126314,14683,7670,6
6,236,1,29,52,83,1112606,527505,5.015168368248404,0.893864360061154,0.1947872786455201,2.4506369443725293,9381,3915,3
6,237,1,33,85,85,696186,477784,11.39420980349667,3.3502497597178804,0.9967354030670856,2.4607737916351575,12408,3846,4
6,238,1,38,77,95,637088,616570,13.056024267260002,5.400716468906283,2.456977286497055,3.7488340789413352,1000,7614,14
6,239,1,30,45,105,781927,488930,27.769937078534134,18.294685401799498,10.74450173076032,13.742006390497393,1953,1583,1
6,240,1,36,69,79,1023080,435668,62.23253050263894,29.088755344933343,32.89526800477993,17.44267615131251,5983,8307,8
6,241,1,46,75,103,810174,491920,41.08436715792073,16.268126294296277,16.324399045903988,44.73958367775171,11554,4790,9
6,242,1,33,61,91,846659,389861,77.79890361002899,21.806831097618115,8.787265248805596,47.30876002074562,6093,7027,0
6,243,1,33,47,66,1021225,701332,112.14387648151657,23.397053995267402,10.947864586179033,38.07563071699509,13639,6036,3
6,244,1,14,74,75,988963,565551,102.56308666405758,22.392957156123227,13.61540648061309,36.044921252740146,11933,1099,13
6,245,1,3,100,92,996695,498737,69.1724959451532,15.756675494299868,10.09064127070499,38.984592890378764,7706,6337,4
6,246,1,33,64,65,924408,641645,54.854447757531595,23.74475499375709,21.119146352717344,37.11088804097386,11119,2859,10
6,247,1,29,93,97,1070419,479495,69.21380918767743,18.70923624618805,8.239386578894054,29.917800053643532,7779,4510,3
6,248,1,24,58,83,556990,496653,63.254695755319545,40.6291388220942,12.213238364895126,42.05127203258209,11575,8393,5
6,249,1,32,73,87,1249852,429584,92.50348466305002,26.66956646833183,14.693761815400476,17.093640838190215,7447,3875,1
6,250,1,29,81,108,1012071,405945,61.064867474638255,20.03504371741206,5.5455899980138215,4.0538164403228985,11982,7237,5
6,251,1,41,69,87,767938,521082,67.67147032882214,44.150310795811315,11.22739622346848,5.244056041313221,16803,3071,7
6,252,1,30,65,81,1021942,606401,71.89249576927708,76.17503848268693,13.485347144857446,9.606305833061993,3820,7944,13
6,253,1,22,80,78,730510,412173,56.5135581310075,49.53960835910228,7.815636985553919,6.165724983715905,6528,4763,11
6,254,1,39,98,77,894965,476072,24.08868774563304,11.397098586385054,6.912876016151673,3.776853497696137,6735,5881,9
6,255,1,27,74,86,918394,479643,91.46659478644067,108.79414242023309,13.68333632760789,8.827041171398253,11555,4808,11
6,256,1,35,62,107,972430,577154,145.14515480047513,39.744577819515456,24.22194628063895,38.840084634094694,14188,5046,3
6,257,1,25,67,67,708065,456856,148.38844481742163,74.95756642670308,22.772788069606012,35.55004976247784,1302,2289,7
6,258,1,23,100,66,976676,575312,305.649943168193,40.49113634992774,26.662176419074548,34.92386948963102,9082,3978,7
6,259,1,30,72,105,711619,571541,88.23349759993674,53.61694592535684,18.4912017535959,35.86096332587318,10141,3551,12
6,260,1,30,61,68,946194,433803,301.2772517705869,100.155618548355,24.011028684246387,26.77438369657798,14409,2382,7
6,261,1,34,52,84,796424,470696,87.93112901750722,36.96539254463455,17.688826651372143,14.69592241330445,5520,5155,1
6,262,1,27,42,68,435208,508048,22.832697025443903,5.187827172524176,1.1446026524229622,3.0249090131090033,13649,7805,7
6,263,1,11,75,46,652648,456300,7.411715083680806,1.8148614168341093,0.6705350618478617,2.358200742328215,11465,3216,4
6,264,1,25,79,83,969624,410514,9.634943781246823,2.8357391906024807,1.3891404475963518,2.7962643938506053,18870,8347,11
6,265,1,37,64,102,739269,648241,52.611261911901394,24.885828006213593,7.124534063546246,4.446148506750021,20969,4721,3
6,266,1,27,69,78,1042709,321735,315.7703375625154,51.27579405203969,15.292022606622458,27.917816086562404,13979,4093,6
6,267,1,27,52,50,557341,523281,191.00811664519685,63.23876511270753,8.93824882939347,43.96385391526708,8697,4461,9
6,268,1,39,71,82,939227,636453,178.94097903211645,70.27285208175141,19.38474646458961,31.31066438978047,12453,9493,5
6,269,1,22,77,64,790493,419429,210.70016027679617,55.75312530643404,12.85341525396818,15.604722397632985,12907,5748,14
6,270,1,14,61,27,750642,502635,87.10593130641765,30.39238733877591,14.110369386627056,10.290726562522979,12633,5751,4
6,271,1,28,95,78,564338,590278,49.13278588769256,12.128973315987974,17.386995659018254,17.27328753477635,12101,6224,10
6,272,1,25,57,90,842004,195753,124.74015137125167,37.83421175933091,33.27001998691702,25.55725642130216,12670,2363,4
6,273,1,20,74,103,598220,494960,353.8372157043246,151.26898047432815,95.12763680173897,27.07489679453375,15248,7205,11
6,274,1,28,82,115,672787,342771,547.6266013819744,79.39043561462532,41.37191856647704,29.458942204176324,20990,3341,7
6,275,1,34,68,93,771866,596334,621.0962739553992,209.73720037242487,63.498166682685465,72.13957939772365,1000,3099,0
6,276,1,29,67,98,726854,420756,157.43552037975496,75.21899286136669,23.12102247676433,51.19070455206845,16498,4066,13
6,277,1,33,48,54,1005557,678445,25.283824314142908,20.484861442781693,12.355468014821675,46.278539325988795,10707,4516,4
6,278,1,48,90,112,281969,404506,44.22197794814252,9.237591341041155,6.97669648144928,45.470586768335366,6050,5003,10
6,279,1,26,67,105,764324,544965,138.09143777195155,54.19451838343108,20.731440259057237,41.25335821016841,3246,4387,7
6,280,1,32,78,72,727444,412361,46.4327964267429,18.087959275428677,11.811047669075071,45.83820058316353,11527,3899,5
6,281,1,24,80,93,798297,476270,43.59395965619768,41.88731983663113,11.406476597284243,39.1640448064951,10180,3687,8
6,282,1,21,60,91,691145,499573,67.91695191833995,24.071888277477967,15.434637806728672,19.6106496584241,4606,5071,12
6,283,1,24,67,109,1004776,502579,182.57468122662948,39.66067376069383,13.508838827890226,11.093850102630304,9846,1469,8
6,284,1,25,90,76,748457,665485,14.1632236525423,12.656990107018236,4.15397846309337,3.618020005419753,15184,5051,11
6,285,1,33,53,65,826589,642733,63.1048811182072,21.053298418289778,4.133502453501303,3.4873194764189104,17757,7544,6
6,286,1,53,100,70,978451,425061,36.37918776427203,21.22525888555264,4.188110630402761,2.9115123176301014,10637,5617,5
6,287,1,22,58,97,810400,504284,47.07970280043953,20.124316871916708,4.437943342520484,4.173738070423535,10622,6480,5
6,288,1,25,52,41,546158,383628,34.478282206767894,10.77823221082804,4.584408509254493,3.1047670102944034,13114,7758,3
6,289,1,29,71,20,714683,360865,34.068440171257365,12.418719265419494,3.9840876882807805,3.2782935950431247,15825,6251,10
6,290,1,33,100,97,775176,433308,63.72319429677672,15.775846124578278,7.825505821441631,4.425402227448182,10917,3839,14
6,291,1,32,41,85,470687,668333,81.23890148266798,56.519741076510954,25.319060073276738,22.785852332503985,11751,4005,7
6,292,1,42,67,80,657638,331240,73.24034757426958,15.706620649680744,15.301279385127167,39.777937918450775,8003,5226,7
6,293,1,5,77,53,786346,557630,27.213976105201002,17.190181712941506,6.774823537527678,47.830383297274174,9211,2534,1
6,294,1,6,70,45,1202440,546033,105.26907219633249,41.73060629481244,15.971291788316822,19.983532484384778,6820,10052,8
6,295,1,25,75,67,874220,425678,20.599233191006654,6.897982911773848,7.084144303386898,6.14793276449025,4826,5010,2
6,296,1,40,59,87,831547,564498,11.95458118062691,5.313783160876168,3.4175504155377,2.7679615613912176,3975,7997,4
6,297,1,14,61,68,1138125,564042,54.917252135092596,18.694504086181645,3.8975935614769637,1.8329069506965945,5689,4670,11
6,298,1,1,67,98,917569,496252,16.811403637814518,6.331093764453094,3.8001410754687464,2.3285878927685117,5345,5140,12
6,299,1,35,53,60,945778,484961,27.18173884225223,8.805291895474936,6.110488508974698,2.713336143364354,11493,4909,1
7,0,0,72,40,43,274147,223675,0.6264927080047374,0.42430330991801773,0.039951325347847594,0.021094708766582575,44086,9129,8
7,1,0,64,51,52,142234,135905,0.5756670633913459,0.11376900963251803,0.03359170179134076,0.014996831892329433,19522,13745,2
7,2,0,65,51,26,386606,333365,0.34575950747825246,0.13611320304537394,0.056653317701599114,0.015642745407989964,28765,9631,9
7,3,0,58,48,58,211102,267038,0.26870028381370775,0.0860461227440951,0.0850243410525887,0.018108000110718253,13403,16666,8
7,4,0,80,30,40,357987,219249,0.9795869425606676,0.24767932882192287,0.09792757647901547,0.022977102135666748,43843,18200,3
7,5,0,83,30,52,392350,119803,0.6311547295187011,0.5448233850469025,0.1239297046231274,0.021122790836522437,21905,24186,1
7,6,0,63,51,44,295569,131246,0.8846380784755451,0.2429095368239835,0.05238255768185186,0.018038464956348057,52683,13272,12
7,7,0,97,52,41,347408,294771,1.2064068424009264,0.2676486728449642,0.07270666501938207,0.017744031128532747,34617,20693,10
7,8,0,70,37,43,157688,142119,0.5143848082995719,0.27210480305259416,0.08071300682311783,0.01891185342335375,45433,16329,6
7,9,0,97,33,50,592502,225006,1.028442499882207,0.24539328255206086,0.054131789029279516,0.016691522182284476,12639,18528,5
7,10,0,65,57,69,344012,291166,0.3545838568445176,0.20847680653771422,0.04687131553580381,0.01706410249091898,5226,24317,2
7,11,0,44,34,9,378122,205296,0.6538633908965854,0.31052475191449025,0.057790768370109956,0.014247243843537422,26157,19114,14
7,12,0,81,51,48,393425,140250,0.7584879517840876,0.30408508316929883,0.1388254808282898,0.020928912448723712,30413,11224,2
7,13,0,78,37,40,286082,111234,0.32847514746854434,0.1301355475156054,0.08714641399872501,0.01809574577567003,36250,9437,1
7,14,0,75,24,37,307774,219141,1.3796194082034432,0.3940467024390173,0.05875012424365517,0.016359715447056555,45401,7721,9
7,15,0,65,64,4,408495,144801,0.30770945244575265,0.193445634308068,0.04655375506485497,0.01588669604224571,26908,6196,3
7,16,0,74,41,48,263227,200114,0.3760496222299401,0.14373337110984988,0.09465962307090178,0.02183006768166714,25747,12831,9
7,17,0,67,29,38,339113,146732,1.2307436705477597,0.7151772369633372,0.15731570826707011,0.019539613244982143,27725,16058,5
7,18,0,70,19,27,346778,169927,1.1682127128181181,0.567020564441176,0.1467134608888241,0.017229869712761248,33660,15139,12
7,19,0,87,20,40,226548,171529,0.9022341842576395,0.1648795971513948,0.03893035928322253,0.01513238100136025,17576,11921,5
7,20,0,77,34,35,344379,186938,0.4978694457651165,0.1789527236448192,0.06664368952997893,0.01766862078457788,12036,5675,4
7,21,0,84,68,13,130567,162980,2.122318738068161,1.4673540711083384,0.4766165385470266,0.03656943603350542,33254,21506,12
7,22,0,71,31,41,391796,214239,3.7514660528123303,2.742074631351572,0.6359429912499374,0.08142700461269768,16485,11502,11
7,23,0,69,61,48,456987,249865,2.9837657686252372,1.4753616890613874,0.3905277290572521,0.04567783583597876,41423,17604,14
7,24,0,57,38,31,390573,181988,2.14844559377077,1.3696931604299925,0.26679559404864095,0.04106430721638991,7911,9868,13
7,25,0,69,22,43,449729,213042,1.0865028878529068,0.5162892150853943,0.14280435899931246,0.028874525575965385,22147,6898,8
7,26,0,25,32,41,223780,153238,1.3305692531138706,0.7685061388987585,0.21763003868830855,0.029262780297807937,16477,12668,10
7,27,0,66,20,55,277502,121625,0.6577370802542979,0.5012128373162449,0.06910813471007582,0.018969314538888313,23268,17806,8
7,28,0,73,27,38,312542,220084,0.3725132971582794,0.28503848345675525,0.03796766640822653,0.021478589401420698,21203,6533,4
7,29,0,83,26,52,312881,243981,0.36593636108497607,0.3463032491581751,0.10886208624608046,0.022224356979032602,41252,13417,1
7,30,0,70,11,35,256270,104319,0.4139843795118123,0.13176836482931528,0.06730784203450088,0.01791284655650971,58091,14387,2
7,31,0,80,62,69,208685,195433,0.4426966683053038,0.1602970657652498,0.1245991293398867,0.02451661384360583,17741,12890,6
7,32,0,42,43,33,472696,221611,0.5611524156544964,0.3802495004343809,0.07516676084564179,0.01759171083613011,23069,8753,11
7,33,0,74,29,29,216693,214467,0.45312137544196895,0.25487953776982675,0.09313160763546613,0.018607255012875544,28553,14253,1
7,34,0,49,43,38,465638,170495,0.5610470813322567,0.3023784298307767,0.04533794150618879,0.014329290274674562,19404,11488,0
7,35,0,56,27,29,349509,202378,0.802550446187001,0.4549164040310722,0.15072849045652248,0.01876606662997113,35587,7717,0
7,36,0,72,1,21,320301,246319,0.7235127053134686,0.24249748151450615,0.06184344576454108,0.01883718035415918,16143,20874,7
7,37,0,94,84,50,354298,157008,0.3661633513834836,0.2866403251359393,0.08250754062712562,0.01910668800026426,36099,19905,4
7,38,0,80,42,1,452344,277743,0.8805267636442496,0.36079389311724763,0.051530556991704037,0.015266496717580888,30891,11810,3
7,39,0,75,31,29,37553,130604,0.5705717802295659,0.13083477344088162,0.037211819602152724,0.016384479526211897,37548,12029,12
7,40,0,74,10,19,335913,244888,0.31228643729511313,0.17417405365949262,0.07534328739799648,0.01798572570519418,29885,14506,11
7,41,0,64,17,42,314900,202699,0.49388218163477127,0.3800100282032235,0.04684097773638219,0.01867325074364409,37327,19258,3
7,42,0,66,64,7,318594,174261,0.6875619639730753,0.3338669795816456,0.07397560514872431,0.015557455947754258,35314,21572,2
7,43,0,81,62,48,394050,107909,1.9792272953068295,0.7218476817864804,0.18593434568680722,0.027647809206805377,28195,7651,13
7,44,0,54,51,49,238960,259509,2.057718591561415,0.41531463885171294,0.1518901031663675,0.029846162854047557,35582,19754,11
7,45,0,83,23,15,184910,153295,1.4901434650185603,0.47158590098162745,0.22193120583257372,0.025623404490857277,44243,15589,13
7,46,0,69,62,42,161574,198500,0.5595317646789377,0.280190873706125,0.11132428434740943,0.019387829089141547,12134,14142,7
7,47,0,87,46,47,209264,223551,0.37378580262043065,0.13080310442972573,0.05686372638048697,0.014958738966209965,9708,8967,7
7,48,0,89,49,54,368743,318961,1.333643052919203,0.32816265749110085,0.07232752382826632,0.018133369735554513,42983,14206,6
7,49,0,49,46,17,350484,182216,0.6247227095453605,0.2443874569552383,0.055759889790498715,0.015771794886249118,38994,14393,5
7,50,0,66,17,15,388333,202552,0.7245561946224284,0.26009101547072133,0.05536390475336782,0.017413357041392664,44296,13252,8
7,51,0,62,22,62,254019,220703,0.21872840237829927,0.13682289056734662,0.03745523946686845,0.01851906695835118,28917,14144,8
7,52,0,47,32,27,258463,205820,0.7922405597472156,0.1433400465032753,0.031033114176680747,0.014532555499817775,47537,20357,0
7,53,0,59,49,32,465372,161936,0.984416165330766,0.35049037386176457,0.09777874379103293,0.024714172829105388,58933,16562,0
7,54,0,100,19,49,401978,274265,0.6281121715424336,0.23577060276584189,0.05001743825882583,0.018848396516716943,41530,19800,6
7,55,0,84,37,22,375218,176953,1.4971223565957283,0.3133153210319438,0.08769823925247505,0.015128756569060526,35817,7854,7
7,56,0,100,37,36,117524,223406,2.2861117397700186,0.5447992488726653,0.06967852190004933,0.013705908360742163,37344,13219,9
7,57,0,87,51,53,495769,189155,2.7071394913632636,0.7552537561817546,0.11834508736015414,0.021341935553635675,31685,12514,2
7,58,0,63,50,18,290805,169707,1.1666055720335247,0.29229083287318974,0.12387000799831381,0.02552983309418304,33215,17838,14
7,59,0,69,24,32,317290,252412,1.1288434686576176,0.34725435877969174,0.0765044933718561,0.022102527155395176,34487,16189,12
7,60,0,83,61,23,344756,213147,0.6042693269389277,0.4367798136785799,0.08606384899384793,0.016956186278370082,52725,18826,12
7,61,0,81,22,28,316453,90782,0.6455440005802138,0.1902759067363706,0.08338522117232576,0.01554826941965249,22393,23030,1
7,62,0,66,56,57,282802,214887,0.49906481447947865,0.18254677762623073,0.06098681239659688,0.019955855636902334,27775,16140,4
7,63,0,52,31,61,314503,168645,0.36695587538244656,0.20029636353134458,0.04598332280713887,0.01807112164799335,30029,14830,9
7,64,0,100,42,43,363648,120558,0.4998522151309174,0.19965294942152603,0.08634306778423635,0.023294981440923613,36271,13710,14
7,65,0,72,43,47,384879,247827,1.042402017997817,0.3459178170359098,0.0947890860694548,0.012672719635113898,32458,6275,12
7,66,0,70,42,47,421977,161822,0.584742919866681,0.4076535162105037,0.11627980803531432,0.017232003293097164,17130,8749,14
7,67,0,76,50,29,190244,213118,1.2774390919195662,0.36395784920682844,0.07831164282882923,0.013909866834255985,30738,6891,12
7,68,0,71,45,43,245408,245991,0.6796109477972406,0.25076253075850385,0.04141111302906143,0.01663756468867358,28949,12307,10
7,69,0,76,51,20,385295,187876,1.6096813040449154,0.6565852414786122,0.08367790762941858,0.02094364645283741,29914,13034,3
7,70,0,94,46,25,142979,212560,1.2605067626737683,0.7090549447829653,0.1225461999658373,0.01861691527338786,38400,23639,3
7,71,0,73,21,38,316159,165960,0.7838612626751782,0.4628005445407753,0.0870837691638556,0.02242644787017015,41958,15500,1
7,72,0,57,44,24,221404,255196,0.8620456099938276,0.47290577129446004,0.12779500335533572,0.02800175144694509,21603,15763,0
7,73,0,72,31,20,355117,190912,1.4426399659277729,0.2708352495961136,0.09454064055071468,0.022434853049244086,49286,11243,10
7,74,0,68,23,29,215492,226873,0.8274318336191555,0.4326548675126933,0.0893754915236309,0.024641426776370764,15032,14291,13
7,75,0,96,35,57,264042,275269,0.2649856969238617,0.20623574220507865,0.07498162096672731,0.0208785799998298,22890,3966,0
7,76,0,92,42,63,270957,107425,3.660263018008999,0.7964082421895469,0.23838829396737327,0.031832545146017154,27780,18202,14
7,77,0,76,43,39,324634,165740,0.9768756117459819,0.5527178110805289,0.16311512501655612,0.026680978574869323,37039,12939,10
7,78,0,55,55,48,395832,191361,3.282025318587078,1.3720858014874862,0.09178254970296569,0.03691255154262225,12708,8916,8
7,79,0,56,59,31,403194,206380,1.0167898284299068,0.6218373040496845,0.22337174862494422,0.04690268750395978,52155,14146,1
7,80,0,75,45,9,320494,230769,0.8957431874121974,1.3106774718214909,0.3238319480446933,0.022077109327202832,12032,18332,9
7,81,0,80,47,26,189034,261040,1.1619334514441593,0.6745895339118467,0.06521018679027676,0.02576097757770127,45499,18861,10
7,82,0,69,41,35,557961,162729,0.6541807507969597,0.47914460434534994,0.12755997208714423,0.017265210145101812,25857,23985,4
7,83,0,67,51,42,291481,189914,0.7164251342382272,0.19999349363273894,0.06897553575990815,0.021842850762206458,30945,14388,10
7,84,0,66,47,38,327371,256089,1.400967780452833,0.6506795182082292,0.10980357032150609,0.032680991598428626,7787,9295,1
7,85,0,74,39,35,324226,216900,0.5013126814699789,0.2501438090646444,0.11577625585191255,0.03526663430603115,37427,16737,11
7,86,0,39,72,31,335381,114969,2.0102996027848414,0.7068082472071627,0.12308892908707128,0.022602363502874576,28457,19889,12
7,87,0,58,31,45,215293,110832,0.44967451833987554,0.31880629541697886,0.06403419570074682,0.027647358149239718,41731,17457,0
7,88,0,65,61,19,343857,175549,0.36105504718109266,0.40089722706119374,0.06694619796886564,0.019236039204118524,16088,15666,12
7,89,0,93,19,52,482150,227600,0.5588612458330942,0.4756993920442183,0.07209773022180728,0.022173536129144144,44298,18667,2
7,90,0,62,52,31,99080,226666,0.9095571736790213,0.3837128787092637,0.1736907742826538,0.022668670571046778,12837,13263,11
7,91,0,77,61,71,303231,155342,1.428906974991527,0.6298713996835437,0.20835011445329032,0.02909096797580962,32527,15322,10
7,92,0,78,11,35,187843,233179,0.9657550688618953,0.42994251551585455,0.11905739659349499,0.022998402684096253,15405,16354,5
7,93,0,94,42,32,398887,212596,0.9870070008000851,0.19426536763822017,0.07110712834773059,0.017590702022346656,49607,1781,7
7,94,0,93,50,31,414113,145933,1.0357069874076714,0.47999761234891475,0.053023636321097134,0.018208103038833388,39507,11667,4
7,95,0,74,43,32,287234,169928,0.5072756700781276,0.4835653163276824,0.09342917122386672,0.018452022683601934,45949,8693,11
7,96,0,67,45,49,306088,102769,0.9498426247522562,0.23516439673233464,0.11649439488136636,0.023957051225298204,27361,8047,8
7,97,0,65,42,39,211904,140453,1.919981133229207,0.4599269589025623,0.12521975489631926,0.020186890056169818,26877,7966,2
7,98,0,71,23,54,64223,105812,0.6608983939155199,0.229951250624296,0.055607332869617394,0.016325411861947782,29593,15514,6
7,99,0,68,75,46,272980,122662,0.9494094438176192,0.6227068333152339,0.1234366169620402,0.024175693817018767,28634,17680,8
7,100,0,83,32,40,278629,283965,0.515631863974555,0.19508799151584147,0.08555447503006708,0.016897398288653203,26057,9313,4
7,101,0,81,46,45,304303,179996,0.6010766612483522,0.25877449638628414,0.0851598730772386,0.024342151570705125,27856,9580,5
7,102,0,83,30,57,1000,111302,0.7286568025141491,0.23623305899098515,0.08101519041372399,0.02211885523543979,41751,17031,2
7,103,0,93,5,49,127464,220936,0.9004292749263836,0.5232884845874198,0.12013873626013875,0.020629743995985213,39692,19971,7
7,104,0,100,26,44,151691,214494,1.322764085491173,0.6160487386995236,0.07989888441375168,0.016501845077624613,18280,16990,14
7,105,0,76,18,46,308309,209645,0.7879029740976741,0.24191095309178262,0.10511169604260558,0.02472276400359397,37125,19864,6
7,106,0,91,56,22,358526,156339,0.43187203219940623,0.3113407322533378,0.13282202581921324,0.022055346181509915,16019,14082,14
7,107,0,69,30,78,183742,231136,0.5746560347903674,0.2247586605919062,0.11647160720730396,0.014994179368140598,44917,18892,2
7,108,0,92,32,47,272413,145109,1.3916023729785003,0.5517705642218222,0.0862519109535055,0.017396969273827577,20464,13335,2
7,109,0,90,24,49,242110,239682,0.7176327651005312,0.3254456336647872,0.083674552072849,0.029917841041818903,37944,16759,7
7,110,0,90,41,39,503200,244230,0.7180252896043542,0.3212080362153253,0.06746812423032282,0.02234702051994732,36370,9282,11
7,111,0,76,29,5,261519,196787,0.682971281384307,0.28344993183184086,0.1100627252934159,0.02026177934219069,26950,22112,2
7,112,0,64,54,36,257296,126784,1.0438086590000966,0.3027272886491515,0.14909511948521376,0.02905049026315775,26169,23571,13
7,113,0,54,44,41,218400,240124,1.108863942055267,0.32369087458171875,0.11976110794800172,0.015594391483401948,27697,15905,11
7,114,0,74,31,27,109902,170821,1.8352175460435693,0.4575098037468381,0.11459037978823045,0.02113021485772457,34888,23276,9
7,115,0,97,52,27,364648,213717,0.47368569770967595,0.20571326090818798,0.11021433662654173,0.02044654225268337,38437,17319,2
7,116,0,70,40,34,273356,234538,0.6220177915548412,0.25377474888373724,0.09375960958779593,0.025937438935277425,52120,14512,1
7,117,0,86,40,51,261162,159517,0.7632645054022968,0.39703279948718506,0.05711970761925824,0.016627278067803224,47389,12748,8
7,118,0,87,18,58,318236,307284,1.1005209775889255,0.2653178059725068,0.1807271708961372,0.026512065430886127,35796,24301,12
7,119,0,70,38,42,142217,197806,0.99083318864078,0.4955110175307079,0.08915215290864754,0.020366148247981698,32650,14246,14
7,120,0,94,44,31,477057,166462,1.033331745873009,0.5560028013619354,0.08486324834742877,0.020649965364834055,24623,14958,14
7,121,0,31,60,34,117939,249971,2.3196595281522683,0.7395040571235473,0.14487293721145728,0.022469836671960886,36500,19641,13
7,122,0,56,28,41,477634,277492,1.4748927866629213,0.3431569978293461,0.14698929668211633,0.02250756836565422,43747,16913,14
7,123,0,61,74,43,298507,96662,0.7275766255180948,0.4693133155445314,0.2052215129300724,0.02735156643898185,41530,13519,10
7,124,0,62,48,46,261369,130943,1.3383084355067785,0.5131009510841771,0.23972248070273403,0.026943333607953802,32840,19697,8
7,125,0,80,17,33,367114,161219,0.3140392284171455,0.4958358230906559,0.0751695631757232,0.01958253918338954,24016,7098,1
7,126,0,79,27,47,265361,305671,0.9332977440220956,0.7283296121592889,0.0457530504786161,0.0194032370084644,31393,14552,11
7,127,0,80,61,46,393180,176044,1.5005049568088888,0.3794596895944317,0.08427724234325451,0.02094443123463682,37266,15152,11
7,128,0,83,58,34,330790,276042,0.9610633151781018,0.49692579203243464,0.040485980347299964,0.020619266398396827,41875,14265,1
7,129,0,60,40,14,371275,211005,0.9597822073866559,0.3724525470706215,0.126642425644062,0.018586930493809252,32372,19154,6
7,130,0,56,42,26,404010,127484,0.6921742391795586,0.17704948094342318,0.12216846198981295,0.030776748293664887,39551,10826,14
7,131,0,80,22,63,282569,244031,1.2202557117677952,0.3736208762083736,0.08214409261674885,0.026205529131706765,40628,14408,0
7,132,0,65,59,14,396458,215847,0.4772871296427196,0.2872573425960022,0.07469823283031003,0.021258518692464878,27095,27544,2
7,133,0,51,25,59,351791,156886,1.899815331041124,0.7482647539904831,0.1111471686848457,0.02152882462668662,24240,18596,8
7,134,0,89,52,14,433396,166962,0.518587468678275,0.19220361330237473,0.0672034820131279,0.020233499579438503,46953,19953,7
7,135,0,95,60,28,263274,147519,0.6293925934582597,0.21066799571554437,0.15439125817179358,0.024111563546245468,37147,14451,11
7,136,0,98,40,34,436569,168763,0.38876188320235777,0.18061885551268886,0.07914358437059604,0.02021402245921739,35605,21917,10
7,137,0,77,54,66,222690,232922,0.6242148705883845,0.2575935167564633,0.07816535970990315,0.020880970127163705,24586,7092,9
7,138,0,84,67,40,99296,154815,1.2052589274086112,0.3327361532547028,0.05601272988837097,0.02427823885755515,9465,20624,9
7,139,0,95,44,36,163517,204219,1.3166443246481212,1.0401929689264378,0.1940961889035106,0.02989808816623368,34798,13781,12
7,140,0,65,37,25,266812,215692,0.7719379244269806,0.3929787822495001,0.0707232460446645,0.018491351803700463,34860,11613,1
7,141,0,91,38,47,326254,197273,0.6355024640317133,0.218897163538996,0.10862051415680717,0.031341165886414495,36865,11259,4
7,142,0,79,28,32,301594,119216,1.1701212495025053,0.2983158491612247,0.1960524979185894,0.028653056223164153,30014,14602,9
7,143,0,88,28,36,378670,237443,1.7797022023911238,0.6791440368451778,0.15272063499843602,0.027345143546733345,24389,19892,11
7,144,0,77,46,34,179939,141729,1.457779272161033,0.4039563522010338,0.04409949478299603,0.021783214791446574,32697,8882,13
7,145,0,94,37,50,472444,171247,0.8761736329779836,0.3665844528946088,0.08131919278676923,0.02476032366535659,42587,22484,11
7,146,0,78,44,51,434531,176992,1.6315636867073502,0.8967397142364001,0.6644690892162909,0.04731529317058377,35496,9972,12
7,147,0,52,17,26,393517,198407,0.6762463281329805,0.45777787438020406,0.20926273608659188,0.024304125054651227,16568,13235,2
7,148,0,96,38,30,426516,204811,0.8589085182883911,0.4960473576401825,0.13964824213970156,0.022646132697842613,28189,12217,12
7,149,0,60,55,29,144727,234292,2.515735533313756,0.47074314327391237,0.06823286992899129,0.01961645493545007,23520,15216,14
7,150,0,93,23,42,369893,184410,1.311810036643563,0.34318181352389016,0.14301742553764385,0.01955394687608597,45957,11743,8
7,151,0,73,40,53,374039,139161,1.2040413309456757,0.54960849560952,0.09892051398356676,0.022272073859499197,27832,12097,8
7,152,0,92,12,42,396739,254353,0.5478172039251973,0.18228014703678297,0.08680977403061545,0.01683913738124959,44975,8925,12
7,153,0,92,20,7,384689,179948,0.7346135960548573,0.33237453665361394,0.11364598469559524,0.021724292263270575,32227,15654,13
7,154,0,81,52,51,344453,190753,1.498339105663378,0.533639042164111,0.16177664645819695,0.019592639691201404,25898,8308,4
7,155,0,82,35,19,340448,149959,0.8358906263152852,0.35741586010169396,0.045164745005518515,0.01734170173917277,20404,13524,2
7,156,0,81,67,29,419233,156718,0.37334127068860407,0.2746508216114739,0.07468666604272856,0.01960919382407595,26473,10005,1
7,157,0,44,46,42,237664,272121,0.9841667063113462,0.5116241427239044,0.09112285932701525,0.01797818303452258,30127,9623,5
7,158,0,76,47,38,336688,131245,1.8465965198218741,0.424326840930368,0.0935127438994504,0.01918327968914232,18821,11259,11
7,159,0,58,23,53,244700,138637,1.246814092744726,0.4230336805853986,0.22450130690810904,0.027299279767430715,36400,10695,9
7,160,0,77,34,30,284790,176886,0.6317299387254195,0.25231394540436797,0.09617561830671517,0.019628801860582572,21520,17202,12
7,161,0,57,29,25,32766,215907,0.9495602157433591,0.41909645277053076,0.08543710901272086,0.019556214071432616,15419,12212,3
7,162,0,57,24,35,212943,151628,0.3538383368168207,0.16020996526080666,0.09799076012159859,0.02080695913389446,16796,21565,11
7,163,0,99,49,54,256367,121092,0.6267065917113899,0.32446514413955185,0.06315780778757359,0.02520568466550392,25197,11580,4
7,164,0,91,52,49,257685,138973,0.7149582540001203,0.22946187541586702,0.10191185243193633,0.024351959284355237,35479,14094,11
7,165,0,74,45,41,266651,179207,1.0384176478156313,0.2681862696764427,0.05904582101269473,0.020543951749210494,46400,12295,1
7,166,0,77,27,59,181499,149968,1.015662072167372,0.38689972180226284,0.04221327025468588,0.019329318008653024,27600,14385,7
7,167,0,71,44,57,266757,311166,0.6579057942117672,0.24242744433005786,0.06377447476872486,0.018135624603359365,33325,14870,11
7,168,0,83,11,51,408541,299110,0.775949099642524,0.28342334340521413,0.050731815070013994,0.01606495794095985,29294,14748,1
7,169,0,64,59,22,270144,258279,2.260350998905526,0.8839620231844176,0.14357632036111015,0.020876697785814316,8697,18183,5
7,170,0,89,20,51,429820,218821,0.6602762181778232,0.28740836860017777,0.08480576624540886,0.01745550556780436,33776,15289,1
7,171,0,71,23,36,423250,218918,1.000640620408938,0.23011500450558572,0.06171482270402349,0.018517649438234494,29782,16226,8
7,172,0,68,41,34,241295,266104,0.9502106106940887,0.4855668029698456,0.07265409290122285,0.019408870972622908,14233,20956,13
7,173,0,75,43,29,356937,206537,0.6907879184520287,0.3815132062357858,0.09841158507063948,0.022225092300633565,46900,13499,11
7,174,0,66,38,37,168695,158825,0.7172831115020719,0.3442144604008791,0.05532360838235263,0.018415602027063036,36000,21407,4
7,175,0,79,23,30,194609,306160,1.150022433079563,0.30036246625369317,0.07066185516692486,0.02313577677612843,13338,15818,6
7,176,0,66,57,42,311174,228761,0.7643708380547917,0.23141716456481662,0.05630396359330463,0.01685229671343488,35235,1572,6
7,177,0,82,14,37,350855,272652,1.609557470723917,0.6728629281022186,0.09525883369650358,0.014790802467219909,60262,15954,10
7,178,0,93,17,43,461336,290606,0.8796989868040792,0.2849433132766778,0.08358451494559295,0.021154546697546555,30065,22053,0
7,179,0,64,38,48,283710,111388,0.6339444525485358,0.25065589419495526,0.1183844925182133,0.02330237980266766,36905,17976,1
7,180,0,73,21,35,317555,156801,0.7123373497079372,0.32763221248491925,0.04703445304864848,0.02262573465478978,24318,14420,5
7,181,0,81,58,28,309781,189833,0.43893312250626326,0.22898653431090832,0.12955280388381143,0.016390663126819048,25509,12295,7
7,182,0,68,22,9,479355,225047,0.8219368172758816,0.1844650662121728,0.07273627027602339,0.021929222850186045,45640,23165,0
7,183,0,81,63,51,434230,245826,0.6762641354851847,0.2062474456849458,0.11885185545118933,0.020190204629211624,36357,15415,0
7,184,0,83,55,41,338467,196841,0.6255626260115618,0.16273956009602172,0.08658088314388389,0.019002889044178812,40697,9127,5
7,185,0,91,58,37,379387,264639,0.5762764992878716,0.4224116063923863,0.0790533712245808,0.023547810596839983,27649,15597,10
7,186,0,65,68,57,334969,230470,0.7496266417457748,0.19936324563231536,0.09601899604683035,0.01807498676818696,34522,10741,4
7,187,0,60,41,20,407477,229855,0.5997779136743651,0.22045638452032504,0.10293400748124058,0.020879208544275846,29234,3255,10
7,188,0,70,24,40,386178,186160,1.4700561047182727,0.39870642521827365,0.07403219037684278,0.01812203992918649,36144,15057,14
7,189,0,60,38,25,269793,215788,0.4676413924237897,0.20728560104834415,0.14380020013992298,0.023150477763888934,28865,15279,9
7,190,0,83,31,49,309944,215445,0.7785115734642564,0.429380366217845,0.07898943308141011,0.020665723818623513,47782,13276,4
7,191,0,57,29,6,316185,248139,0.8893200438443362,1.0004336757500418,0.12714787297222388,0.01649926724299746,27637,13306,12
7,192,0,100,42,52,315185,134137,1.3245432828299903,0.4609194585822467,0.09727309691945835,0.025105130511890585,34256,15682,5
7,193,0,94,35,51,249219,235107,0.9207888854798819,0.39512635168003907,0.03662604641106011,0.020678479868270542,11994,11615,0
7,194,0,75,28,26,333690,117680,0.9186489689563877,0.33432469356764494,0.09451454309868845,0.023368181891894768,41910,9395,14
7,195,0,88,36,40,249094,157334,0.6180115504487547,0.171792814793723,0.05580848796961052,0.02058872402322412,18257,8536,8
7,196,0,50,48,26,241478,230384,0.28444273034698836,0.09727880305552626,0.09640008638058285,0.022034162433463327,23537,13026,3
7,197,0,100,54,46,288125,158092,0.32202922054167216,0.4566883754743322,0.09917249517491748,0.027169054814971515,17619,16305,6
7,198,0,66,15,52,326943,201363,0.6313573109852433,0.15609620788598177,0.06126656350058094,0.01621193628675491,15751,3759,14
7,199,0,73,35,24,422567,153936,0.6269139018365317,0.3405869315511359,0.08873664209592776,0.01674163204307818,39720,17448,14
7,200,0,47,37,20,371005,229963,0.7484550529147442,0.3757406907304899,0.10026112626094633,0.026706311380266114,22096,13494,4
7,201,0,82,22,56,411012,202369,0.625955362738865,0.22591213226088339,0.049373332065165365,0.02033892554169702,15407,12033,2
7,202,0,58,38,69,477264,198762,0.46808244151778416,0.29471011492710675,0.14047618327813965,0.024474382984387952,14803,22350,10
7,203,0,76,42,47,241463,254985,1.9642365698658244,0.46157404100310706,0.05663851124512221,0.019163149602715653,41082,20806,13
7,204,0,66,47,48,371122,220841,0.5824925612978479,0.28611197855131043,0.12128210502461695,0.016339876465876563,26369,17667,8
7,205,0,58,41,35,375122,224686,1.3614600377905315,0.47801331754535603,0.08430890443463918,0.015764446212269335,29503,9823,11
7,206,0,62,26,42,325590,255444,0.40069810628657543,0.17903104496080313,0.05789500370356444,0.022868046767079566,39220,20992,12
7,207,0,78,70,45,389280,260587,1.6255480761313945,0.3029020852480286,0.07341386060395698,0.017870140660859592,35914,9839,8
7,208,0,55,52,37,308754,152492,0.6421491170896951,0.23318307371188676,0.1216090994767054,0.03036651223644792,31925,13471,12
7,209,0,63,48,60,367079,236847,0.6156776550945374,0.19758829872805173,0.07608987271225312,0.02188782568850866,42708,16197,0
7,210,0,84,55,42,158354,221670,0.4714892520681831,0.24477346584568477,0.08257855113710055,0.021465824311635646,17132,4487,6
7,211,0,100,43,44,300212,265598,0.8843889816723113,0.3139264455626859,0.09581919820165104,0.017032029793078624,26923,16228,13
7,212,0,82,59,37,370835,135657,1.406315156693057,0.33625299899833294,0.12487080545828434,0.02132694280686595,39073,10816,3
7,213,0,61,40,39,402841,165468,1.1342557610801505,0.7355979809158291,0.09999647287102514,0.02321110497831037,48449,12679,12
7,214,0,69,40,58,213917,190144,0.926177465445072,0.24723065971712002,0.20532866227865523,0.02066468509239582,49551,9060,0
7,215,0,75,49,42,291819,270135,2.0762759323584983,0.7267435414606407,0.08505102994619429,0.02245123137013534,18037,20317,13
7,216,0,69,63,42,193681,185654,0.6013856809573844,0.4518670839767915,0.08303740101561795,0.023376542276519523,30744,13248,6
7,217,0,88,62,42,261216,197925,1.0796504475079864,0.2100035198375969,0.07033640450129133,0.015556246556728468,34924,15019,11
7,218,0,78,48,34,331594,165798,1.2802043328133066,0.28113132699172916,0.07696878936683724,0.021106427723374198,28364,23124,1
7,219,0,88,47,18,403548,239204,1.2045504172368025,0.40806914619115325,0.12162056057797568,0.026894492698694893,36950,19780,10
7,220,0,70,50,63,390376,233818,0.8879750617024987,0.7372392823010501,0.10467443989174743,0.03024067179524313,52595,15267,11
7,221,0,94,54,56,322276,172811,2.3530881971418878,0.46344454055267087,0.10477945435365307,0.01784951845399382,21000,11398,3
7,222,0,72,59,58,234910,147756,1.2152446219471957,0.7245428984365899,0.118758395493727,0.021956807645328164,17453,11357,4
7,223,0,60,36,23,286065,238607,0.7732961737508856,0.48075587949622717,0.11858406195174415,0.024551419796488436,36369,17177,5
7,224,0,100,59,61,553719,225439,0.34766617662083127,0.4567141288314795,0.12509429831792032,0.021094571482190454,25354,10335,4
7,225,0,47,45,69,160142,166815,0.4361315789101712,0.3921125897243519,0.17248839417674708,0.022068201820415734,36760,5577,1
7,226,0,63,49,55,179225,234712,0.8722881511289893,0.21208004520206505,0.10055849562678647,0.024462865033299835,31942,11100,10
7,227,0,65,60,64,317515,231968,0.3163558803598336,0.16897921194986126,0.06818764097617015,0.01988724333333239,28137,17016,2
7,228,0,100,51,51,370679,261499,0.8497400507123429,0.44338463826676505,0.05498139836419955,0.02324475714265908,23094,11878,11
7,229,0,100,53,27,386355,242342,0.422814216905963,0.1666640798239646,0.0657190421276498,0.018605197962565545,30963,20155,2
7,230,0,97,34,47,328814,183055,1.2321545610883866,0.37404987722282323,0.0746600804199762,0.020093647487346204,26089,11735,9
7,231,0,70,62,24,148050,161907,0.38540300273864675,0.1615591806843096,0.05927464691736113,0.017663994868693945,41163,14046,13
7,232,0,100,50,31,278040,300760,0.8633898589116795,0.28833313391670423,0.16098847925213944,0.018731713176768673,31045,11155,5
7,233,0,80,41,44,123425,174306,0.48002228635150185,0.20957713254912913,0.06835787372214797,0.01998996446875264,17254,14297,8
7,234,0,89,56,42,339494,108277,0.7431637891920868,0.19340308817587962,0.05908018525306173,0.01752969779198453,43995,9361,6
7,235,0,77,78,46,345579,139597,1.2197499428438032,0.23196452549325064,0.0898471875941857,0.019672567990057673,28624,21488,0
7,236,0,74,22,13,287371,98632,0.5326326257375633,0.2746176325874077,0.07079995117327055,0.02080033075190528,50852,19873,12
7,237,0,71,27,37,181701,261064,0.9551037637824602,0.5388137583565995,0.062120303205351446,0.015617034625677737,27301,8308,8
7,238,0,71,80,48,218105,291074,0.7283115186715643,0.5364491483975753,0.09018462149225653,0.020695270371716153,22012,20176,1
7,239,0,84,46,51,137680,212492,1.026750050157196,0.21534297540893255,0.047450791680512375,0.020166530018474172,27011,22017,11
7,240,0,80,42,52,294857,119815,1.3919045277970774,0.45219888512500284,0.0911704656639138,0.021087534130931368,28990,17884,4
7,241,0,74,38,43,616823,260085,1.0583019242962342,0.4399333259174305,0.08376232528929323,0.026794914303647978,27430,21022,5
7,242,0,97,58,34,289791,223287,0.538632264320699,0.1992563776581077,0.11673814463472086,0.021876752623175236,23673,15477,1
7,243,0,30,79,47,257987,261549,1.2267106863171087,0.19767014440634453,0.1276373734727629,0.0221166039435515,25443,18210,8
7,244,0,82,30,35,321690,229499,0.6990404837474213,0.43734980467178064,0.1474279448914198,0.017435183347539473,46502,17438,1
7,245,0,85,38,53,184955,130761,0.8985912068172416,0.41031532705005336,0.059840482473406176,0.01580641751657072,27481,10361,4
7,246,0,92,34,46,188410,233073,0.7286776522736224,0.18252069657554715,0.09517163579966782,0.02126036656851382,51457,19323,11
7,247,0,74,50,39,238107,122249,0.9789497086050504,0.4248517456511173,0.08194687047278942,0.019969977521843922,40446,16827,14
7,248,0,78,58,28,388502,161411,1.0646580083973003,0.214444912574032,0.11176164525667313,0.017751681520490864,29369,9700,11
7,249,0,89,64,56,333357,251655,1.2384809158541066,0.332242449236078,0.1406512984595285,0.020365818962424714,36581,6853,3
7,250,0,97,51,48,284066,249194,1.3500923560163547,0.3612730553989833,0.07833075865918594,0.017307568376091487,24698,16338,14
7,251,0,70,77,71,374886,152806,1.315493691783615,0.42011867002650816,0.08004578370013012,0.017596209952760074,40663,14270,2
7,252,0,79,31,47,470861,143014,1.0168363259912585,0.40402830645747795,0.05303888213610215,0.023902969308007515,43295,8752,1
7,253,0,100,27,49,373617,201320,0.5454224448376119,0.31335531615425716,0.04822510224768301,0.024794979771172485,35965,21086,9
7,254,0,43,62,18,198206,300159,1.3647311769024155,0.39725473172218895,0.06011270026536125,0.0194669222111741,24942,17303,10
7,255,0,64,41,44,111664,228042,0.7008322014040343,0.14224451786024234,0.11007473818610676,0.03206628054744128,35951,17310,14
7,256,0,96,19,35,125562,317635,0.5324045062852316,0.2115367607146868,0.07972151815158589,0.019780299218452202,23042,15759,4
7,257,0,91,35,52,386902,191772,2.0453337094451087,0.6377028025338453,0.09532746928808149,0.019318835618528984,16145,8860,4
7,258,0,82,43,45,224220,244164,2.470681758449402,0.8726865058142292,0.25241182419946917,0.038240045889851484,32608,9649,0
7,259,0,68,30,54,381837,184202,0.8352731418943423,0.7312375427458674,0.1791837797066274,0.03262793531194048,13700,21121,12
7,260,0,61,24,71,254521,159994,5.92399960576359,2.348337392385367,0.46706599647172,0.04726768249673979,25847,16113,14
7,261,0,66,36,28,338805,152422,15.981783788306403,7.104787165391267,1.5891513850193553,0.4419333851663707,33679,9730,13
7,262,0,98,24,54,370107,217676,698.6619274539221,235.1141172023709,17.732332702733295,2.5118304842069086,45640,14536,4
7,263,0,65,49,50,221716,264739,95.35408150301518,38.82776566842778,8.748704607241326,1.9554470480893604,23607,17459,6
7,264,0,76,10,69,382277,183668,597.3088627085286,163.39784898139024,64.72564425142204,9.95691821390945,19876,12364,3
7,265,0,63,41,50,234026,271067,121.63244801071308,43.388226259040415,24.149951351507372,4.722547549824614,37890,16033,13
7,266,0,87,47,49,229799,291539,4.206187395645989,1.108917123137718,0.8105681484419802,0.10460812645379931,32174,20165,5
7,267,0,66,38,52,382109,243384,1.5328737194194597,0.650941343210479,0.30467301485163056,0.05450716696894863,30747,23727,1
7,268,0,73,56,53,363209,216340,57.88969847524274,18.949099042198682,4.00944182560807,1.7332776488119357,15124,5995,3
7,269,0,49,19,61,346000,166478,44.73851354028197,68.82879049724008,14.458868175999816,6.055605722008443,40864,19536,9
7,270,0,50,29,27,189722,265141,205.91686953608829,71.2430513305551,28.938462168091785,11.210098141724277,8900,17489,1
7,271,0,75,35,34,261592,142956,260.7606757286685,66.46495787126625,16.11049539165478,3.7191688048679783,31951,16629,9
7,272,0,55,50,66,368903,230363,234.21954569515742,63.50654734478002,29.10641566637497,7.411805593897909,42260,10606,0
7,273,0,100,43,10,528372,135545,281.94734539655366,108.45457709328716,25.92952587377126,6.451226323744302,31142,17181,14
7,274,0,44,72,38,481116,147129,104.59207339247698,173.19826292377937,50.170428981842605,3.925868101010025,27534,12399,11
7,275,0,62,27,42,253207,196931,4.38440521760335,1.1240109365445543,0.6710239370447619,0.1751983514616094,19628,17154,2
7,276,0,75,19,37,234088,235199,4.459049600137464,0.991137924657331,0.1394695147984481,0.024668679662861723,24283,17270,13
7,277,0,69,66,63,472993,250240,1.3174205032892221,0.5973472785047319,0.14180876590248193,0.027291509695291198,51930,21316,6
7,278,0,58,18,47,360069,200201,1.1548883670683985,0.6478570722305944,0.17026447561225752,0.030028628973662423,24520,19040,10
7,279,0,60,50,34,253218,179123,1.3901614163125882,0.7479224193386081,0.1449314207765828,0.023404576107989315,34556,5455,8
7,280,0,60,25,30,312668,160495,1.2947340817081272,0.4612993091838826,0.3325225713618201,0.04634882163467186,21663,15238,3
7,281,0,70,8,44,175064,235000,6.323099658498519,2.073310261272591,0.7833717313056064,0.24791635223200942,26974,21592,7
7,282,0,100,34,57,400898,233071,8.527268510661486,3.623509588525515,2.2355075260771606,0.36995082664896,13711,7613,0
7,283,0,76,53,42,439984,208875,22.634318529693754,6.093653855687671,1.6590127600953422,0.3936529089805648,29503,14397,8
7,284,0,92,21,37,454007,215083,25.005043326909313,10.497719205731888,3.6956263781403944,0.547435451815819,26381,16668,5
7,285,0,82,48,29,412581,280081,47.704256781350914,17.268993501179615,6.726734846473273,1.018119806263497,43499,3698,3
7,286,0,91,51,45,267960,250832,89.54237556570853,65.96315701692082,18.204254001366696,5.79640526248174,21549,16719,13
7,287,0,33,20,44,389414,129236,189.8356013158134,44.355351319815256,25.799050117797382,2.9486827402854368,25714,11878,13
7,288,0,70,36,29,446073,244378,126.6728819475058,42.788068849274815,32.23489235248237,3.9089163227121912,39045,15834,14
7,289,0,94,63,55,394509,269063,74.5451567783103,43.94360958626961,21.965138737229978,3.5265819461216967,29665,16135,12
7,290,0,66,49,65,385326,159019,23.630845699193173,9.52002761414394,3.060059801241798,1.378854791989123,28363,13725,10
7,291,0,100,36,40,319124,247415,89.75498654732644,38.77757818695588,23.317832432224034,3.3882437937259215,28267,14964,2
7,292,0,97,46,44,209413,350287,967.1387361148539,162.11276559809357,15.666557743460901,6.2648113878818945,20097,9765,9
7,293,0,67,29,23,485532,224119,598.6229184849645,106.60263764778972,60.22801106771286,15.253256368407227,25667,14390,9
7,294,0,67,56,51,296334,188214,560.7148338144858,293.5771157775976,120.62283139272697,12.089269636677933,30800,12126,2
7,295,0,59,56,46,421420,194960,128.30705200745243,137.3992421890268,34.14494729913926,11.841240946191705,18376,16864,7
7,296,0,65,41,35,547800,206558,123.93145780420933,90.8207809852845,12.055532092139941,3.1265088300449673,19370,15183,13
7,297,0,56,43,28,390842,121141,313.97713463291973,62.84487498948862,43.47046989306839,6.253178538393476,42158,9690,11
7,298,0,81,25,67,417490,118828,209.7861526552487,136.6178516926706,52.83816674244452,12.87488992829277,35007,11052,7
7,299,0,53,19,45,206438,213523,243.79843240783168,44.06530757967748,14.906189855487758,2.2821191464347006,33019,11045,8
7,0,1,20,65,71,1051838,597062,6.916553224689059,5.3735432614712115,1.2252538326241937,0.6002102588340101,11326,5618,0
7,1,1,16,75,58,1165554,627242,16.97151206423242,5.2403293921385705,1.8299681896345854,0.7925973585222458,12999,3454,0
7,2,1,14,78,72,777932,426611,29.850669672595807,9.884707602172805,8.151944827336832,1.5943229800503942,12223,6552,3
7,3,1,34,60,57,687272,577400,326.34039867911736,67.11373156985842,18.185141709984034,1.7773330330044501,14893,7658,6
7,4,1,27,58,44,1237413,533161,109.53325999873532,125.03826541733027,39.565074873407376,6.308413250463998,10579,4903,3
7,5,1,33,60,119,1024216,489046,37.85465694743284,12.75661174968545,4.549635772548737,1.0357304664311084,4762,7869,11
7,6,1,36,48,80,802498,558056,43.346132946294496,45.37406913919548,9.586525623092815,2.039836754042662,3224,6736,11
7,7,1,32,46,131,929992,449793,34.87593638095656,21.767694814872552,13.916476104949979,3.309825509701357,13791,5278,13
7,8,1,36,74,63,591004,389865,18.974582308722233,6.073128150765031,2.415338762596881,0.8216555742011705,15029,1793,11
7,9,1,29,84,71,1021883,540584,156.16380491670927,40.544689435911565,10.499026270983444,2.7850479408557955,19856,5769,11
7,10,1,18,83,64,439993,526812,10.409508941347891,7.474248793343928,2.185597129189191,0.6919476661970958,22117,3342,9
7,11,1,40,34,67,1014128,245313,61.23795341471482,24.161865125449356,7.051517041286183,1.0916660214356086,14861,1000,6
7,12,1,24,66,97,655657,381884,392.31259674248054,73.74506986364254,37.85415549623467,8.395732330273207,11832,2800,3
7,13,1,20,53,91,469224,432779,75.63002354095671,29.199570042450112,21.765411731054435,3.9547524440876614,7897,7696,10
7,14,1,28,72,97,399725,552492,147.19797095949957,21.27428657977641,6.860228844105689,3.614515337948595,5631,5258,9
7,15,1,20,63,106,704769,347740,1.1586553327021032,0.7437230505445421,0.5124054906958406,0.16408384369422452,10334,7454,6
7,16,1,25,78,102,942222,468037,0.6593341916928165,0.19756544005620746,0.03665098292718109,0.011159563525111327,9475,8149,9
7,17,1,33,69,59,522021,693766,0.3847139726671849,0.09005212100788687,0.06923225419479317,0.012668112740145978,19525,5554,5
7,18,1,33,41,69,552885,506679,0.5746845090454399,0.14561898594597716,0.030089640636247937,0.011981048403480214,12930,3845,1
7,19,1,21,55,82,701155,512909,0.23702623013071386,0.22848152003611732,0.033633893389876914,0.010882818357225245,8850,2890,11
7,20,1,25,70,154,961510,493899,0.608826320125258,0.22962618859266892,0.09267580097574785,0.015033878776139877,5591,4873,8
7,21,1,40,71,95,986505,598205,0.32819528953671645,0.2270364011522796,0.06432071757183223,0.012656825018003522,12670,3215,7
7,22,1,34,48,82,827974,504173,0.2176015771398998,0.1140613844510629,0.06024220114190894,0.013262485185302151,10690,2733,7
7,23,1,50,46,93,996673,478010,0.9288859820111764,0.4329084733350994,0.08520279543469317,0.0111602274313746,7742,3708,12
7,24,1,41,70,67,937522,515219,48.427985564175856,12.986776762979966,2.9910733428805525,1.1535729693860581,6567,4464,3
7,25,1,41,48,85,716602,632575,9.396611098768414,5.163134665355779,1.6866153468844485,1.131635337525985,12745,4519,14
7,26,1,16,44,99,981902,540206,18.801681124478726,14.45883888099571,6.298417045960535,1.2249906564978916,7964,4821,4
7,27,1,37,63,79,543164,505747,23.212639532187527,11.769687619327737,3.4376459539748088,0.5436334295943681,8382,5850,14
7,28,1,29,62,64,897297,617759,0.47317042522993114,0.2703774694700666,0.026233796137592216,0.01254227045806866,7576,4638,2
7,29,1,24,56,78,566797,447782,0.3411957975092497,0.20994272879633571,0.04663015767160949,0.011863616535317706,24171,6507,11
7,30,1,31,59,73,828560,179794,0.5252770092703637,0.18179427997832767,0.07249610523384858,0.011613879360677228,10789,6427,13
7,31,1,39,70,52,1043713,544773,0.33282324995176477,0.13295293179617007,0.04112821605783616,0.010769903581902095,5883,6998,11
7,32,1,35,59,68,842639,543608,0.37388915773086073,0.08558896165685707,0.02382965470538413,0.009537581683920025,1000,4765,4
7,33,1,21,71,52,797484,437777,0.5968591094349193,0.13552508894795012,0.07010226241077365,0.011285231684020992,1796,2520,2
7,34,1,37,64,55,845206,473104,0.5460716674380754,0.2202833847182252,0.046309462108104354,0.011625558578238616,8535,4518,6
7,35,1,23,72,57,932661,625795,2.086436412986965,1.0180849862300323,0.22293773036836514,0.0794635523572105,18475,3063,9
7,36,1,32,83,99,1226800,545393,0.3077699688097615,0.1620326759715224,0.08615179662152467,0.012342634190221467,21434,6593,1
7,37,1,26,82,109,930488,647466,2.5647894665466824,3.4487061943113173,0.8540126871826687,0.5904048042316357,8808,2044,10
7,38,1,27,89,49,699497,526855,3.3845997495629687,1.9996618838687126,0.7352458178247429,0.5032772791613135,11820,5681,1
7,39,1,37,82,111,758269,484633,7.307510488930342,1.6128703812086012,0.8579073981295913,0.49518368031734583,9173,5403,12
7,40,1,19,73,57,619774,570779,1.4437646080969735,0.432141796479405,0.13311883759580542,0.053237724614109694,12276,6466,4
7,41,1,49,63,94,552152,536812,1.0131261811976788,0.5174545990930101,0.20898393563352946,0.1751466822736229,8797,5545,2
7,42,1,11,64,85,313504,543876,1.6945515334873575,0.8384275070277124,0.42917140914498964,0.16587509760548397,7213,4906,5
7,43,1,24,56,92,707679,476970,0.7652320264980976,0.19760270951807715,0.04397941515233263,0.011584923461187975,6716,2813,9
7,44,1,33,70,56,519112,442802,1.1165661412069179,0.5673033343302898,0.18629975345436992,0.06457336623689867,13550,8412,6
7,45,1,35,80,43,819410,446564,0.46693679429654267,0.15710247022482315,0.034490373916392245,0.01210082556247763,16513,4896,1
7,46,1,28,59,63,698105,551993,0.20828200221932502,0.1923262195407219,0.06542748229810773,0.011804557260877984,7753,4296,11
7,47,1,29,69,88,582895,564948,5.349645821216866,1.396655773338061,0.5492831245706543,0.14254813711243436,13637,5230,9
7,48,1,34,59,119,379298,237136,90.29939651356987,42.90727057491901,21.423017818464142,5.439829754533132,10783,7257,0
7,49,1,27,73,59,730132,426720,44.52798719681059,12.971534540266163,6.041676229028568,2.1905505220309966,8087,4497,3
7,50,1,43,61,78,449523,340943,7.989796822810121,3.2304637868760144,5.981706770318642,1.4803060677730604,13390,7301,5
7,51,1,38,58,65,941232,450169,35.87558164030425,17.316762196833633,3.6428818738304454,0.859463782911501,16739,5410,0
7,52,1,38,59,79,850979,439670,47.41633460660532,18.489092238196722,2.3392935541161526,1.0343701256722284,5879,6469,5
7,53,1,20,77,41,754640,514812,21.81659247463232,8.465270499399693,8.944171856058155,1.1566966843425635,8386,5514,8
7,54,1,29,68,109,1090149,518592,6.732864292858799,4.610023132426157,1.801923445778771,0.7811564289992352,17333,6346,0
7,55,1,26,63,80,801965,713037,75.52849336510366,28.55907247687002,12.346581684465848,2.4525260484596916,9787,6754,7
7,56,1,19,73,98,877216,537287,34.62847785017166,8.95284088500514,1.4887493848320734,1.331592689728826,6026,5865,5
7,57,1,33,63,75,937492,563852,287.7324374921277,136.83352108241309,19.195394015491452,6.103814761779547,10849,8190,10
7,58,1,24,86,83,696623,357809,259.72971997904307,71.92903097625192,16.404229186546146,5.389727207504649,10043,4767,9
7,59,1,36,55,102,697741,466520,49.55399422017547,18.1157475088856,7.048731771523632,1.6250020074641556,15278,7367,3
7,60,1,19,67,82,808289,391668,147.80132164948236,50.98194808286656,15.962201486097854,6.14659589510574,9781,3756,4
7,61,1,47,48,83,530694,559855,204.7247717835903,57.29352970563078,22.046431614153647,5.518529271430184,9949,5811,2
7,62,1,21,64,64,1157062,505213,218.75376272610816,154.91176244775775,42.620272840830616,16.125886586605542,9740,3343,6
7,63,1,32,44,69,832155,465844,314.8617377718773,62.97617783996391,22.999173785265583,21.225459394634832,10837,3374,7
7,64,1,37,81,59,759811,595644,282.5430242923573,194.29903621668174,49.72674099475123,18.27250323469126,17582,7629,13
7,65,1,24,81,65,1217105,473070,194.2766796983276,46.515846897220534,31.574362503903565,7.28765590668601,13624,9176,3
7,66,1,38,81,105,579701,633396,200.5620751248098,83.54263698128011,9.79649974196904,2.0262658388562773,4787,4677,13
7,67,1,17,70,116,1107230,632064,14.196664188414118,10.619942179081836,2.3838466544307213,0.6567892960681395,11407,2987,0
7,68,1,44,56,55,962658,436434,0.6056424510353848,0.20736252155027465,0.04518569045902253,0.01286909453456385,11728,4977,14
7,69,1,30,57,87,1023405,611348,0.5896372558510729,0.13433904149787035,0.030146309882257902,0.009396926608499624,11883,3458,2
7,70,1,24,92,73,764890,511268,0.35398591850841427,0.15784028800479596,0.020435857893254424,0.01267788042438097,2600,7595,13
7,71,1,27,91,107,811173,460595,0.33091967844546183,0.25429495081323483,0.07694206734439461,0.01180341639777358,10731,6205,3
7,72,1,38,71,82,731341,539481,0.22390293082468785,0.20035179977131942,0.04666738962324915,0.013766462501449847,7160,6164,5
7,73,1,24,62,79,999268,341294,1.3254434803128057,1.2970533092125038,0.4277994079141872,0.057634216672601,2513,4771,9
7,74,1,22,90,65,878347,446208,32.59291551618746,17.902109447233716,4.8244368284026535,2.615678059763261,16046,3563,1
7,75,1,27,59,49,688302,541778,484.78004203276663,104.90251397951562,30.227734461354927,17.003099839559564,8588,7112,10
7,76,1,18,73,95,697488,470567,285.9154717847348,138.05420882770866,40.683951685837464,12.667889684112847,8663,4780,9
7,77,1,48,90,87,797037,607813,70.78498492284648,90.21539047584103,32.917255024553924,14.231461169925007,14410,2927,14
7,78,1,24,57,87,733543,460193,139.34757064107907,44.537569471530816,14.455035719243716,5.173847628250149,15120,8103,1
7,79,1,38,82,68,1088354,512147,71.51843818795133,20.332798772341917,8.082980676652312,2.7107440187776453,8755,9942,8
7,80,1,32,77,77,961643,487969,10.962384991591401,11.281466464225174,3.478356499416285,0.7008915170403324,10146,5314,10
7,81,1,20,69,95,961222,347205,4.586921780588369,1.9442278868811174,0.5980020244217268,0.23527513264345354,4949,5712,7
7,82,1,29,55,99,846783,539238,5.238583810061033,1.1831315419719157,0.7741010424449498,0.2506129703617494,5288,8624,4
7,83,1,37,59,56,634698,531716,96.19647661245584,32.92749984939101,25.45278437957857,4.985711214673671,16489,4404,2
7,84,1,28,74,67,939221,306728,89.26835974534454,50.40558011904013,15.286373257260768,6.667236713210948,10227,7250,8
7,85,1,41,48,52,380363,253023,250.25118857725593,68.98347571672981,13.254965724538282,4.216356291496712,14849,3855,14
7,86,1,40,71,84,834811,454650,353.1512679217386,68.60634365964243,38.408813509272974,14.701235166888432,9173,5961,7
7,87,1,39,78,97,637576,623059,335.985666251284,100.05847354669795,59.12397764671129,12.147878150886301,12100,3070,2
7,88,1,25,84,74,622176,771833,300.278040842963,147.26726711112195,28.637137566133315,10.00134778446648,1281,4488,11
7,89,1,19,49,66,707333,317913,344.30039814568926,108.18183361012042,50.42995200169162,7.9633558172203704,14303,1683,2
7,90,1,23,89,73,783212,662560,44.37487009487773,31.630778165500598,18.160904287806737,7.478561704628357,9855,5982,2
7,91,1,31,95,126,795316,616153,207.27242603829035,106.3728667217198,8.663361265840315,4.689605760031271,7650,5799,0
7,92,1,35,76,103,958047,441665,60.8891655464356,37.86155660593116,7.915274134085368,2.1889437330511736,13142,2958,2
7,93,1,8,54,94,765223,688318,291.65223429096187,100.57166707500923,51.81287086943129,8.814923121028094,14968,9390,11
7,94,1,29,65,86,779653,546654,619.9929670490639,184.61176232740803,29.01840516997023,13.603947285937132,7971,5152,13
7,95,1,31,69,79,520877,477253,385.4451727492865,72.93340463791752,24.736680467138196,11.91161419839125,4019,4718,10
7,96,1,27,74,61,546922,321955,39.0543513612415,23.195260753735152,7.1108601014538335,1.7914526790749883,18327,3044,14
7,97,1,42,70,58,857413,510208,1.3335128324382,0.6400788712078429,0.24479205551336644,0.12551909158741964,8921,6562,13
7,98,1,34,74,68,926133,504140,0.313429006907877,0.22740708976632026,0.075824464125474,0.014917974637271555,1000,3205,9
7,99,1,43,68,60,747905,723880,0.6571650708143683,0.14063208060375634,0.08944652360859916,0.01718008718635347,7890,6529,7
7,100,1,27,73,67,986591,405413,0.9400984553644863,0.31762716956008036,0.046313541050613506,0.014470016560053343,12248,3248,3
7,101,1,39,63,77,518421,411390,0.552031552073724,0.17953387611243055,0.08042841115478491,0.01844669536165323,9590,5869,2
7,102,1,46,64,79,879707,448933,0.2962636406646746,0.3183170724285769,0.10062424645942544,0.015124069783454019,9354,4612,12
7,103,1,43,61,67,629644,765620,0.5421687644513848,0.17986582920392713,0.04041151754444155,0.013130595200294604,8240,6568,5
7,104,1,19,98,89,613849,384950,0.45041810203461946,0.17310491772636186,0.05260307024564867,0.00950006715122284,7895,2398,10
7,105,1,27,91,76,647016,630810,0.3912719405783184,0.1510352259777744,0.06593774531409659,0.010715979884861714,3610,5913,7
7,106,1,26,78,84,783846,344221,0.9369357017645727,0.25616426028978523,0.01934432680009038,0.011247463807379393,3511,3038,6
7,107,1,34,89,65,887779,543165,0.5215114534041246,0.28332665189768286,0.043283921230137745,0.014928746592801944,11819,3706,6
7,108,1,36,81,93,872595,509821,0.3351458213598675,0.1386776228058725,0.09297531344083133,0.012074391904026049,16152,6159,9
7,109,1,21,72,69,741903,430026,0.5689406866337348,0.13023090467215426,0.0434110603575158,0.011205993803646503,8620,5093,1
7,110,1,30,47,112,926453,571784,0.326476955413111,0.17810799094059107,0.08353697221809743,0.012917636429742481,16929,5746,1
7,111,1,9,66,75,1137348,419956,0.4512111544549554,0.19621421626625452,0.08421819837066734,0.011763879450709242,15494,6503,14
7,112,1,44,64,78,776117,338483,0.8371897402559471,0.23201662678509252,0.045821649165053754,0.01284417970002929,9340,5331,11
7,113,1,24,53,91,818959,468837,0.6947934282500114,0.27458556647725413,0.03286010602803568,0.011758128185008054,13189,4725,12
7,114,1,30,47,96,677654,408269,0.5417228189900375,0.12029266372680514,0.07275131085191014,0.015257775451245095,12446,2998,3
7,115,1,26,77,98,721608,525923,0.6450409408017986,0.29565159730502727,0.03242199439075036,0.010999125257038828,7475,9392,2
7,116,1,41,74,115,1049669,471389,0.5580946160067053,0.2518828334441016,0.05575627225163576,0.01282641056043738,1000,6094,12
7,117,1,1,52,93,1051731,656402,0.28700223271953945,0.2016948477644741,0.0668944838390919,0.014128500321891986,10693,5001,8
7,118,1,29,58,78,759786,468081,0.2871248992135015,0.27229943798241396,0.06280750918161228,0.012932000424841602,13507,4359,13
7,119,1,28,87,69,898050,527574,0.4564449498649727,0.30468329477395273,0.052433209807912655,0.012207749325527713,7232,5414,13
7,120,1,25,56,77,984091,383781,0.48210164300555797,0.22560931485078875,0.08252098860680383,0.012793228271851342,20035,4989,14
7,121,1,47,72,109,710696,457337,0.28386016863157876,0.09887868097054572,0.04690501750057491,0.01622589341236901,15162,6057,10
7,122,1,21,67,52,538818,408836,0.27461687955958075,0.22583274774633488,0.04340528255586768,0.01391192328290816,2637,3852,5
7,123,1,37,77,63,937861,618478,0.5472401475321893,0.7027972844073694,0.08836347404724254,0.013853911302610473,9026,8359,11
7,124,1,33,57,75,979277,424242,0.43192528464660057,0.21159401418704557,0.07602739675799806,0.012198518981163298,5800,6379,6
7,125,1,42,71,63,949855,434959,1.0528923210584478,0.3669621561644897,0.10309047916499575,0.013114262304626407,8163,1385,8
7,126,1,23,72,71,725170,529883,0.18753264311068,0.11832968414694262,0.11738823614921641,0.025721925329095615,13271,5575,14
7,127,1,22,73,116,1104622,428629,0.7488178940967841,0.35965495159537836,0.05576752480462196,0.01152278658209588,8741,6610,10
7,128,1,40,71,74,856852,640965,0.549319541329823,0.12785298151178726,0.030205904435276425,0.012202582118732722,7148,2360,2
7,129,1,34,75,88,570482,695773,0.3264981517706687,0.2325950001854987,0.06987338761765718,0.014574006216473492,10470,7202,4
7,130,1,14,100,46,480782,410256,0.397884315626866,0.1338253837391508,0.0621926950001972,0.017696831421290013,13798,6260,3
7,131,1,24,100,57,740561,584563,0.5141487463942609,0.15201991637343487,0.07443098071605271,0.01340021502726249,13749,2382,9
7,132,1,33,60,98,844962,415500,28.657267645746273,9.177573524772622,6.50378732067815,0.5328399695323005,13076,4654,13
7,133,1,38,35,113,742410,464342,3.9940334347439803,1.5679794454301772,0.3688398037221506,0.19369088693551,16851,2714,5
7,134,1,23,78,84,1198712,569017,0.30605009104056574,0.10039411452537306,0.06146616755978104,0.01516559767407329,9547,6673,7
7,135,1,1,72,73,880796,513983,0.3366616940261461,0.19364083655745587,0.06072010781970126,0.012669198815870726,8193,2964,0
7,136,1,35,85,89,605370,516634,0.961435282300718,0.3979629061478552,0.09169967905203277,0.01580792322978016,9222,3131,3
7,137,1,17,74,28,345931,609830,0.2752921346117595,0.13893520340975188,0.058664547225146024,0.014183194825600935,5953,5164,9
7,138,1,9,70,84,847002,609136,0.8640095849529636,0.3674600826851392,0.04170800812523772,0.013839879365261574,5836,9141,7
7,139,1,1,86,59,997790,505110,0.4239878028124328,0.3608490632474835,0.09086698720268466,0.015715535591815533,13694,7442,5
7,140,1,38,89,95,1172753,436554,0.6202155267287079,0.22826961174272345,0.046221690601202285,0.010272323763482867,14153,3021,5
7,141,1,31,49,36,759517,500092,2.5551124148759503,2.048527372722014,0.22121828409292457,0.057994169123209635,1000,2550,8
7,142,1,27,57,67,1144399,399124,67.4046882903308,12.314769266733876,11.422059129620402,1.648048810521048,14701,3817,10
7,143,1,43,68,79,528214,578604,7.819770470654084,4.995694357843308,1.015691710539123,0.5478955123195022,7943,2195,0
7,144,1,36,71,64,731218,481175,1.0359150815821845,0.3559413137554475,0.09674376536487996,0.012373781671023192,6838,6574,3
7,145,1,46,66,72,597120,389444,33.007210695058774,12.251719376635888,9.342659222011767,2.142587003583802,8365,6317,4
7,146,1,16,76,98,958420,634095,203.68041801666604,45.165674418387425,9.615059756190647,3.907610960385194,3689,6827,12
7,147,1,29,84,79,539784,498604,1.0484198522261474,0.260173184880836,0.0447091890901483,0.010231021571559038,9159,5097,0
7,148,1,13,95,61,880349,425197,0.9532948125511349,0.282151208138102,0.07693676214341025,0.01829611800133669,19574,5240,4
7,149,1,27,78,98,551634,614297,0.4958655911963275,0.1927511514735808,0.05262652318266403,0.013222146455494755,2261,2868,3
7,150,1,27,57,85,1151556,625749,0.4386091442143551,0.3469550089337977,0.08716170720270609,0.015491818697272073,13091,5549,1
7,151,1,36,67,85,725148,311302,0.5024858248995542,0.10017919403658541,0.058615498788670485,0.021968672106431646,14873,7528,4
7,152,1,30,68,62,875593,610737,1.884381969690557,2.033119927755363,1.4388854651294853,0.13006545556910154,12909,4139,3
7,153,1,36,77,29,442245,515775,98.86212154777508,37.111555018525294,19.235032440214443,3.033125057702858,17668,5813,14
7,154,1,37,75,61,501039,597140,155.55641873753146,77.27986028212094,23.982308327577886,4.129360834739531,14908,5135,0
7,155,1,51,100,59,645320,493204,249.92420702346638,107.889257123451,16.89758942545272,2.644386319474003,13354,3933,8
7,156,1,26,63,67,970103,537923,490.2397263248684,138.6629115306428,25.371131538028585,4.442187888246831,15190,6029,14
7,157,1,20,75,63,931818,469575,61.29197485319478,75.01384504617884,16.63901027093195,2.241919286154486,14959,8634,3
7,158,1,32,100,82,1017077,599228,3.1592349556690955,3.0010850311909136,0.8085634862125135,0.2258474789273601,8254,7750,3
7,159,1,21,61,97,498053,432863,0.6018961453101833,0.47464510249791436,0.051834715500249685,0.011636559260988739,13155,3317,12
7,160,1,44,72,101,901373,602620,0.6586933379981156,0.32888173029256856,0.0674941576190284,0.0148692683174513,8635,5237,6
7,161,1,27,55,96,688020,517866,0.8984599481545105,0.3151311139029178,0.07896943917060979,0.020344759873213367,3329,6462,6
7,162,1,24,71,62,638379,575671,0.9603527943589829,0.22506008891538104,0.06213272787798745,0.01829681381074802,19183,5166,7
7,163,1,25,58,81,692554,399074,0.5307128681331252,0.2330760408885912,0.08921805480315968,0.01628018255749278,7232,2430,9
7,164,1,37,85,111,776706,542278,0.5065138372554236,0.3472912062820015,0.11924907390697902,0.018109959495286834,15477,3486,14
7,165,1,28,72,48,932208,553320,0.647459875755191,0.26792531965799726,0.09446508508541891,0.013502122788105256,12673,6254,0
7,166,1,23,55,106,1024561,685431,0.2668820134829459,0.3631409267301026,0.0402089429341801,0.01525214518014392,5520,8857,3
7,167,1,46,82,60,904214,569774,0.8917423756235092,0.5240988923003412,0.05687906194393471,0.014295435854349373,6120,3705,1
7,168,1,21,72,85,926654,441186,0.9065256965178484,0.25027395663389435,0.03643503186827282,0.014689129352385512,11986,3094,14
7,169,1,30,84,88,1164609,437048,0.31266682812802404,0.603632199876412,0.11586003900920405,0.018866630841165456,11997,7256,8
7,170,1,36,52,83,939414,576111,0.698201745304189,0.3425854702953287,0.05439994491724394,0.015020573368591793,8119,5468,11
7,171,1,13,75,124,757233,446002,0.6650308600168613,0.17907882191830407,0.07131017808656913,0.01522360247452398,2090,4222,1
7,172,1,34,81,73,916220,448052,0.4514821708693621,0.21364805689363894,0.06579584964312978,0.014860213558489092,14016,4613,4
7,173,1,19,63,47,1141529,414085,0.6847147064933906,0.26161174377776075,0.05348279045863887,0.015951626884369675,1000,4716,6
7,174,1,38,51,87,625927,513310,0.6206524964337307,0.21341620613450854,0.07586032880746404,0.014741561918659296,11740,6502,0
7,175,1,20,69,76,713812,521925,0.9776825264404145,0.2586758307974733,0.13820656913478302,0.017462315269005928,15664,5455,14
7,176,1,36,88,91,1090025,467384,0.330935038701771,0.17089489480285128,0.08565447291617252,0.016055853423535174,1000,1939,2
7,177,1,41,86,97,741905,669500,0.5355504918836276,0.31663483564008255,0.06234885810558887,0.017757863196005166,10799,4745,3
7,178,1,38,63,79,952857,557108,0.3190937589617676,0.22383768673701904,0.051042790818038385,0.0122716071865173,8081,8671,2
7,179,1,32,50,88,1057817,675825,0.34598626260009757,0.17593029002492594,0.030738366234185695,0.013720509476266062,10974,7218,5
7,180,1,27,63,82,548835,513086,0.35417174817500074,0.11005152111078681,0.03801152321259989,0.011509993322182107,14889,7508,0
7,181,1,24,62,115,718315,426717,0.2933640107747711,0.28947169828432695,0.0644956444805731,0.015770757268337477,3267,3329,12
7,182,1,44,76,72,1040937,400542,0.8065641325042738,0.30031496403712116,0.08297807078045161,0.015523194121331525,8883,5722,8
7,183,1,23,68,66,774714,487697,1.444746981657479,0.34517860198696143,0.06307958867229231,0.016486416626384212,9177,6898,4
7,184,1,19,58,97,396281,575326,0.41732291580090985,0.19217405937349868,0.11858977228579554,0.016697362301898302,1000,5148,6
7,185,1,36,86,61,698006,470286,1.2175462549640597,0.6581855690013272,0.07087575340240414,0.015913230505013577,12868,7366,0
7,186,1,22,72,87,958892,585689,0.5579004968079775,0.16798013307443949,0.06206823720684722,0.014802413405713392,18142,3286,14
7,187,1,20,76,76,1055298,640332,0.9688041837746187,0.3290343662437002,0.0798567091602153,0.02480613722649672,13352,5426,6
7,188,1,15,44,77,810169,419331,0.3985445727947497,0.12878453877992627,0.13354265732457823,0.018180229698435267,10649,3813,1
7,189,1,25,33,128,896756,390050,0.5562195031297542,0.31140128757510926,0.07679284869939543,0.015037383977848314,14429,7953,10
7,190,1,29,48,104,726187,594816,1.5004890671030384,0.24174462130857471,0.06694254913954892,0.013742453955655156,7025,4889,1
7,191,1,32,62,100,980636,526897,0.5142178461566176,0.408897402313194,0.08809639117133795,0.01659131217012044,5592,4578,0
7,192,1,39,78,90,1085039,532546,0.8279712276153841,0.3029545110518723,0.10193089127717957,0.017762478975691536,12568,2727,1
7,193,1,35,34,66,953639,569736,0.7068209981030948,0.3490499591547133,0.13020676867658404,0.020816387254159956,11144,6656,6
7,194,1,28,93,85,776366,347406,0.6343188666187567,0.47362661998446554,0.15487596402500314,0.019431145125975515,11569,5883,13
7,195,1,28,72,91,886822,544124,0.4860360015517214,0.17929414881926078,0.037143174484456344,0.014452888519261223,5705,4963,8
7,196,1,35,90,83,990497,518047,0.9831674245437663,0.8936349560660317,0.11816549878413078,0.020331223266660876,2475,6206,7
7,197,1,42,56,81,805540,546189,0.486885796712034,0.24101013287848724,0.05810848618181793,0.012864739809851441,4804,7142,8
7,198,1,31,77,72,960105,404521,0.5067787052780798,0.14101704247791957,0.06902009545028663,0.017655873051390682,5736,5403,0
7,199,1,25,71,85,874061,508065,0.7539285762542339,0.24652415383412513,0.05038606593483546,0.01874300889424428,1000,5889,4
7,200,1,20,82,69,1083871,451636,0.49608474983406065,0.45245940263477,0.08905379120489204,0.013553408884422078,12375,6083,4
7,201,1,15,66,94,940027,604371,0.8096105327998561,0.5030919211573202,0.06641805226871843,0.01454695868021174,3553,1477,11
7,202,1,36,77,39,700288,491323,0.2940600072917475,0.14505662555231189,0.06697547911558789,0.026072733593970533,3276,5942,4
7,203,1,35,86,107,1080898,439995,0.7567147495253868,0.24852621614879372,0.0611451818397994,0.01471992920608341,8690,1725,6
7,204,1,35,60,53,892011,400916,0.3679709556969424,0.253651602447909,0.06476048621115922,0.011301467104151846,5469,5014,6
7,205,1,28,73,58,772052,587284,0.8056507189321241,0.1850616617198658,0.07505791225956703,0.019356987712599878,2110,6126,10
7,206,1,44,41,88,529199,598119,0.7030678765421257,0.27722414114621463,0.06966050109393156,0.01542350176008347,2663,1346,7
7,207,1,25,80,90,846275,692340,0.4295735135965805,0.3556506248612536,0.1006098444653661,0.014256935710520178,12677,5103,0
7,208,1,39,99,121,1166977,467793,1.7404655802586095,0.3684425947462686,0.07541480246351003,0.01639670111088778,8317,4292,0
7,209,1,29,51,85,254124,398705,0.8769740728970452,0.2795555908680752,0.058342621600229405,0.014850461258440048,2431,4502,13
7,210,1,23,68,79,262057,487405,0.4782752864077952,0.30081104123240965,0.06433105480148067,0.016421669047698016,17279,6553,5
7,211,1,35,83,83,953467,430224,0.34683102908706714,0.3126469970601656,0.059766226855963334,0.015130730385225714,6443,8800,14
7,212,1,34,70,111,847234,437088,2.0266683207568947,0.639709128010499,0.12783305310815787,0.016039195267734865,12649,6470,12
7,213,1,33,72,128,934476,547442,0.5935442862515803,0.2488942936320812,0.07026104763567627,0.01183143239333423,9459,5050,4
7,214,1,30,64,76,694722,609204,1.1353877341617116,0.22975979047341272,0.03673922830156308,0.01185906442978142,10489,2307,6
7,215,1,29,63,90,371644,541319,0.6154440293801401,0.1689498217102395,0.05890053828589691,0.015358074647445702,10103,7735,10
7,216,1,53,68,78,633602,511322,0.22326172551133472,0.1594139443966896,0.06741590369149025,0.012862152543423733,3105,4673,6
7,217,1,41,70,78,1112001,582052,1.3679427565503963,0.34046172786580664,0.042760241735429236,0.010636195609925021,21220,1627,13
7,218,1,37,52,117,709682,477252,0.9124329146770322,0.508874936545286,0.09074847818692464,0.013359426838714696,6197,2688,8
7,219,1,31,69,61,711414,644992,0.5603362574153179,0.35415019625700667,0.06372747515362905,0.014515475131932028,14126,2461,1
7,220,1,40,93,33,274120,799909,1.3354802908621244,0.34267177316891967,0.04279232932036835,0.012744420979877474,6046,2771,12
7,221,1,35,63,86,439104,437037,0.5546350069089752,0.6088564644307761,0.057768539508330566,0.012968641586299061,4472,7027,9
7,222,1,30,51,104,1022033,620923,0.1957459147529231,0.07823326459325448,0.050643777559874974,0.014625105470651862,16846,5396,10
7,223,1,26,67,84,748114,621080,0.31901121655180165,0.3743312456696013,0.09927945745617656,0.014352281492091288,17783,6081,6
7,224,1,29,59,90,998240,552715,0.4935753906181952,0.1965155446474609,0.11498575008938064,0.015353497194286114,12268,1000,4
7,225,1,1,49,95,649260,628640,0.5020955414284562,0.16319887026727684,0.06845307398014903,0.014036932428878742,14035,6535,10
7,226,1,32,72,82,506443,535480,1.18188640461162,0.44441544010702044,0.05996193430707735,0.013699173471389445,3729,6259,10
7,227,1,25,59,91,747815,564884,0.3744242732334676,0.22531715598311558,0.047269598182451314,0.018098261294852522,13297,1417,12
7,228,1,45,60,90,685409,508195,0.20701977819349973,0.4654808348351014,0.07263338612071985,0.019611826589715952,13245,2510,1
7,229,1,30,72,40,633381,514037,0.5198253576934645,0.492264974948655,0.07995209012918893,0.015498154870893642,12192,7276,0
7,230,1,18,47,82,638598,563610,0.5226339266564499,0.16357526922040458,0.04506035135502726,0.012263001806964541,18233,3807,14
7,231,1,29,43,48,773012,542131,0.6301947845745693,0.29441315705763593,0.046499403377002445,0.021427500886827197,1000,7018,0
7,232,1,19,80,79,701686,395302,0.45248817600074154,0.19312586420980932,0.07674881225269921,0.01240560701655168,9103,5020,0
7,233,1,34,41,70,613546,550910,0.468938995234165,0.19991481370338052,0.04715307960648663,0.015915985335780133,17410,3974,1
7,234,1,32,55,100,1160942,475445,0.5955072912216322,0.1638842185168001,0.08776761962870816,0.01767489460288769,4438,4720,11
7,235,1,39,43,84,891591,444400,0.5979104431220723,0.27368829942296236,0.06385457126523643,0.020266541829420743,13247,1017,1
7,236,1,22,62,89,831696,596993,0.20927706860361875,0.10233543081635772,0.05598418487276979,0.01319195526555941,7570,5761,6
7,237,1,30,76,76,786690,406612,0.7111414203137703,0.3312391349468333,0.04875560990142368,0.013794390248953325,10442,2601,7
7,238,1,16,71,101,933122,472888,0.7472804262990174,0.2879832304072593,0.038440210302281196,0.011656602723714176,4713,1340,9
7,239,1,37,100,48,906364,393394,0.8281666420996069,0.344982108204588,0.05877954431933009,0.02336549057423513,21314,2036,0
7,240,1,35,86,62,593144,459785,0.4810725343153896,0.11464688986711441,0.03709013226877608,0.011470272096174685,4264,3182,10
7,241,1,34,56,105,493545,739284,0.8750805738085204,0.31115738498472556,0.09359560702413773,0.013209322045193834,9349,6170,8
7,242,1,30,52,71,345183,423516,1.388439416658713,0.3758042865584072,0.07195337488866474,0.017232301859711842,8702,3401,1
7,243,1,34,100,37,1158386,484867,0.4664872337133078,0.1989333233823114,0.0783436983149572,0.014905447957558557,15371,6504,1
7,244,1,46,85,109,710938,639202,0.4536615709889988,0.38029264549953457,0.10949978602690096,0.016651281627857,10348,6770,3
7,245,1,27,78,101,918411,543851,0.5619946833542379,0.3328427372737354,0.05452487684781204,0.015266035915576757,2116,6929,6
7,246,1,31,71,94,840412,486143,1.400947998218143,0.6494091157405514,0.1019085502269694,0.012959835516950792,6783,8675,11
7,247,1,19,74,81,982511,430709,1.0721202295355492,0.4129390829939981,0.11888168360932971,0.014098819895295314,1000,5942,14
7,248,1,21,47,113,787092,567356,1.521149117302231,0.3749782156062737,0.11623581362819958,0.030528733247351433,10364,6162,2
7,249,1,30,72,105,534406,467610,0.28761610497437395,0.42319702510439566,0.08869751120595856,0.015379297663265505,18905,3713,11
7,250,1,41,71,110,592576,717468,0.32450606915628544,0.29622927093654533,0.08194042206964956,0.02142542764259974,9003,1000,11
7,251,1,27,56,93,729848,471740,1.0828770871103863,0.3025525652830475,0.1379526064504078,0.02137381651096801,11700,5646,10
7,252,1,27,61,82,482945,668999,1.590819700885117,0.9281186821279197,0.12708349384614462,0.032999520165386605,15510,2263,6
7,253,1,25,92,72,629134,587759,1.2518529530498903,0.3328225740714675,0.105655786663704,0.01741509662060019,6546,2203,4
7,254,1,24,68,54,560235,586900,0.5189371139411602,0.12214702313722456,0.07344159010711243,0.015602057921194332,15498,2670,4
7,255,1,32,100,90,734262,484177,1.1754134126136264,0.383034394680017,0.07259621688871802,0.02164747890134547,19561,6296,1
7,256,1,15,43,91,700793,454057,1.3044333223399018,0.5939521328165647,0.10609108812243316,0.017917700334488685,1126,6932,4
7,257,1,42,62,73,823896,474007,0.6979002199453247,0.2669927676820115,0.13046415570286873,0.01665276554150554,15684,5321,14
7,258,1,23,46,92,970893,604545,0.5258150139333694,0.13356170001170636,0.0316929951506505,0.012122643667302908,2586,2783,1
7,259,1,37,51,73,751476,552415,0.39063756575319725,0.38006396971305584,0.06425489765579213,0.014767415709152973,6126,4433,9
7,260,1,17,57,97,499518,313403,1.2455681169052415,0.3269146174991481,0.058498079648817335,0.014826467806083182,15657,7821,11
7,261,1,36,74,62,390332,371148,2.211239561189102,1.3407281119090297,0.5020192290130603,0.27716241078032705,11610,4469,11
7,262,1,36,74,58,832463,486482,1.9499770479042295,1.460132833146776,0.6645575346797077,0.30338311458379463,7705,3996,7
7,263,1,33,59,75,666900,553625,2.3097389722404187,1.2812424781939071,0.7885023884213471,0.3573708347251146,21168,7704,12
7,264,1,20,36,96,768527,477080,1.896601483001573,1.2896081832517918,0.863713330519798,0.34821239544716015,8350,9561,13
7,265,1,32,92,56,865908,449726,2.56196165377537,0.9484414287598534,0.36301857490131384,0.20931401712399914,15481,4343,2
7,266,1,18,65,100,1088635,401581,1.176459184280777,0.7223594495579905,0.19053078501631449,0.10614620303675755,8472,1741,2
7,267,1,27,53,47,450498,591301,0.8034865630565104,0.5510192047623245,0.09253076860564631,0.04365126112292454,12289,5154,1
7,268,1,40,74,75,597508,509951,0.4282340226549004,0.15216738318762169,0.053434770206919044,0.020727800937272833,12460,4325,10
7,269,1,37,73,51,782953,668045,0.8989812070766234,0.19148646033270206,0.053651882653441625,0.014441785718527236,10401,7960,3
7,270,1,30,65,27,571961,370029,0.7180307408863128,0.24820565523822094,0.07391785732516305,0.016955497628223983,2907,2437,9
7,271,1,20,72,87,502188,569122,0.47986089727255954,0.19012721621021864,0.06538922256381802,0.012755953362356178,11385,3164,2
7,272,1,36,52,76,1061915,554767,0.3520513692289526,0.20866623293984637,0.06127122632488703,0.016046082688915584,7102,4259,7
7,273,1,30,81,52,590408,584714,0.7701733941630782,0.3754554809463136,0.04207367043979193,0.014372692703412128,7710,6386,1
7,274,1,6,55,69,538162,582666,0.851201162733309,0.26050972948304485,0.0467120979900702,0.011245536593969907,12966,2883,0
7,275,1,37,60,88,570370,449295,0.2738199286756997,0.2303842491218462,0.0873688549034429,0.015017848271704498,12622,7145,0
7,276,1,29,79,72,1017198,481935,0.8807846014492654,0.15161442455871438,0.029439242579065297,0.014105432148904723,6220,4017,14
7,277,1,42,88,76,660923,516641,0.5707719236318224,0.18953376053813806,0.06664003961944756,0.0134889512331915,11087,1972,9
7,278,1,19,93,72,522876,399717,0.7269588321018582,0.2375591424824501,0.03097667711679424,0.015213481543800297,10101,3306,0
7,279,1,1,85,68,631967,603164,0.5907520948860081,0.17839980495586336,0.10587790149052094,0.017470061211275777,5690,2266,2
7,280,1,32,65,68,790365,252549,1.8603175516078596,1.1524914581716723,0.3000900065703891,0.024903516989201235,5999,2416,7
7,281,1,32,46,67,978354,383773,1.2628708831454847,0.43789588053634515,0.10215551552973813,0.06191960408933153,6078,8853,11
7,282,1,13,91,64,961553,332190,0.7523500855069609,1.6985021373285507,0.32155869463224857,0.03130823601394805,9944,5276,11
7,283,1,20,90,59,644446,609976,3.058537240881512,3.808468518350836,1.227836523685805,0.5554173196915426,8479,7124,0
7,284,1,57,59,72,693775,521560,8.821797369801779,6.433871066398767,1.4505234955354345,0.7880064697009453,11046,4177,1
7,285,1,26,83,67,1220576,446707,8.36385300681084,2.19438274804817,1.1332160013327164,0.43520086560395344,5601,6218,7
7,286,1,37,65,58,999136,509631,0.6749564221593968,0.2348779370733908,0.12140242513992716,0.013559618423307144,9134,3388,3
7,287,1,23,92,95,749643,526424,0.5844623049063822,0.18814001624717086,0.028350311124479565,0.013810824942857278,9511,8424,2
7,288,1,9,62,104,340969,376038,0.5326467975143032,0.1398886124697934,0.04120054912856606,0.016619718920477998,11631,4493,14
7,289,1,28,99,79,708234,514595,0.5755321654963116,0.15063151466151115,0.04167474695883409,0.014304142942923379,17348,3309,8
7,290,1,27,81,81,534676,638878,0.8490070671300649,0.2471018884372339,0.06595096791282393,0.013823408679941794,15371,2447,13
7,291,1,26,96,66,627463,656495,1.1857074771440643,0.29746606394643954,0.17550284011614303,0.03841376597076282,9627,2708,11
7,292,1,28,63,101,606933,585330,1.6866870289783447,0.5887629879027853,0.09722695681832662,0.022028529738589635,2026,2452,13
7,293,1,32,76,114,753758,525829,0.9397555140723576,0.39891765582004657,0.1579239217369921,0.02995734322199263,7435,8452,2
7,294,1,28,55,76,813951,592454,0.44846392608929075,0.43431816533331746,0.10591065718819405,0.01898811988574939,14604,4565,14
7,295,1,17,82,69,653683,570571,0.8170326973984878,0.20881112882163988,0.06994961276696172,0.015936706684626104,9723,4417,6
7,296,1,34,83,86,544458,387604,0.34898869671834154,0.29837846362949977,0.08064029718055711,0.01523822094250505,3711,11584,13
7,297,1,10,100,82,764213,408634,2.7126347132490087,1.2482396632261021,0.15073433664515887,0.021478344123860904,8972,8051,1
7,298,1,9,77,69,700344,563465,0.6348132117638274,0.3599116694671733,0.08717293150915942,0.013985256429109324,7646,2494,8
7,299,1,37,80,89,420492,433149,1.5858040280942478,0.6241561291927694,0.16817143152851813,0.01619448892175071,16304,7692,12
8,0,0,92,35,37,360561,197650,0.22718794249268806,0.051036485471842086,0.007259678039331201,0.06690118209191885,27068,14914,12
8,1,0,46,74,53,103842,214601,0.33110570434198644,0.0643799335526835,0.00838080718438802,0.06448947172345257,20024,18422,7
8,2,0,70,63,27,296920,213716,0.0818874797324782,0.030042693841313854,0.0057205745253464495,0.06693995579805652,38952,10075,10
8,3,0,74,47,51,318521,274265,0.16328036047204766,0.03664681694622018,0.01023043569622027,0.06459417628029332,26087,10820,6
8,4,0,75,41,32,233869,133566,0.0631169086416953,0.04861946300837641,0.012323284088214056,0.0666242928217118,22736,13960,8
8,5,0,77,48,55,288894,272968,0.08394384773843232,0.026476583667118345,0.005429926064778624,0.06525810432544596,13104,20371,10
8,6,0,84,52,54,233587,237259,0.16746031090664934,0.03733338128542689,0.006240612469785468,0.06345914176187825,46822,7898,1
8,7,0,74,46,38,355477,203865,0.2485136414989007,0.05761445386844834,0.011398776513440458,0.06339071882816737,14455,20069,1
8,8,0,69,28,24,336395,157303,0.1857107360904474,0.05160681699950655,0.013095982508626147,0.06154806898983769,32869,22079,3
8,9,0,68,66,34,321698,187657,0.09538102047374673,0.028838836023373247,0.007003195875712475,0.060570351461620604,36619,16076,13
8,10,0,65,43,39,366238,202117,0.09768354083529401,0.04039998010920649,0.008423867278361113,0.06000936194299326,26123,9754,11
8,11,0,86,70,53,424718,290439,0.16095464083634686,0.03354929795307754,0.00682657715719025,0.059185924604220376,34192,6711,11
8,12,0,65,42,44,200849,271752,0.15866704056151262,0.05508593941748957,0.01864830834238989,0.060766269631532935,34956,25548,11
8,13,0,87,36,48,522213,180614,0.15767176978992067,0.040184019295412286,0.008373801565620889,0.06096830454557161,38406,8954,4
8,14,0,75,60,45,339312,300468,0.10487188839754887,0.03627213081551388,0.007492300448754947,0.06413848263610634,36036,12463,3
8,15,0,67,44,52,249885,247547,0.3074358580591167,0.05095581723937074,0.005517477891875643,0.06357082337566056,26868,5854,12
8,16,0,84,42,36,529960,223566,0.08086672589647714,0.03479700149119166,0.0068036203548156845,0.061279656186006407,25997,4665,9
8,17,0,64,21,42,258494,185937,0.17693024582731987,0.09128429827875152,0.0143308200253793,0.06314298876971261,50491,18402,5
8,18,0,84,49,40,178891,171137,0.0845568443449854,0.03095942526572374,0.00998780300968361,0.06164333293771731,40936,12081,2
8,19,0,78,32,33,249017,227131,0.1732461763716289,0.06908650669679939,0.010516098237439313,0.0626363450599955,23020,19258,3
8,20,0,66,33,55,244214,219188,0.07683479744765331,0.025278346263916666,0.008217664952350974,0.06264223709161776,33300,13280,11
8,21,0,82,32,54,408493,180472,0.17635837538766472,0.042360197996600915,0.007238587604588817,0.06302210514616612,33947,21091,8
8,22,0,83,46,58,288721,255698,0.1332304162436454,0.04406873711771345,0.006445707094960369,0.06366500487845698,29816,13369,1
8,23,0,92,16,28,310008,208171,0.16262649900825843,0.06623425706438078,0.007584821433270075,0.06551959437041341,47563,19794,1
8,24,0,89,36,45,306358,220901,0.1025455412297788,0.04178841069107432,0.008241406943618338,0.06817478051081387,28966,10029,0
8,25,0,82,54,56,416612,253637,0.09992107414786681,0.06247209158942265,0.011346751868887794,0.06302504836014572,29175,11067,13
8,26,0,58,21,62,267742,241329,0.1762552769167248,0.04543249869042259,0.007996831905407873,0.06535665512375223,38225,10213,8
8,27,0,100,42,17,279497,119012,0.06671600737494209,0.026579761047383296,0.00981489146647749,0.06418499790745834,20551,11869,14
8,28,0,53,30,39,231132,238097,0.1934127667789553,0.04440114461238355,0.015910429137070185,0.06704081326157413,24726,6759,14
8,29,0,89,33,37,257929,201399,0.14658362618982387,0.038156320427658805,0.010968356615385436,0.06507807430644526,44695,9921,9
8,30,0,81,64,63,352515,177644,0.12564370496878108,0.036420949661063184,0.007119123422095532,0.0640975833731591,29705,10106,4
8,31,0,57,15,6,372865,202605,0.09653841365097143,0.047476659184325636,0.010224365874823388,0.06598010514072217,21956,24680,12
8,32,0,73,51,24,469983,184692,0.2166066426419776,0.06392095458155218,0.01089392121326482,0.06740730703037691,31748,14308,4
8,33,0,73,32,61,289593,206338,0.17403177848202403,0.04456030605070886,0.010099959266770818,0.06447832657688587,31431,12993,4
8,34,0,94,32,32,273623,198961,0.09148567080569102,0.02955547835582892,0.009784094991333089,0.06360461060723815,43365,18719,6
8,35,0,64,23,20,339716,234382,0.16368849541546243,0.04131071807358798,0.010576189747724311,0.06389593980992322,40877,12704,1
8,36,0,71,51,62,253114,123407,0.08049481116888269,0.022967391794117754,0.012040310102986698,0.06032752601627064,32047,16500,8
8,37,0,39,37,18,235927,209189,0.1518680174525836,0.03493416397810499,0.012132728926746574,0.059607987337375684,46578,18293,2
8,38,0,100,35,55,332359,198568,0.08140197290838867,0.02961157553464144,0.014134727540366373,0.05971899227751943,42759,18021,3
8,39,0,58,41,16,260817,312578,0.19644765342904866,0.034787131386252126,0.006269411036436182,0.059148897348265235,33575,14830,0
8,40,0,79,37,18,271047,102141,0.20306905863076333,0.050376786150022536,0.01037215765756077,0.05987673809486807,21534,15522,0
8,41,0,73,9,43,360568,246102,0.25060979330410993,0.060948666819811086,0.01534334537387873,0.05882914920419185,47910,16778,4
8,42,0,73,32,27,331011,221668,0.13406262576001335,0.08932223102456965,0.017639326738595168,0.06086950617484983,42682,17641,9
8,43,0,87,53,44,500053,238316,0.167831813429996,0.034363385775112845,0.005537292236155488,0.05822902151348044,17887,16703,0
8,44,0,100,17,67,392181,177634,0.1751576088662106,0.0486095625651224,0.009623577431417344,0.06157263609673729,24052,15781,11
8,45,0,78,23,37,223265,215968,0.17205479200027773,0.029687521127330096,0.007750715246895806,0.06110312199458581,16663,10293,4
8,46,0,84,33,64,260023,207271,0.32701541889583646,0.06526759712774134,0.006022847225530611,0.06054108255493041,19263,17797,11
8,47,0,79,29,44,162717,376802,0.27616196919355296,0.05188872461261639,0.008580229622024734,0.06191917094704753,42686,8942,8
8,48,0,90,39,54,202700,184536,0.1170582178541778,0.06306191349253601,0.009541290833307643,0.0629905035792917,30900,15129,11
8,49,0,68,23,4,426222,160746,0.22589364090956018,0.06204493512957839,0.01196801570407164,0.06003039672003887,23353,15724,13
8,50,0,91,34,49,272223,300052,0.11658508025039103,0.07233951273171735,0.012880160917982962,0.06135909837420283,37558,7674,13
8,51,0,91,39,47,161389,217194,0.22025677951258668,0.05522438681052561,0.015301048129187105,0.06379024958983665,38407,11336,0
8,52,0,91,49,34,105279,225699,0.09649822842230263,0.024026934263273066,0.006104734822394276,0.06171532208956295,43360,21411,10
8,53,0,65,58,68,152831,256347,0.07953402745971504,0.03312274563252018,0.006550327995212071,0.06477932367195048,36099,10899,3
8,54,0,72,36,32,219746,203838,0.17486335269207512,0.03641733872406931,0.006689925673824311,0.06541661425640312,36404,17901,11
8,55,0,78,68,15,300371,179044,0.2103670359581385,0.03356372308350157,0.00696482500544804,0.06352494925567627,21769,9035,7
8,56,0,54,37,51,260345,206622,0.12477285456869941,0.04080680817967006,0.007425549253510836,0.06526982778980041,30976,8043,4
8,57,0,98,52,18,369848,157957,0.14744455489398658,0.029347405075234857,0.005437108075417257,0.06330054657301318,29688,18742,13
8,58,0,74,68,41,206416,127379,0.13839944622928765,0.05422446553827084,0.009781493865142259,0.06166411547060084,6528,20573,6
8,59,0,79,42,60,422645,157849,0.12765474457115528,0.04787395895238483,0.008688098288082913,0.0633567236169273,33578,15064,10
8,60,0,66,19,47,286365,81908,0.19655107797456975,0.03739304484227238,0.009410216101739978,0.06329408361935211,12918,16952,5
8,61,0,55,41,36,345829,181782,0.20323433775862157,0.0367696393552295,0.006670948373867763,0.0654570704309584,37207,21690,8
8,62,0,65,30,34,247980,175004,0.0953981099116152,0.01930222088980974,0.005962674037058346,0.06174016303063413,26142,13976,13
8,63,0,78,35,58,401693,230182,0.16433055237641048,0.04812860758330732,0.013576835646684443,0.05436798465624958,26313,15368,13
8,64,0,85,69,21,167276,206455,0.3004107365888032,0.06654902879440455,0.011423193980964882,0.053949651762782366,24987,13862,14
8,65,0,77,21,51,176604,193040,0.3824346758358901,0.0844110327643472,0.019494509412400232,0.05517922273450622,23902,11267,5
8,66,0,80,44,72,203048,258878,0.2679707654731835,0.06920200449996958,0.027753594075472936,0.054070215431523384,27713,7430,3
8,67,0,69,26,48,417593,179143,12.213994782666433,2.709148573923804,2.1022218126919916,1.2128396615257468,39273,10643,11
8,68,0,82,35,36,276291,144509,96.63612551308034,36.66160399636661,9.88126830394688,12.669527189226569,19157,20778,2
8,69,0,97,51,37,205160,73622,109.86265360187502,70.84580003391348,26.754168187898397,10.729625473534828,30111,23134,12
8,70,0,85,44,32,280359,201235,1.6939730454434991,0.7071406114905211,0.21064473776681797,0.05859253129062839,51113,9611,13
8,71,0,87,36,30,317199,197348,0.16021886318521245,0.09923624204934155,0.02350471967520375,0.062257818102630993,23284,18697,8
8,72,0,79,30,41,192294,263454,0.11899811096745533,0.036512802267084955,0.006485111216703873,0.05911306952815191,29838,13798,5
8,73,0,52,44,50,315956,156620,0.1090723952308425,0.07165677462107443,0.011364013208332182,0.057603712424735574,38415,22615,14
8,74,0,59,65,64,286390,237501,0.07269985746471769,0.029859331385493258,0.006946781900450101,0.05995816152729803,51845,14830,2
8,75,0,81,26,10,249414,75849,0.15509167324186088,0.03475440187292513,0.0076224163407109975,0.06007942508646005,45519,11677,2
8,76,0,74,68,3,173366,135042,0.13672215238011123,0.044752014460587054,0.01042729927155527,0.061451236221546426,28596,16011,5
8,77,0,81,57,64,388854,219177,3.2614105573408514,0.9145086567957164,0.40672664044549833,0.23810281222785004,33927,7581,8
8,78,0,100,60,40,253120,234466,8.420781736859025,4.715533893315803,2.0425430308227654,0.4188795476941076,27919,15728,14
8,79,0,85,44,41,6530,117029,0.23454452217229133,0.06675158940569759,0.010227417499011376,0.06364425977936686,40924,13485,8
8,80,0,93,57,47,335602,160269,0.22910543884646167,0.04052817548235065,0.006291538906236256,0.06293961931844991,28806,13493,14
8,81,0,76,24,37,338092,202253,0.10178423359193456,0.029799529685975906,0.011146279051187731,0.06253229721313766,47022,11843,1
8,82,0,62,29,69,393292,195243,0.2044937400496396,0.042291380235102906,0.007728531101336059,0.06379062848125058,10695,11041,2
8,83,0,74,51,47,341323,227377,0.1325278549516018,0.02816609727855674,0.008341152968120406,0.062249481563736185,36133,16464,4
8,84,0,62,44,33,313841,245670,0.3617507682768987,0.04410101793729376,0.008540349591332421,0.06476806269289322,37478,15388,0
8,85,0,98,37,34,251312,136087,0.10794450814259346,0.03431301968522997,0.008167706618149823,0.06236924197601749,4814,13930,7
8,86,0,86,2,37,251601,222198,0.11237558270350484,0.027703205519690948,0.007335194153796845,0.06185131846521879,13653,16849,12
8,87,0,82,33,28,367585,164019,0.15812041799067383,0.030702738155125333,0.005034540248264701,0.06462344321966941,43145,14531,1
8,88,0,93,22,65,284322,216777,0.08559089109632792,0.031096502063446215,0.005155958644155578,0.06672049700926183,35191,13788,5
8,89,0,44,47,41,156272,176661,0.14204972742900018,0.040939478642219536,0.006543878306854134,0.06549013184457841,37919,11549,13
8,90,0,83,37,22,265580,253836,0.15662936298981495,0.0508315981884606,0.007508949032887086,0.06639275883845262,46787,20383,0
8,91,0,55,30,46,294575,229338,0.12393195829056626,0.0329107695187191,0.015664552751789566,0.063844046450332,26536,26344,9
8,92,0,74,79,61,100934,150557,0.08089857412593794,0.05906523941935956,0.009427338407347581,0.06257763907736277,46709,3001,0
8,93,0,70,55,55,374677,116067,0.15227950260537637,0.038776510585911333,0.008575716281096083,0.06393864107256673,59256,13769,14
8,94,0,84,55,28,300064,259470,0.12466825061210632,0.03675280949804564,0.005735304258247876,0.06255613376571974,42655,14126,4
8,95,0,78,73,23,163720,164701,0.25779081228075873,0.04021583558246074,0.009765591721749907,0.061208651567423895,34332,15808,10
8,96,0,95,52,61,270255,169910,0.22905231434262843,0.06214740878394726,0.010173898156400655,0.05951947421997853,29443,28895,6
8,97,0,65,28,15,289772,237100,0.28115257396199855,0.1697505406843185,0.011576791424894095,0.05989903037014417,32100,15275,12
8,98,0,85,26,45,394594,148836,0.26806383216363533,0.048339806816854215,0.014867668085096162,0.06261002922575228,31752,13271,10
8,99,0,77,54,31,391716,209956,0.08861826461268497,0.0484876070278635,0.010096482232956217,0.05633978878101307,30274,18056,9
8,100,0,50,9,59,407808,200922,0.14468019023044826,0.0492881412910602,0.015329858184258789,0.05487014769394269,18980,19156,2
8,101,0,61,38,24,337588,195919,0.1480527370627016,0.04229035162588979,0.01731926639609504,0.05853004562652958,34264,11965,2
8,102,0,72,7,28,234653,259766,0.2891241344208659,0.09162666901297954,0.01506614172794025,0.057468416363445046,32325,14563,11
8,103,0,91,41,49,209278,223303,0.13533699708311667,0.06670253944530387,0.012097938202486773,0.05828560483898598,43657,14781,13
8,104,0,81,52,51,229929,248954,0.09655855945914045,0.03719722372802291,0.007906945602042139,0.05930154592436202,35707,23056,1
8,105,0,57,44,60,293413,187510,0.1222521273982388,0.06707361511813376,0.012848461981573472,0.05673258496246189,22686,15694,2
8,106,0,72,54,47,297485,163795,0.1346763171248976,0.05536702178292114,0.009767928586029956,0.055930903588884896,19037,17261,10
8,107,0,100,69,45,402896,251944,0.09786045581142841,0.039247351997646465,0.015168296444819656,0.05952039526408172,29943,12009,6
8,108,0,76,37,55,274565,171467,0.16851443205689448,0.06782070518732272,0.01567583877888299,0.0604268977249662,21317,17304,1
8,109,0,70,82,19,97625,206181,0.09685487853520164,0.036335919916372236,0.009039845563541411,0.05930680492511093,31449,14252,0
8,110,0,82,43,26,180735,221176,0.3206069028017873,0.09822573214399313,0.020726269994848237,0.0638030493619815,23233,13708,2
8,111,0,86,54,20,202422,161518,0.19582695495881483,0.06428376929523495,0.021629707078987842,0.05361578646437713,42777,12112,12
8,112,0,68,30,1,202329,161675,0.1451778810106793,0.07457967721770718,0.0267378773386303,0.05555434835587031,35857,16059,4
8,113,0,82,64,52,19426,186420,2.4011984252976397,0.8275095172724765,0.06935712921223208,0.05928279014068701,39926,14226,6
8,114,0,70,55,61,456946,237201,22.516364393826954,29.099897668422958,16.76050148073904,16.335832731499647,28353,10170,3
8,115,0,85,62,48,81744,217304,45.66393397792044,13.10667352756548,4.204341332770005,1.6098166335739337,31982,10451,7
8,116,0,77,40,45,242625,132333,91.8739770035006,20.06483881771291,10.823430353891489,7.325355134532067,39176,16037,0
8,117,0,82,21,41,365839,297638,56.37082559779402,36.92446402085692,9.888989754228032,10.301690952130013,33659,15472,1
8,118,0,63,46,40,358967,219001,88.79403718510635,28.362273131146285,9.156003699140998,1.9161201065978781,37083,18145,13
8,119,0,62,14,65,153031,178816,78.10713283424667,26.622392425727245,20.332819839761576,28.875668979113264,23192,15642,1
8,120,0,89,34,63,420673,192372,47.059088339162074,15.8679210386421,9.223094096284848,15.665813627302901,38577,9528,6
8,121,0,73,42,31,406109,187892,3.868359928520645,2.909157077030901,1.160746340102847,0.26214355101845443,24150,17855,0
8,122,0,79,75,56,281858,181392,0.138142574483278,0.04416412775846581,0.01504737345873343,0.054015771708938544,50860,10699,11
8,123,0,70,44,58,302725,258287,0.15808433271456745,0.03508517286121326,0.011490243162685904,0.05062648729287532,31948,20167,9
8,124,0,88,42,49,208628,318821,0.13477183934896123,0.051603418208938746,0.014220276661473434,0.05353153244540421,41046,19807,7
8,125,0,65,39,45,325241,174359,0.1508005616370803,0.028460468791582445,0.009723253466059659,0.05212274160115984,25580,12023,8
8,126,0,72,19,45,322616,177120,0.11398508823576747,0.03488161768617458,0.007817586077352603,0.05327264935562041,27855,10846,5
8,127,0,86,41,17,251328,195491,0.0917209288295451,0.03437670022621413,0.007225954108232651,0.05338428810799627,27364,8991,2
8,128,0,92,41,16,364554,131172,0.1306170730250178,0.039232387398934754,0.006703874917096107,0.050368126245658285,12397,8505,7
8,129,0,67,25,51,333151,226397,0.17583274362391868,0.03928278611604858,0.008536798530755224,0.05206879143871748,3634,23141,14
8,130,0,100,22,23,621330,209341,0.09046134334830329,0.04796460293227069,0.00857006255778524,0.05337974397097886,27117,10973,2
8,131,0,79,32,19,209833,207477,0.22407168934785032,0.06259565888222018,0.011678730489401356,0.05274704129830804,11116,13022,8
8,132,0,59,40,8,433290,107350,1.9666522002258173,0.7040991682553229,0.046883239788969806,0.051467657373254296,32860,27396,12
8,133,0,80,33,32,214768,86902,1.834059689138894,5.1795704124478155,6.8181671509528945,0.7458883903056691,28409,20768,4
8,134,0,69,24,45,352744,181619,2.2970684762315545,0.06198638009712053,0.01714462095282647,0.051242064754266556,1815,20123,9
8,135,0,81,44,46,40057,233077,34.738399271598546,4.400981111676431,0.43718022109736565,0.5609460741396386,24676,18343,3
8,136,0,74,48,52,248764,111096,0.5768133613879529,0.7813114887283631,0.09285129694502012,0.06284557657615497,29750,20205,14
8,137,0,76,41,34,347206,244765,0.15267859051653665,0.03823847910691265,0.01118671811898771,0.05876362055931938,44111,3231,6
8,138,0,61,31,41,323991,184832,0.06845389554532554,0.043412507258335634,0.026823245596963925,0.06221995591149218,25431,14347,1
8,139,0,89,48,52,99486,158554,2.3144158489157927,0.8727104257636057,0.5669079242106188,0.06213703913676681,13584,11570,5
8,140,0,57,37,46,258811,204163,58.09482335854621,10.298537517168167,11.513108316960531,17.322360997830295,12304,7146,0
8,141,0,58,22,31,447671,135118,170.36208383082655,65.04566521931163,21.024866320440097,11.462361320209933,24785,7685,6
8,142,0,80,55,44,402894,73084,64.94243214345252,20.91122321850848,13.355724849762666,6.11921358976133,20149,14187,7
8,143,0,99,45,10,396046,260315,40.604417484353526,14.422949248828216,22.4327086778596,7.219426101014549,27935,7970,7
8,144,0,69,38,40,535220,197564,17.443181828079535,7.942112444764535,5.032118628726437,1.679001432710364,31706,13880,12
8,145,0,85,16,30,125509,163929,68.29598603422095,26.1267922126416,12.351873223592136,6.217664591390982,35367,12739,3
8,146,0,91,28,62,260558,171104,73.08016521041719,34.480285284230604,14.191236827804746,12.72125666946265,35660,23087,11
8,147,0,87,70,25,303107,161250,13.171716267590284,4.04997320941577,1.3301080510542667,0.5040043169055901,23999,18239,9
8,148,0,70,17,41,226881,182359,0.11381370064702094,0.03475241788449858,0.028625208131141208,0.07604441287160293,36294,19329,14
8,149,0,58,36,33,312486,194379,0.09073055028154395,0.03191261699355961,0.01340737177761945,0.07862830838393184,14723,9577,3
8,150,0,41,39,31,430098,234378,0.22055498190163333,0.05443038903270194,0.010965033659482792,0.07684207452398562,31365,21404,10
8,151,0,71,44,45,311032,165212,0.11302933249212316,0.04096854425799922,0.010993439234901103,0.07731045739913404,32132,17972,2
8,152,0,92,17,33,79602,147130,0.2068707814972392,0.048373765283204355,0.022601592123414196,0.07923705557855937,31256,14528,10
8,153,0,58,42,67,367690,173197,0.09897725970881947,0.02838073153211326,0.020497447642691565,0.07821069085186111,19635,7756,0
8,154,0,85,14,10,298500,323199,0.2842119886156445,0.05175277114757959,0.011035265705608555,0.0763505875832791,20723,16958,8
8,155,0,60,41,49,82072,207838,3.128499313734391,0.9903619073360097,0.2868562302992729,0.27104293545570424,36465,13472,12
8,156,0,76,30,38,238449,219983,22.847849402373168,9.1195594177425,0.780311515956079,0.3534107927829517,25819,11611,6
8,157,0,85,27,39,126430,187262,1.4927645461442463,1.2575359213090325,0.4135919056754295,0.07280112630293513,35897,16188,7
8,158,0,65,52,44,271217,286665,55.073846059282914,18.441098902156746,4.776086030757141,2.4906696799846704,23911,13096,2
8,159,0,77,36,54,249606,242985,0.8464674677863028,0.08818496671563977,0.046906070207265844,0.06110137701691232,58531,14447,3
8,160,0,68,47,43,147485,147965,0.10825627145995664,0.030521882323531275,0.01934139149441592,0.06282918544700823,27205,8870,3
8,161,0,85,47,55,325103,207880,0.1568664985454392,0.03194736413129967,0.012688674150262732,0.05974617545766567,41939,7207,2
8,162,0,78,59,40,191731,180652,0.4095172269478162,0.07359048318749463,0.0222674366277366,0.07007234256643431,53765,22278,6
8,163,0,75,21,24,432403,220558,0.11912046645055256,0.037383228004048204,0.014113140726292519,0.06781158528555356,41105,8968,13
8,164,0,98,53,38,316819,249826,0.11326746905648029,0.03350951778488802,0.013295496313152251,0.06428794641013852,26467,9200,9
8,165,0,84,40,57,273918,138846,0.18494364742419914,0.07471843142281893,0.009135609175581113,0.07200229604916102,29024,11938,11
8,166,0,64,34,33,425406,217949,0.13573875839676158,0.06679823692287779,0.013984752205606724,0.07124752850708592,1000,19204,7
8,167,0,73,22,23,326024,159638,0.40817310302789855,0.09794934488772145,0.014686379486625356,0.07602211628984225,6591,11700,2
8,168,0,73,49,49,334660,270820,0.2805856000704728,0.0433445738533624,0.007201709824450703,0.07729446255494161,29826,14195,1
8,169,0,76,26,45,293498,248322,0.27329387747727024,0.06509152112982979,0.010537604317719851,0.07344494179149379,24179,10431,0
8,170,0,100,47,28,268632,100505,0.11738330171124069,0.028312366465185198,0.010726357023334113,0.07618058884160579,18819,20749,3
8,171,0,80,68,36,340418,143663,0.10833605830121122,0.03321202433600796,0.007081129564658619,0.07556374312234505,30340,4478,8
8,172,0,44,54,37,452402,132813,0.18051808994583238,0.057084979988916616,0.007826537414878923,0.07492484285445093,24107,16142,9
8,173,0,66,60,40,1000,196921,0.1537622986985661,0.036272901273313375,0.012109508660128894,0.07754988241558514,20289,24609,4
8,174,0,46,29,49,486828,215071,0.206329639271235,0.0527282938185576,0.01348296157013789,0.07383821836004643,40041,13596,5
8,175,0,70,51,33,199194,239572,0.11847238887437969,0.029004270874104367,0.009794443167832694,0.07516320935143399,17106,10373,4
8,176,0,45,22,50,319242,187714,0.14863744207325624,0.06262748652154385,0.016140508167999043,0.06592894029894597,36972,4132,2
8,177,0,61,36,31,128297,185879,0.11829447169132523,0.03213463824033259,0.010608519167797939,0.0637145481531413,32398,16774,9
8,178,0,52,66,64,449143,214214,0.21118927867261023,0.05278129000185325,0.016018828925592414,0.06216409111657408,43659,19589,13
8,179,0,80,30,65,161723,357517,0.22032932574660336,0.052749292167055865,0.012486293674955384,0.06603117526184973,25258,20625,5
8,180,0,75,56,27,412233,124259,0.16277020436378933,0.0465784147643376,0.009746913724197817,0.06492017199450345,16538,22376,7
8,181,0,79,55,21,275882,106038,0.49420358620576627,0.09811362181440876,0.00988254922312961,0.0617604914467874,23652,18843,2
8,182,0,73,56,54,283728,173193,0.3686061131968613,0.07717113373734798,0.015214630684918554,0.06030838459046768,29587,6879,9
8,183,0,54,20,43,174079,164065,0.17159042882501985,0.040945276954060396,0.025271628632955363,0.07347576675329805,39877,21032,4
8,184,0,82,47,48,421916,163106,0.8534785729120686,0.3140697174417448,0.12904841630997319,0.06859925421398476,38054,10773,7
8,185,0,100,37,30,285253,199383,40.88748864235857,8.307062080400778,6.185719009829582,5.6094159950320535,27825,12967,7
8,186,0,81,56,38,371767,141486,219.8610036735952,40.770059041865636,14.983617551643254,38.12478300072455,29229,18605,7
8,187,0,68,15,34,93372,170237,89.11383600513447,27.598322328113017,14.54003635573354,6.900282196090356,36974,16706,9
8,188,0,53,45,44,210875,185274,245.2176260193494,75.2361170942511,17.342645676949697,28.495061097801926,40552,10727,14
8,189,0,61,43,21,325070,186443,114.5314016249081,25.317147309933947,25.441954734696427,25.67353892751381,33268,16847,6
8,190,0,81,10,38,142212,192940,220.26177833702926,73.42755717309416,13.460772911300863,22.626216000408967,32881,1401,14
8,191,0,91,26,21,336125,192519,59.517811597910146,15.37140291231909,9.584636779901665,29.64683098112303,32380,19407,13
8,192,0,78,12,32,233813,159627,239.50985391069466,114.48227156696278,23.543469938061715,28.04796295233021,32692,12605,3
8,193,0,86,29,38,222229,187249,159.92596871521394,75.16735755849608,19.16218143428361,27.468311177491927,32703,24915,6
8,194,0,85,48,47,351274,199747,121.04907435400514,51.59678744130514,16.51562073140951,15.844639346222115,20030,13326,4
8,195,0,82,42,48,317076,248015,132.3903606256404,43.7873220561368,13.523914221158064,27.539749230485516,13818,21128,1
8,196,0,65,42,51,187599,125958,77.19157813162136,29.319537140833717,20.254000517030864,19.716120199216583,21230,19570,9
8,197,0,77,24,17,412314,201223,82.92089529404973,32.347193755207876,21.512258529564775,12.724010003618536,25355,18945,14
8,198,0,62,56,58,350546,208238,90.01488822179736,40.74028601203277,15.273067703446776,24.84335853984445,36572,19004,4
8,199,0,75,39,30,98550,209218,67.72387579076394,33.15985150685055,10.891884390294223,28.864930608819485,27290,17480,8
8,200,0,79,40,31,269682,211565,127.1537895495793,27.177800383660824,5.31317119118861,4.7552517007831545,32029,18233,8
8,201,0,100,54,44,337324,134344,89.37026562595928,30.621777312930682,9.692438828238737,5.387863379004068,30704,18709,7
8,202,0,55,25,34,288883,208038,29.8786887372986,7.263468879295137,1.9499388095432484,0.6152251446421451,34963,13691,5
8,203,0,82,43,45,1000,205289,17.362348077902716,7.34874472430925,5.277474298628734,2.1160028079620963,25718,11780,14
8,204,0,97,46,48,306351,227393,94.86442902799806,24.374511694681836,13.076253270816142,33.457313188601795,22742,12555,2
8,205,0,86,31,28,375755,191681,188.79874956140176,48.99389641140482,10.999873508582182,19.569848697761422,13526,13446,7
8,206,0,87,49,37,291857,173017,40.64243836014572,22.289660510886954,13.619497848909143,10.149950959725789,33323,16010,10
8,207,0,83,47,37,305547,250060,42.23997895483955,26.65595420903824,11.494404074129193,12.198054206045022,1000,18799,3
8,208,0,94,38,54,401990,139099,19.827240430673623,6.237715143588292,3.604813651381099,1.000600365750292,31635,15387,5
8,209,0,58,38,33,141576,131301,13.393470344140555,4.866341718031644,4.522747013815969,10.465127676085501,38887,19753,4
8,210,0,54,47,32,373641,137971,3.207799222048603,0.5589950665453955,0.27079514893678464,0.24319589932811944,28505,15070,5
8,211,0,74,51,24,333959,217313,79.03881413867316,46.945557277321925,18.95271770563123,1.8912119050793066,33652,25898,5
8,212,0,42,40,26,137634,163859,6.9927278273887445,3.6702798692035103,2.881321524588021,0.9344515065002374,25692,15378,1
8,213,0,93,56,19,369772,194441,0.3294417756971241,0.06204215686752184,0.018437029811963657,0.07014648203856903,29942,14745,0
8,214,0,93,49,29,480619,269274,0.11234583510374976,0.029287737248681212,0.016580125232090674,0.0702709025335243,28383,11666,8
8,215,0,68,13,63,333382,141132,0.1561891901668778,0.03715869780968665,0.009645253966473224,0.06708544811061647,36948,20668,13
8,216,0,69,18,50,355447,114924,0.2088708708125806,0.04474691280019968,0.012896596218498271,0.061423468066749795,27155,20282,10
8,217,0,73,57,59,193461,241488,1.8904008978433935,0.5325005341262867,0.019275886211234716,0.06429367413092878,18117,22955,7
8,218,0,75,36,25,238140,158279,53.53444513797711,15.150275423074316,5.455094360285633,1.6755384853100137,33265,21537,7
8,219,0,76,42,10,198209,141414,2.2608934129553355,0.8526854536712724,0.13571684871763734,0.06377148443198719,28727,15229,10
8,220,0,83,57,44,339582,194618,30.320230248555966,7.5428641598327895,1.6268805029550635,0.6084431619857755,23028,9131,1
8,221,0,72,39,67,248202,190444,27.48335317745206,14.166685886358575,1.6045804497603084,1.0013994994354356,36461,15942,7
8,222,0,89,40,32,242030,156607,1.279035267525794,0.06723580309253006,0.014885816811313226,0.05730987453685055,49965,20232,10
8,223,0,81,26,41,370374,228101,8.537679360499927,2.6601206717065518,8.016693098402017,2.9344403819251355,34712,14636,3
8,224,0,65,45,16,466972,161043,74.24855987423709,24.466693918119713,13.021118765527575,5.320855089410053,37967,12857,4
8,225,0,95,48,40,291234,158766,11.840326875113398,3.1982072463087743,1.473772053621059,0.8513413413558097,31516,13476,6
8,226,0,54,31,38,142507,106720,96.97627277319343,20.9758106265892,7.186073306315076,0.7263780484994533,44298,21384,9
8,227,0,73,26,8,304016,77252,2.1710089667916592,0.37337478773196614,0.125596790023735,0.060815650981515104,36523,13244,13
8,228,0,89,79,24,319156,211815,0.15529297106989207,0.04573045834403967,0.01565721102776082,0.0683306814328194,24432,18442,3
8,229,0,64,38,23,383140,133958,6.629551290565498,1.559653527335327,3.6903236987683696,1.0666447008507316,35964,19544,6
8,230,0,79,29,16,267648,192364,13.786864616386703,5.01571639642453,4.703559899861403,0.5420226950703757,34316,17943,2
8,231,0,83,50,29,388100,296377,0.1979219367671248,0.07038452162377436,0.01673909182801534,0.06388198956796859,26049,11802,4
8,232,0,62,39,47,372763,223265,1.3989738365577356,1.5538833358300284,1.1780918606555695,0.3513535082224033,42429,13627,8
8,233,0,73,23,30,270191,201408,2.6007577081712725,2.769172673263924,0.5943520257144397,0.15194158326397067,17352,7059,7
8,234,0,72,47,57,382030,221212,14.101128459607862,10.665804545953678,9.72478428771257,1.0054151283045483,33720,13103,0
8,235,0,66,27,34,393018,307874,1.627861560685321,0.5854755890102852,0.4095814099518884,0.14261385253557465,25683,6340,8
8,236,0,100,63,44,190887,105688,10.636472453871308,1.6910974459838517,1.3717419296510096,0.39973128928100193,13935,20154,10
8,237,0,63,47,47,396035,193203,16.70920299903497,20.52685949490758,14.223435305212849,2.1844516505095557,31171,8585,5
8,238,0,90,35,63,288002,273728,2.817816730163199,0.5637900966806598,0.07545162121843449,0.05577293865659397,25863,9654,7
8,239,0,69,41,29,275254,215403,0.8157218397308776,0.08353468324072995,0.04220277896890989,0.055388803290233574,24160,13531,13
8,240,0,58,53,46,289205,260228,101.98135766476989,11.6241890942719,9.771372152576246,1.0380912062496899,19402,12325,10
8,241,0,76,42,25,424120,168719,6.862804388063197,3.405849879184799,2.065094573859778,0.7671414670747924,50101,24742,6
8,242,0,84,71,65,423845,137475,216.693450081246,42.01905610774682,16.933205515010933,27.91985644465722,5398,20905,13
8,243,0,88,57,24,347632,295564,107.95498068136844,27.015130389884423,21.624898585385655,17.535940049261836,8381,13804,3
8,244,0,98,47,45,326958,203757,65.20012691792599,40.0785504188545,8.317920202171434,8.687205029571283,35228,22804,11
8,245,0,100,25,63,289570,241299,8.168871074291948,4.8340226620477065,1.7455285458077214,0.6769963999148634,34630,17217,1
8,246,0,78,37,22,569846,244421,20.99936215630041,6.321276606908783,2.238226575536822,1.2377838260196439,16105,14841,10
8,247,0,65,47,48,231521,263976,122.70502547950309,35.308657397780635,23.18165238247482,4.999025264710847,24018,10419,14
8,248,0,81,27,25,255281,214722,42.0079693508995,79.36270154850048,32.68678540250718,14.675726229935671,36268,11990,13
8,249,0,71,59,74,330243,216896,101.0804832672664,28.76001283257671,20.454012439877054,11.216953821661082,27244,25924,0
8,250,0,88,25,11,209331,224870,92.2258645670976,27.33307735131798,25.269677823957153,37.36405137220504,37961,17358,8
8,251,0,55,30,17,404875,167920,139.88401003147328,34.24938495262884,13.11989218991251,37.50175536647692,29544,13811,4
8,252,0,100,31,23,152865,252521,150.10078697850773,56.08910391386251,10.777157788665901,27.580534100215484,24778,15387,13
8,253,0,87,51,23,228613,171426,153.71044838017426,47.55818127781465,19.62693348785672,12.147701069081274,15422,15690,13
8,254,0,49,27,47,259825,255321,76.19997089360231,30.433267827199867,16.493207356460005,7.400959899683801,29345,14741,6
8,255,0,64,13,66,199533,239748,13.235368569507635,2.9141395241081356,3.273804695170896,1.749899519180199,23587,2705,7
8,256,0,87,56,57,404097,89675,27.591091613440625,18.80690675943117,7.326842552284256,2.1197899537972114,39954,19241,3
8,257,0,92,33,43,168501,240334,0.1799565510529477,0.04854284484631018,0.023426820237894993,0.05717001069350706,39553,23910,10
8,258,0,55,23,40,203681,211681,2.8490500603922255,2.8703915932212998,7.105327379230159,1.0165445510021909,27545,16433,6
8,259,0,85,28,30,232311,266693,3.5403954925150094,1.5859755533032909,0.7471958925372003,0.364519076098246,29636,17252,9
8,260,0,45,65,45,384299,286635,0.055644242358267884,0.01673892462037284,0.008443658523520223,0.0580693551099935,26289,10880,1
8,261,0,73,30,36,445247,205539,0.20892446387183508,0.06652711746121846,0.00697799125022851,0.05577341470617754,24691,13089,6
8,262,0,91,38,42,352239,217850,0.16698062421407503,0.038425381664349195,0.008271427265510316,0.058022494129319827,19295,16897,0
8,263,0,66,33,28,168630,135836,0.12793301646034932,0.032948286488506895,0.007005116907597911,0.054674937536447046,30675,15884,3
8,264,0,52,21,21,237981,191578,0.07810458006128164,0.021495837416769203,0.020197387869481505,0.058870773856399244,27099,14125,14
8,265,0,77,28,40,457208,282791,36.88287956910152,7.461116473323814,5.336667206368958,1.6661398158511749,44900,20262,4
8,266,0,65,20,40,302886,200019,35.428687976629455,21.951318021763655,6.666601772034597,2.5168200690723963,26474,15892,6
8,267,0,84,54,31,155419,246374,22.265044778805436,8.5197999355648,4.466569199944095,1.0969767924577056,54057,17840,8
8,268,0,61,41,28,519403,198911,6.739669346449333,1.6880566123141933,5.80989977311184,1.9592269536449103,48074,12364,3
8,269,0,63,77,48,243021,194159,1.447656156672867,1.1173609585693072,0.4580439564580111,0.3204307911675776,22803,19332,7
8,270,0,44,29,46,292846,228729,0.21544920624446778,0.10526542083047816,0.04539705628868514,0.05733869321753225,29246,9824,9
8,271,0,77,27,68,231525,54388,2.046219023498254,1.5139871889064556,0.7116473755204067,0.391345386984301,14469,15000,0
8,272,0,72,63,60,204442,218584,9.262519370956154,2.6912040002602393,3.0768279223206356,0.6187043602524016,25799,16852,6
8,273,0,57,55,22,429598,87527,0.23981174643762185,0.12519541349372137,0.026175785198580298,0.05852732380901312,33743,12915,2
8,274,0,77,45,37,319622,195868,0.06884604620052703,0.03403028556642475,0.014722310234623384,0.062177708334303916,32055,15212,4
8,275,0,90,23,19,331530,158232,0.1601117057641106,0.07046495955849931,0.010241316071008397,0.060600898898117934,21920,18413,7
8,276,0,71,66,12,172047,142240,0.10656539990481527,0.03406330851231211,0.016037103381811857,0.06163630163417013,29235,18495,13
8,277,0,79,38,72,270072,273900,0.1040767806927248,0.03813177690760153,0.017465728156382455,0.05962799901362526,35005,14887,10
8,278,0,79,33,62,237797,255980,0.1740547996535049,0.03838699818115718,0.01447554899237804,0.058557206566747726,28724,12968,11
8,279,0,56,57,30,217434,182192,1.1924478352617371,0.061314278591641194,0.020071333376893364,0.05885809702531183,43486,17120,3
8,280,0,100,39,58,346731,318907,28.710735536046982,4.786473227279862,2.4812885673151945,1.3559642151579452,29106,25524,14
8,281,0,67,22,60,266213,249688,2.038378660938928,1.05309141448315,0.9579574349570873,0.0776330341035013,14125,17901,1
8,282,0,84,40,11,369263,192094,0.2968379589742841,0.07065726232779801,0.018352592485947696,0.07029758634246505,13992,23481,6
8,283,0,86,28,52,372073,105620,0.24196377803634053,0.05760282261639216,0.010296557242753189,0.06118366706750151,26243,16098,3
8,284,0,72,1,32,256498,195065,0.12648629220919594,0.04049159783455153,0.011812381777577657,0.06023420674677737,18103,16606,3
8,285,0,84,26,45,345395,168424,0.14577191568151904,0.0454465006610208,0.010197891403335432,0.061076590835472316,13808,3759,11
8,286,0,78,32,85,253780,176875,21.29081309024638,7.165978852235346,2.918647767012824,1.0008632378094846,25730,14170,1
8,287,0,53,22,63,221208,220675,73.3709556197401,63.61582699564666,26.53465649027801,5.499096360217929,37967,19944,14
8,288,0,70,48,38,193973,168588,100.95314113083998,45.526314320959926,5.72175087794913,4.764689462477658,25365,16382,11
8,289,0,65,28,61,308597,266047,1.6013232895796197,0.3004171627867994,0.10872081959219754,0.06450556311217401,33304,14584,14
8,290,0,68,47,11,225800,173496,0.10228114151993987,0.033585999082644355,0.015634675147523598,0.06332975010002047,44371,15264,12
8,291,0,55,21,47,437814,148889,0.19997560498919414,0.04545851900744042,0.009298193944822845,0.058699211625918804,33831,23758,14
8,292,0,91,53,47,462598,232478,0.10055431004649582,0.060355290142225584,0.015516595173742086,0.06121924301603861,20672,11844,3
8,293,0,99,20,50,347492,198607,0.1286522708376155,0.04647615364409451,0.008521838127997883,0.06207586650986124,29753,20158,3
8,294,0,89,4,32,324351,242765,0.12359183465193192,0.03767109581663017,0.010493040002053254,0.06080609593694439,25622,23141,11
8,295,0,94,58,45,301857,208563,0.16018188127608757,0.03945984179046103,0.008367125152253347,0.0592426844277296,35028,18446,9
8,296,0,69,27,52,537373,130538,0.23303664649784822,0.04922458757606471,0.011970038772234834,0.05750231653972541,31865,10587,7
8,297,0,65,66,5,496242,215199,0.1201519741971922,0.058260671440047956,0.009112986419098749,0.05878893552137685,27172,18132,8
8,298,0,63,48,35,279541,154602,0.28277404209970475,0.07452978297225751,0.01562496786280931,0.05693556452258506,30798,17712,7
8,299,0,84,51,26,280110,207313,0.20069520442799987,0.051291206094577296,0.006981718546186834,0.061394089380557716,26797,22674,9
8,0,1,40,74,60,903370,463538,0.09532752520648852,0.054883918565890095,0.00994090667423974,0.03807525959267068,18713,3913,3
8,1,1,35,71,75,696144,524800,0.29534312071001134,0.05642785793062821,0.009684624315007122,0.03756231863477115,8582,7251,12
8,2,1,32,44,50,807516,511845,0.15557843285138437,0.050179008179456246,0.013140840288647815,0.036081405602711905,6171,5055,4
8,3,1,30,81,105,782365,453188,0.16838007321956108,0.041755636326870814,0.009133460826190628,0.03627437045549399,8002,4812,7
8,4,1,34,52,44,1069323,506725,0.09310662975528938,0.05503322010760755,0.01141948590658537,0.0380364992873976,12894,3518,6
8,5,1,32,63,44,427900,417571,0.17076623756636253,0.048187099074953596,0.014696341169533493,0.03545555359396869,1000,4063,4
8,6,1,19,84,88,1122818,401101,0.12734455729732547,0.03707168642779102,0.011801433909472176,0.03663936402579899,8840,4081,1
8,7,1,30,85,55,941288,555254,0.19777122239331799,0.10585095560064665,0.01317384049660299,0.03843059437142329,8260,5090,3
8,8,1,19,63,69,830427,460554,1.8150621488546936,0.9687558602872651,0.14853088530221992,0.04010813012863418,9459,8172,4
8,9,1,30,63,81,513295,497431,73.9885160827238,13.06901794522367,3.514885192345998,1.9825898549883756,6521,2113,11
8,10,1,25,59,93,465586,422812,89.80687648919292,33.90235132339648,0.9672955282789967,1.269859471903937,3345,5263,4
8,11,1,55,52,75,687810,443303,1.5444709115990047,0.696136880286089,0.29520235895255625,0.06081763342023541,14661,8551,3
8,12,1,29,60,115,927020,451654,14.563646236656158,21.010136753024607,8.3575484577256,2.023008158017442,1000,2643,14
8,13,1,15,45,79,798799,441271,3.6812412998374158,1.2506558891061326,1.041420425585805,0.16964381158742087,17823,4170,14
8,14,1,28,80,103,915648,459014,0.13949209466014026,0.04324156191906417,0.01172338879071031,0.03563650968488516,11738,6718,3
8,15,1,35,75,85,507328,519743,0.3464612298664201,0.060039585705919885,0.01436216535558006,0.026143820104036965,13406,2585,8
8,16,1,46,78,122,808879,638994,0.1390220187983221,0.0510628452780757,0.015962027543635755,0.036189502055541334,10315,8031,0
8,17,1,24,55,101,1019076,576090,0.1290530727861015,0.04429547340714528,0.010987062334790788,0.037559359771286036,15891,7515,13
8,18,1,14,52,80,1090377,466542,0.08882941460778368,0.02955770211708651,0.008478362123603558,0.03614595286830394,12681,5538,2
8,19,1,38,70,92,549206,436742,0.17821260544618567,0.051469624764983464,0.008644017238942479,0.03585033126861906,16523,1000,1
8,20,1,16,70,74,729615,322099,0.4673180283450364,0.0899407126404491,0.01122099148307382,0.037664043259021646,14229,4035,0
8,21,1,25,67,74,731840,432685,0.1359167638418391,0.029109307625572674,0.011362511308083046,0.03504584880234864,15589,6982,5
8,22,1,27,65,53,674727,390159,0.11920340031822511,0.021357551938527265,0.008587000037875768,0.036513839141561144,6426,4266,10
8,23,1,29,95,63,981553,505451,0.3236629778656453,0.05741379476197281,0.015545141702536801,0.03520289135537134,8096,5018,9
8,24,1,36,76,121,1374295,666857,0.3119910090361036,0.266754954676441,0.031853467998172645,0.03768742889654407,10080,9055,10
8,25,1,23,99,55,577257,460481,0.7864397276762507,0.1994528207629254,0.03635626537111437,0.0378941885279968,10017,5640,10
8,26,1,27,89,66,884953,354727,0.4964126558324853,0.09229821630727779,0.026240002722913568,0.03934744968349787,12876,5466,9
8,27,1,29,95,78,859106,480400,0.3605042055835056,0.13356703861326685,0.02833792577578522,0.03711236591583237,6251,4245,12
8,28,1,31,53,78,863396,455918,9.232139523343706,3.3370515570411,1.0224079364661132,0.5671738567763167,9968,8147,4
8,29,1,30,78,87,1066599,626109,132.02798959472014,41.68747182665017,16.650875367190903,17.336325560052455,13135,7057,10
8,30,1,34,63,70,874658,311520,35.07590403423998,15.671024561914013,4.348017577751638,1.9628508058286365,1000,4047,5
8,31,1,38,45,88,372740,400836,6.715452202850365,1.3733291674584598,0.8427041355928772,0.06896499487280773,15283,3554,3
8,32,1,33,92,102,512635,576099,152.40989897633656,91.84417299341015,14.955276957449934,6.099405039543845,20224,3368,13
8,33,1,34,65,105,586611,343044,9.356765435494108,8.87359769832348,1.8450855705756382,1.054119780517879,5423,4078,5
8,34,1,14,54,74,650286,557378,0.13989336761142843,0.10450085882851358,0.025855640375017683,0.028120589286459673,17398,3447,3
8,35,1,30,63,92,772083,433464,0.17855649219134673,0.09260310435175016,0.046194285915768,0.03076197604491641,11133,5242,2
8,36,1,34,58,57,757058,602626,2.5560014126640387,0.3574570241755278,0.16791386812125422,0.03276188874999646,5572,6698,8
8,37,1,37,59,65,435320,495103,60.2702526996546,26.320249079445464,25.368364572927735,5.491947659487435,14138,3417,8
8,38,1,23,66,56,478259,484033,141.66298515680302,62.17932312536103,14.774552141696327,11.051526914715478,19698,3592,3
8,39,1,23,95,79,376203,559880,1.345429116873615,0.86067019859285,0.11619351127369525,0.02891136515313556,7984,3788,0
8,40,1,24,60,62,489197,501905,0.20603277764493816,0.06189166032965181,0.00995839331241938,0.029488841142371977,4668,5659,2
8,41,1,35,94,49,998232,376388,0.2036812773387303,0.06065218581128494,0.01340954806192917,0.03035754468388927,1000,2980,0
8,42,1,40,82,72,745909,447915,0.1838943903068253,0.051274456285986446,0.015421601527455399,0.030063632327067973,9276,2029,14
8,43,1,25,75,45,609459,337285,0.1185259562016,0.06584081765763981,0.012231082066441672,0.030774960643674788,10816,4512,3
8,44,1,39,81,106,416484,413566,0.15854605403806873,0.04308064510744546,0.012328624912489254,0.032494152167904244,19071,5150,5
8,45,1,31,70,68,597435,286119,0.347715133134943,0.051600883371911474,0.014952966690748718,0.033339495274915254,19302,4731,12
8,46,1,28,89,99,921436,733821,0.13143889867250505,0.04209792527700817,0.011843229122295105,0.03174621083135508,6684,4780,3
8,47,1,27,78,70,895132,497367,0.6448933384052988,0.1153932900151563,0.013972838470423842,0.030899808723619162,14038,6671,13
8,48,1,37,45,56,749507,553305,0.35313637230288397,0.07973636380726362,0.013379351663771875,0.03262453991418198,4245,7352,12
8,49,1,33,74,103,746592,416475,0.2685459318244089,0.07683794307462186,0.025178586948276044,0.03331085213752103,10364,4877,3
8,50,1,52,81,81,445749,552565,0.25618396487660744,0.04771976903770691,0.012852797966214774,0.030722109440481576,9350,5245,0
8,51,1,21,65,117,644788,577378,0.17074768428207704,0.05190290430771007,0.014434012351688012,0.033597243411487294,5619,8673,0
8,52,1,35,71,70,911115,593623,0.1402058054821335,0.040359488393693764,0.011776863970728033,0.030733748130431202,9398,4495,3
8,53,1,24,60,71,665037,491737,0.13479204458555527,0.05068049227700859,0.011958684465202492,0.02949599301175714,14215,4161,14
8,54,1,21,49,100,1124695,601543,0.15147525592726335,0.057171233712203756,0.016699031721599842,0.028789806567082018,15481,2302,4
8,55,1,29,46,100,1041113,439234,0.11275323348087708,0.034891696351851485,0.008083330488402507,0.02854518103776107,9275,6362,2
8,56,1,31,46,83,709245,537415,0.10660179298900056,0.04677877282511628,0.009152069688990676,0.029386393123707492,9564,2118,0
8,57,1,59,80,146,746926,504827,0.16208511948068335,0.04083482482585015,0.006643970514535535,0.02977523467499321,1000,3732,5
8,58,1,28,32,74,1244615,382484,0.06791190647305058,0.01650213940562763,0.007383716066618725,0.028876526260459133,11369,2972,3
8,59,1,18,60,54,969438,317018,0.18600805884810598,0.06791095963889224,0.013870452533104097,0.028637117663875288,8672,2434,2
8,60,1,32,58,59,814055,470101,0.17988320008408681,0.036750525258045764,0.00664064374992271,0.029298738795081117,9548,8025,11
8,61,1,9,65,74,837140,470467,0.2778223948153313,0.08573421247310234,0.01118307119909419,0.030390800111736633,7592,5272,8
8,62,1,29,42,110,829778,473036,0.1192927558577321,0.038836289693520085,0.008240306959435707,0.028735465747816,5255,1818,7
8,63,1,30,76,76,796605,604998,0.15937011468038453,0.034889096151054434,0.005930423926343508,0.02888508834152084,5633,5632,9
8,64,1,37,50,111,585804,637619,0.2645208425519572,0.04836370604705301,0.007772372382786509,0.027716061895409202,6616,7014,12
8,65,1,39,86,88,719536,565721,0.17113008976242275,0.03968129751837686,0.007592403969713025,0.02856861135958998,3366,5943,7
8,66,1,24,60,101,512792,558724,0.10258422042632587,0.03707537944215955,0.006467896505726167,0.028632714544059232,11457,7265,12
8,67,1,28,68,87,944962,492008,0.11606276768729931,0.02120829587024093,0.006269509652797664,0.027215619666473952,12802,6126,8
8,68,1,22,70,87,773502,517658,0.08863396601300813,0.040813398868046226,0.007277531431997434,0.02921483572823373,9311,6573,4
8,69,1,18,73,95,955096,542957,0.13019116794984492,0.05343204570219449,0.015037209498329167,0.030725134025880695,10883,4811,3
8,70,1,33,70,68,545114,514006,2.0450333737529887,1.1690192749447625,0.14771308978724182,0.029176851293470137,8852,8014,2
8,71,1,17,63,68,1084415,559254,26.690938512705372,6.053631977252833,1.5150085304237115,0.5056972284865527,15711,6627,5
8,72,1,25,75,86,1059542,504579,42.483109282154636,10.950609836028793,1.246458490351864,0.15897382914331107,10270,5560,5
8,73,1,20,76,118,485114,450477,0.16060123988843897,0.02900676254246074,0.010571936736460289,0.02912369703259176,11388,3309,10
8,74,1,35,58,49,698823,526147,1.4938103136768763,1.2337220764046515,0.22155623963765725,0.03386711749352298,14017,7110,2
8,75,1,48,76,39,720534,476399,64.17920177733183,20.52216839809938,7.104136244056873,1.6542167277568192,9880,7383,11
8,76,1,16,87,74,512421,645231,0.7799891257293161,0.03558303935195183,0.023221058692310594,0.03132167276714274,16965,9294,11
8,77,1,11,80,100,748026,457261,0.13734609825572172,0.036294246071674044,0.007914473912035374,0.03026747683530296,6676,4898,1
8,78,1,28,83,81,911618,785970,0.0893573189890106,0.029254119737837113,0.008349301294263495,0.03050785487888174,18630,5809,12
8,79,1,30,72,56,706114,663967,0.21984525351535697,0.046760580753419954,0.010978925213219264,0.029476652582856932,9016,5774,2
8,80,1,32,55,81,457423,386739,0.07938178296761621,0.02310615198347213,0.00956328074205295,0.028823282097829722,6736,1105,8
8,81,1,25,57,45,954497,625166,0.17879565371354364,0.03548960318532793,0.008642089838639474,0.031066151666945145,2156,6726,11
8,82,1,27,74,92,641660,487451,0.14351786471635514,0.03166029150904071,0.010942166417283421,0.029954409403345733,14357,5961,0
8,83,1,33,84,73,662745,556554,1.773976493739146,0.7599877502607542,0.17029942098754772,0.07628660186038062,8172,4125,3
8,84,1,40,100,78,1136258,657668,37.067579130434126,22.28381763184995,15.924137826000575,17.59264974332723,10717,3372,8
8,85,1,10,84,88,879330,422498,343.10655157023746,64.93173035137139,16.29108003657536,19.17417673103678,11306,2722,14
8,86,1,26,52,84,638188,453660,16.542643508148398,8.841051723063224,4.3041731868188835,0.9888097969941445,7561,6273,12
8,87,1,32,58,69,562180,575342,0.1212611394832726,0.02741568002862799,0.00632826521794663,0.028902397293547724,15366,3644,6
8,88,1,20,100,100,993178,463323,0.06992434760866459,0.020980184586794036,0.006914317727986002,0.029572232519276168,12274,6045,10
8,89,1,47,66,95,979408,277515,0.1281691551896037,0.025633158971847054,0.006160090398243289,0.02917697194660878,5741,4853,12
8,90,1,23,70,44,698653,596369,0.1494781070510161,0.03340509745668089,0.004771797298158997,0.028931127471091167,3279,5567,8
8,91,1,29,55,75,548198,536940,0.12243600650771425,0.03929328800220599,0.010358573764965684,0.02911006514020364,13906,7642,14
8,92,1,35,93,58,877119,497666,0.8182062088385778,0.13719298943697783,0.01451853551879549,0.029073344820506348,8794,6059,3
8,93,1,24,77,54,918784,512513,0.19129853935131733,0.05479836345247415,0.009969485693223054,0.02725467028911479,13489,5876,11
8,94,1,11,58,90,725451,723831,0.1873681473370229,0.03864852568327847,0.009515657972501033,0.027310712524337748,8751,3933,8
8,95,1,25,55,71,579367,601266,0.18555874955672844,0.0545367032682284,0.01412496711885533,0.027433468484435477,11060,6016,3
8,96,1,40,74,77,804951,413903,0.131891648244569,0.0262064098070619,0.008093353745136686,0.027378982634103044,14027,4951,11
8,97,1,26,70,66,892349,512306,0.12155501372547273,0.03456280119441729,0.0098073056508453,0.029412594019438885,2493,2402,7
8,98,1,21,82,87,702580,618596,0.14108558996105403,0.05281240226544291,0.011031093635723514,0.026405721654777534,18430,4690,5
8,99,1,39,78,93,852378,616488,0.10856757693557932,0.05105598919881742,0.012031164748289058,0.0279749193038121,11878,7442,13
8,100,1,26,66,123,872194,349754,0.2591183914439453,0.05370139969849441,0.008304002221069225,0.02745648062054,1000,3233,2
8,101,1,24,61,76,1029092,449871,0.10889273088532783,0.03193974517054537,0.009878546645794265,0.028403335578307782,16740,5702,7
8,102,1,31,67,51,715863,386605,0.1931539744475546,0.0334191399322828,0.014581347677510365,0.0294561534305867,14943,4794,2
8,103,1,37,61,69,572148,563966,0.13462877133173667,0.04236217802074849,0.01499405280139633,0.030022899366937146,9050,5040,4
8,104,1,53,68,96,786536,409289,0.09717256005852824,0.04423635382568025,0.01331336440769073,0.030006766914508612,16978,4606,13
8,105,1,38,70,64,1137500,655467,0.27348077559621065,0.06926335413151301,0.00899264342952653,0.028764580706256412,6806,5554,9
8,106,1,41,56,50,447375,629530,0.20905333490494993,0.03354490277417772,0.008170805224719536,0.028196141735670834,9348,2972,13
8,107,1,24,79,64,337388,475319,0.10604434977045632,0.027399044107473826,0.006404683275779437,0.03021586879314175,21722,6119,11
8,108,1,19,64,69,778392,373518,0.16677779458623335,0.03919158357474725,0.0067745561397553455,0.026563756532411106,12604,4124,5
8,109,1,30,57,58,724144,421101,0.18135418845856213,0.04885917932306499,0.008070735905808733,0.02858637871593191,15419,5364,1
8,110,1,31,64,84,758326,545107,0.06957096860068965,0.03471037718349041,0.00866252755322821,0.02847779298804551,14084,5475,6
8,111,1,19,73,78,750885,585218,0.17667814566867032,0.037474146465391184,0.006891118339752,0.028744780813730716,3071,5525,7
8,112,1,28,71,95,1001115,496154,0.09319444842856121,0.022592152650646576,0.0059996190726354075,0.028683801443538666,11495,4541,11
8,113,1,33,76,71,791507,243197,0.10844265352732563,0.03428193276848682,0.009608579411388036,0.030726880003582813,11035,2496,1
8,114,1,33,83,91,963917,568004,0.06346833766803388,0.01831774728282455,0.005639728444946309,0.028100415456984915,15929,3910,2
8,115,1,35,89,70,304499,297958,0.09569086356165249,0.0386752584927706,0.010179390317257066,0.02818888781380871,17504,4289,8
8,116,1,32,74,57,694192,288088,0.11518052710767043,0.03601445337469019,0.00779894621887271,0.027391647046363002,16448,1551,4
8,117,1,24,53,69,636940,599828,0.08987716394479962,0.026233493634455547,0.004786413362750607,0.02833943956929776,7634,3930,13
8,118,1,24,65,47,343069,381402,0.21088527657127049,0.05607789963667641,0.008309192249470373,0.030064118247004713,2814,7213,6
8,119,1,18,54,115,820679,525060,1.1529868706949353,0.5730151607784448,0.20759267910493026,0.028563981753858162,12498,2936,7
8,120,1,47,95,82,779938,509194,220.31966973590866,71.38575976235899,17.144460515289918,4.91084177744059,9556,6524,6
8,121,1,30,99,64,706590,419468,48.8914154046328,8.065865091632677,7.790626086795683,2.939518682106686,4741,3905,7
8,122,1,27,79,72,774804,520612,1.0484670642856297,0.18246159863309858,0.03405772730641444,0.027140353607867696,6518,3831,14
8,123,1,20,82,30,820678,444966,0.1711179268195206,0.03847792115654406,0.008987550854338831,0.02695660505249141,9705,4618,12
8,124,1,59,73,108,1002619,504756,0.10832651911877023,0.02933146432070124,0.00905981576169011,0.027323313454944428,11290,5624,6
8,125,1,19,75,106,928505,461380,0.07339580421417173,0.028941360721094885,0.007970881382710434,0.02665506173186216,7219,4127,2
8,126,1,25,46,82,865710,449854,0.07185314036930115,0.028834781723318742,0.00681913958952533,0.02757115129125708,9920,3950,4
8,127,1,34,68,86,1261447,434035,0.09984056918595206,0.0302657167645693,0.008287966683477824,0.02664078555982617,9635,7762,10
8,128,1,36,56,54,658385,410154,0.10845785575550233,0.03642700260270214,0.008844483115880129,0.026679869951012652,11374,5250,8
8,129,1,39,74,56,528019,585251,0.12794239019442633,0.02326336387057196,0.006034419294077653,0.02905966701554333,5120,2198,12
8,130,1,48,69,46,1034830,454708,0.17921375256561206,0.03464591507080632,0.006009041628654209,0.02717337899023768,6509,1000,3
8,131,1,35,99,76,1173367,386841,0.12231352576191563,0.02901888827375655,0.007543292860752166,0.02712695204424207,16742,7887,4
8,132,1,19,83,101,672961,459102,0.10761375776562773,0.03159164522914361,0.008643035309598618,0.0287915664268446,8704,6847,1
8,133,1,27,74,72,1075560,447217,0.17712510205780746,0.03323769323021476,0.006795081207954103,0.02690456548236168,12382,5358,4
8,134,1,33,65,86,693308,460592,0.1325152973057476,0.041923740676943155,0.008534929307124042,0.026917117668501578,3909,5289,5
8,135,1,50,95,99,916950,571342,0.11375822497319525,0.057648558077347055,0.010450671035842409,0.027114170211287637,15938,4979,6
8,136,1,16,69,47,928054,437222,0.1940541444235732,0.04432056977698398,0.007848213374371695,0.02693717754439088,15757,5194,9
8,137,1,42,74,116,673789,462044,0.17362427536747108,0.05216842772052491,0.006773816743114139,0.028327498699008344,11494,5423,11
8,138,1,31,70,103,1169345,564314,0.2567587455809359,0.06529249449411824,0.01216005049630574,0.029132716189328525,6930,7087,9
8,139,1,38,63,90,1192316,544393,0.2691174259206842,0.06824791293544193,0.007808813795390811,0.027655308565299783,2818,6893,3
8,140,1,28,70,98,595758,431291,0.11502142428238306,0.02626453121745867,0.008080502075316685,0.02839300413814506,21371,5393,0
8,141,1,21,40,99,840210,596602,0.1901904418303823,0.038217049006333735,0.0070653618328289525,0.02796539341126664,7972,5430,4
8,142,1,37,46,85,982900,590941,0.0872052906091493,0.03237094107787182,0.006808801900262626,0.026515583845008038,2831,6682,6
8,143,1,36,75,108,423483,583916,0.19304357416363713,0.04266232507241416,0.007161377942482301,0.02706993514572233,7016,6168,1
8,144,1,39,93,70,805246,530256,0.08892436659778369,0.024292205967439893,0.005011971338128313,0.026203396494902997,11996,4827,0
8,145,1,29,75,89,469364,482634,0.21644049922607156,0.04784049520576909,0.011709247251063716,0.027283740505805763,3762,1000,8
8,146,1,24,59,106,933496,392581,0.1524300417156041,0.03566268019574534,0.007694792997708792,0.027165903920482286,7048,6386,13
8,147,1,14,48,26,817194,361639,0.1756732527930251,0.05570011322581966,0.01050571271470615,0.028634867040748028,2795,7231,9
8,148,1,38,81,88,725246,491520,0.1648636019653864,0.04003236879357643,0.017024013696230588,0.02881232125399209,17216,4476,12
8,149,1,34,61,94,486619,501420,1.5311003050107441,0.7258200695391035,0.7463044039002471,0.2272693139901516,9585,2778,2
8,150,1,20,79,45,680279,473880,56.77022070653125,18.334265609466538,12.039674180636606,1.3767876677519928,2738,6873,8
8,151,1,24,75,85,903839,488899,13.070950731652912,4.533146965343397,3.4239963580184107,0.415700083989191,5499,6904,14
8,152,1,25,77,64,791805,636361,40.55875627262514,14.098562426597146,19.70976355053435,2.0245552354585326,6774,3288,8
8,153,1,15,70,87,1038506,662736,6.607210087307031,3.1907339457127715,1.9893450031629665,0.8558227920982908,10115,5949,9
8,154,1,21,75,78,1025551,389405,0.10856050807097078,0.06291592521320374,0.021129196090134725,0.03163834355832699,5442,4088,11
8,155,1,18,68,61,1017058,528851,0.1492702675900581,0.03838027949543493,0.015312379534922598,0.031257206664806025,8174,5687,3
8,156,1,25,60,102,692446,505196,100.73062808754425,13.48848612472088,1.763047318118944,2.090830235341086,6813,7790,2
8,157,1,22,55,71,858995,567496,25.741025625735492,14.058706797575358,8.47218861400424,2.414196020078926,2816,5943,2
8,158,1,13,34,85,606953,673354,66.97320749039537,15.945952939226236,10.204579719915042,11.590915988873519,5424,3753,6
8,159,1,50,67,106,548013,718799,1.9505523049381432,0.7695126171947273,0.3270777753232683,0.028811409161415794,6141,3922,4
8,160,1,42,92,61,1036370,571962,0.12854940320668584,0.036560265640521304,0.011790316901060933,0.028942841658313505,3903,8961,2
8,161,1,22,80,80,562695,504007,0.12040360654610086,0.03311833954651189,0.009258578622883193,0.030028503628306943,2782,7556,5
8,162,1,32,73,70,541209,463743,0.25073510535104765,0.057647722311892656,0.024113523579741072,0.02867181649815482,7024,4128,11
8,163,1,34,58,74,821038,748677,15.133571798903146,8.600374117470416,5.012685760732055,1.8297912944451766,14323,4791,11
8,164,1,41,84,123,745864,423258,152.51219752983243,51.25956139765335,7.645043541446932,7.01086532384688,9260,4314,12
8,165,1,21,68,89,763156,582270,6.81971136628603,0.6279664931122517,0.14936669599829488,0.03212099253552072,1000,5376,9
8,166,1,40,93,86,1261130,473579,0.10288014485264267,0.03529776071198369,0.01425478509550904,0.02799306837829644,15050,6583,0
8,167,1,24,55,90,601106,366136,0.14388823510388615,0.03993360455535058,0.006026606115253735,0.030315288142327392,6534,6036,9
8,168,1,16,58,88,899006,671551,0.1108072827184663,0.047296051096265106,0.007596912932759874,0.029606867048964664,17189,6405,4
8,169,1,37,57,43,817338,325774,0.13353635806910263,0.029406750463101566,0.006213250686472439,0.029735081089662545,14033,3591,9
8,170,1,42,47,125,1001867,285123,0.08380636544905246,0.026220383680475877,0.007812260800613131,0.028720585426194913,8466,5237,13
8,171,1,55,55,50,642842,570011,0.14171350144911668,0.035521329058818565,0.007732372955159422,0.029609582422859205,9024,6697,13
8,172,1,18,71,114,755107,469567,0.25040731254552484,0.06055469600935942,0.01426881210461955,0.03013266894364691,4295,8036,11
8,173,1,36,59,92,822829,543159,0.2327904718174433,0.05522436823332541,0.010317833886407753,0.031431065283491544,13257,1000,14
8,174,1,25,12,83,513235,499286,0.18311019455787114,0.07063809399252566,0.019433033727551913,0.03519954161337231,18082,5929,14
8,175,1,37,86,73,438889,560061,0.20957374621554145,0.08066593405828668,0.025957689851489447,0.042273319629486224,6365,7435,13
8,176,1,15,44,132,795840,470430,0.30592141136950396,0.1012141939163822,0.02949791253441875,0.0422974567808649,6985,1000,7
8,177,1,17,78,92,1067527,590223,0.1143298786199933,0.0844110701280897,0.018442893373873052,0.03375674498640083,19867,7732,12
8,178,1,22,70,80,729559,593104,0.12923617665653134,0.03438175014738528,0.013634812327944857,0.030186577789499503,10431,9418,4
8,179,1,30,100,69,756983,654891,0.27659012390015425,0.09961866299266475,0.015801742649471928,0.032090445036435905,2379,5368,2
8,180,1,23,84,66,1030141,626402,0.24842185336550593,0.05525734998141098,0.008773135323375397,0.028289684584815847,3180,6082,9
8,181,1,36,62,81,770236,489355,0.10856740066192087,0.040955802962494514,0.006729072541983714,0.028699036749248993,18521,3061,3
8,182,1,40,59,61,955381,569616,0.19459778088170812,0.03920582799210795,0.010075043236643332,0.028619334857115823,12368,9094,14
8,183,1,35,92,93,1333293,541736,0.09366846083259793,0.05463833634394291,0.012068669092696275,0.02879794268677949,4748,5566,8
8,184,1,46,47,67,684587,542109,0.21154779776500574,0.06773855580053756,0.05038332775087152,0.049617041895539345,11686,1000,3
8,185,1,34,72,100,764589,367623,0.270403385984976,0.19520684770198402,0.10598254479941288,0.07397801960439036,5839,6932,14
8,186,1,17,68,99,879243,575321,4.099586386656488,1.987474422120032,0.6009750332566361,0.3218922146327002,1000,3186,6
8,187,1,43,64,78,1098324,560873,20.61564845404719,19.425034993519773,8.01825265657115,1.4309547125695128,8272,3991,8
8,188,1,23,75,91,776974,682028,24.80501525727633,7.193155813979875,1.832108418787857,0.6798527834160192,9956,5578,13
8,189,1,39,72,92,945853,616558,14.075254328873505,5.37981303806279,0.39750322622004597,0.08778682129558663,2164,5051,6
8,190,1,45,76,50,869577,514957,0.2561703584785016,0.058401895205981665,0.01021613020441793,0.027405970523268864,3715,5665,2
8,191,1,34,72,114,785552,489824,2.140637137614936,1.3640713181260473,0.10736461972517897,0.029514226322826822,4991,5893,1
8,192,1,15,76,74,715915,399592,239.69005250546334,53.0459912070562,7.445323188351218,4.284713361646105,8978,7691,11
8,193,1,20,71,93,678156,681771,251.1457685518836,67.78176295542613,14.28602289699809,9.156761234533965,10643,2294,8
8,194,1,43,60,94,1413105,393458,402.7449810804522,75.88886488391121,19.71453101863752,7.168594965311064,2785,6071,13
8,195,1,28,70,30,491790,313100,49.899313651830326,39.27488871172286,13.768945614813605,3.512381137614694,7089,5333,10
8,196,1,30,59,66,510742,589987,96.14773961282967,23.085335506878984,9.342344594064258,2.755110165291672,7646,4547,11
8,197,1,37,58,96,848948,508695,7.641453962019136,3.0102104262695555,1.5697591574291605,0.2922372185284641,1311,2482,0
8,198,1,36,64,81,840653,526441,0.16502317425289564,0.03626304037239652,0.01319899684059806,0.03134734052884266,11124,5793,1
8,199,1,32,68,93,885270,518656,7.613646937638234,2.3955226634691673,3.536864863404358,0.9242974765696191,12984,3095,6
8,200,1,27,70,81,625090,394195,2.56574366700533,1.0937871408363433,0.6158825408210452,0.06077802481811257,11559,1625,14
8,201,1,26,83,104,594705,536885,0.4040625795033079,0.15571382942467035,0.01697021481455275,0.03361901788655806,3391,4612,0
8,202,1,38,62,82,742900,467721,0.14460279310579424,0.0671178367401208,0.02645134268334971,0.039120032627467216,12989,6185,3
8,203,1,35,72,108,981522,453722,3.4553327046539564,2.5805645338526833,0.9184611048421979,0.116330062482647,9493,3557,13
8,204,1,27,71,60,596453,642303,78.16048719685598,23.339027655805022,15.33424459646071,1.9216081083552075,14912,1290,3
8,205,1,40,60,77,830224,579109,61.64367290932447,13.379462037609551,8.798839002993835,1.8368829629451615,12391,4948,12
8,206,1,28,71,68,697548,269907,68.0717330437232,14.272447123682923,1.8160534075424064,0.17814390042435888,11560,7398,8
8,207,1,21,85,87,495103,521630,0.3758991074905263,0.1962793040621831,0.02222711778358732,0.04029621073515569,8589,3556,3
8,208,1,22,72,74,543718,606605,0.10261149516860103,0.04359712320154018,0.014447746238646846,0.04013918398560684,14780,2263,3
8,209,1,20,73,75,982069,375404,0.1494004180038909,0.0677669225829209,0.019131203408482646,0.03772521745820785,4282,1796,13
8,210,1,27,59,65,679233,413633,0.2753920820559848,0.12480058769817444,0.022939329740010745,0.03737226938539224,3680,3573,10
8,211,1,42,99,70,1048761,600026,21.456959060691258,14.198323639630727,1.939073400322088,1.1219449866166744,23710,5051,9
8,212,1,21,60,79,792550,454601,46.74801448075283,20.842088143692,4.485090342369179,1.5894890739772445,1000,4058,11
8,213,1,31,44,39,526434,302177,0.6058791528666098,0.23576713537319277,0.14795498526185263,0.03648488381934793,4043,5506,7
8,214,1,23,82,33,895439,619974,0.4958858321373228,0.05427030119598192,0.02185239519594856,0.033033448023585585,14018,5215,7
8,215,1,27,68,81,639731,482569,13.010790506879733,7.4222899096875175,6.322610648711912,4.27143392721619,1864,6997,6
8,216,1,14,65,24,724630,537370,123.80088990097418,28.610271092880662,14.84133682118982,3.377942992861826,13682,4726,11
8,217,1,27,61,76,1026544,495071,284.95508384231164,110.5010337869681,26.83642144853669,10.357125192351308,16134,6238,6
8,218,1,28,98,72,542064,612097,36.98265015567609,21.60848689956312,3.0226883679926217,1.835919482959469,16730,5082,0
8,219,1,35,75,90,710076,390102,0.19535927421397056,0.054508664214849005,0.03304028695057305,0.02970937680294234,10333,5362,0
8,220,1,32,78,66,583293,566411,0.23079376244973474,0.04834062379961551,0.020100406078661134,0.030463418346150933,4135,5341,3
8,221,1,18,72,111,561933,631870,0.435803616347336,0.1200627649899871,0.02046435878816311,0.031985094323501016,5427,2950,4
8,222,1,40,74,96,705361,365063,0.24300707273457123,0.05662938543535891,0.016003314805464394,0.031082256391989502,16325,4830,14
8,223,1,32,90,49,628486,426045,6.939188203440233,1.8679593873529003,0.40959026545781135,0.06114284629799095,1000,3735,9
8,224,1,31,66,74,745218,664463,8.967581929742247,2.94207134792889,0.6778367991616331,0.17729326850279645,14116,3332,0
8,225,1,29,48,110,927768,608116,0.14045624780318147,0.04859814128088674,0.015112501344713609,0.03054704607877628,1960,5790,7
8,226,1,24,83,66,649827,418068,0.12125139349779022,0.053018378155168654,0.011421133520617936,0.027660089130141643,9524,5984,6
8,227,1,32,77,78,506363,378549,0.23389818826437456,0.047796070628536566,0.015899223942146833,0.03395853076546891,6885,3739,13
8,228,1,34,71,108,928295,528268,0.30297255097367076,0.07120848921244603,0.012231443138025848,0.03632925626114636,7784,6393,5
8,229,1,12,77,69,648484,532961,0.18033587039320392,0.06099506262461572,0.011457259542390142,0.03485433858126239,16707,4103,3
8,230,1,24,64,102,1165553,494085,0.10883245665319294,0.049455270958609444,0.014343060340934487,0.03558516587378245,7304,6790,11
8,231,1,27,70,61,718200,733334,0.21904931419660115,0.05402553289269065,0.012731821020296586,0.03595815246701289,15214,9378,13
8,232,1,32,68,22,772804,564675,0.13168644450746447,0.05093755971793313,0.010788336751259647,0.03792457869854596,6401,5957,10
8,233,1,41,61,104,339181,415955,0.14196769257546454,0.06009906492555425,0.010615546751569317,0.03632876436208297,11310,4780,12
8,234,1,22,87,88,567653,605765,0.10533291681826919,0.03828556063112767,0.006532078587926545,0.0362118681889397,9363,3625,9
8,235,1,25,48,90,344171,505817,0.20766475937119244,0.05317514933205342,0.013101654548688928,0.03908741624021461,3135,5405,0
8,236,1,24,100,58,858817,432328,0.10333511992195403,0.0290937914318473,0.009726966555267993,0.03745371288090158,3248,3044,3
8,237,1,21,83,59,783640,590103,0.172273366245157,0.05845298202600978,0.007569481265591139,0.03672925977441702,8686,4524,5
8,238,1,26,43,103,926024,647559,0.24576153535301432,0.04354304485631195,0.011605260609479997,0.0366145029754105,8031,3208,3
8,239,1,37,66,84,961481,521584,0.15742674927236036,0.051332429048901014,0.018647828214986516,0.03747671222978885,13383,6681,9
8,240,1,19,67,77,992294,402273,18.039914955178208,4.562603723308455,3.8041665895694883,2.0663205355756125,1000,3939,14
8,241,1,34,75,84,754991,511311,369.9775661373515,150.0357774115993,52.064252841002954,18.16235309810323,5856,4936,14
8,242,1,12,55,110,817082,404382,476.75009991919023,135.5127165620193,27.115056665627815,20.625882187053985,12152,1556,0
8,243,1,24,70,94,915788,522650,92.28380007022751,30.53501439931073,22.95387531361545,9.0394858506885,8754,4315,3
8,244,1,26,68,70,641054,575448,481.0017676662532,160.0804635793356,25.57199186388578,14.129809639598191,2726,4260,11
8,245,1,46,58,51,612397,302337,739.9966351000093,190.2296287708059,24.07591727269821,7.686762724224881,11800,3163,5
8,246,1,27,56,91,1108013,571551,819.5738067212062,217.00454906131628,21.134132946210958,8.675887313203221,14243,4412,9
8,247,1,7,83,61,438767,462623,135.77835250664978,44.363914084636626,12.330514524570384,0.9422480472074364,5011,1000,6
8,248,1,10,44,56,900000,443772,203.38755621560477,41.74842138176457,5.988378284858072,2.211523337951701,14834,2692,9
8,249,1,30,77,106,868242,367266,2.7086374399455284,0.8667264388548387,0.41760487069031854,0.20865525924435502,7018,1657,10
8,250,1,36,81,97,575335,392649,2.2849728724436966,0.8586639204814817,0.33724780980785407,0.25411732501441797,8218,6521,6
8,251,1,33,66,87,666431,676464,0.37795734071247056,0.07388565331339955,0.007040936531570682,0.035900464757969056,7336,4946,4
8,252,1,31,70,55,728631,584934,0.2990026955800781,0.06480525033599026,0.012061478456691048,0.037496070425683974,15070,1000,2
8,253,1,41,87,115,843334,629469,0.15390688224566076,0.03465332198409391,0.004139652811385443,0.0347840696575303,9184,6984,5
8,254,1,24,59,100,870334,414266,0.10066328689320185,0.029016714595655625,0.006256030846200161,0.03487817786965039,13865,5852,14
8,255,1,38,60,73,793814,679865,0.1044505346206932,0.025318158528518757,0.007858022471635048,0.03536188473084517,7572,4785,12
8,256,1,13,62,69,837678,493339,0.19055207193584264,0.030023913586920522,0.00430944857966065,0.03512391432469947,11796,5681,5
8,257,1,20,87,81,931890,421117,0.11495202382014029,0.02877623410463408,0.005962720618198592,0.03509410323944753,4562,4740,7
8,258,1,11,89,70,922652,392195,0.0789622027517439,0.025894085979127093,0.008060052441008079,0.03414124360199247,15005,4291,4
8,259,1,27,49,124,1106861,395164,0.16287478533941321,0.026310018105762892,0.005309880851370934,0.03450187909294961,8466,5164,0
8,260,1,29,85,72,1008627,425335,0.14017697597616158,0.033092398947368235,0.005188782285819918,0.03546478072237321,16245,5115,2
8,261,1,31,82,58,803558,410612,0.11208179682791806,0.027088812077555438,0.004259932747765696,0.03518459373200618,9738,3366,8
8,262,1,30,93,111,928136,590428,0.11210887949748548,0.03519122898001795,0.004553543279843036,0.035264732704191254,10478,6487,9
8,263,1,20,75,68,884764,760116,0.20848692630924412,0.03443516745825659,0.006347140032070757,0.0337535634538659,21432,3410,14
8,264,1,28,69,95,832881,475297,0.13238452919424068,0.03201485411973483,0.006810614486419801,0.0346431907407341,13726,4393,13
8,265,1,15,87,93,626280,477230,1.2112482092999124,0.5374292821966944,0.061215387178735016,0.03598833350857902,10972,6696,1
8,266,1,43,80,78,832451,314215,26.091000291624287,12.510568975934637,1.431017059943995,0.2631761583571409,3904,7169,6
8,267,1,26,100,60,386950,407473,49.24867918026724,10.643962226122085,1.1594979496906643,0.5111099034732436,6223,6887,12
8,268,1,25,84,79,1014465,337913,69.17817566777602,16.713141929626588,3.7292596024101803,1.2983671711152571,13926,1611,6
8,269,1,45,72,56,870069,581344,88.13449281921729,30.90328751351849,7.681910162991452,5.663048632118177,8337,4624,3
8,270,1,17,52,79,768162,693341,54.015748199513965,22.440919370397243,3.1240359014566104,5.480492161973448,8964,2680,4
8,271,1,18,61,95,715856,391896,0.34488291725604386,0.04319109243083968,0.06197462593429243,0.034429020394228675,4589,2907,12
8,272,1,19,48,114,930900,479694,0.16166516728720917,0.057278812016731954,0.006470430195314581,0.033698751624671834,12025,3719,0
8,273,1,29,66,58,1167502,475153,0.1559958510015353,0.03540934784424973,0.00864346315874701,0.03517908490969138,10521,4420,4
8,274,1,34,83,74,875015,568339,0.11099171715046068,0.027991404578696283,0.01488993062674896,0.03403451100770907,13564,3887,1
8,275,1,37,69,69,1180449,510531,56.70806480700026,8.363096625674709,2.6733620027647715,0.5601712624473567,16189,1000,2
8,276,1,55,85,85,956870,711445,36.6688697053501,19.7779725592248,5.500385818623062,0.7816324418309466,12243,5512,4
8,277,1,7,75,49,638919,425083,0.04217355541081304,0.014250767167726752,0.006130405867162234,0.033523704568414706,4135,4814,14
8,278,1,36,63,61,897545,589955,0.133045873013014,0.026120746346262998,0.004734985488448428,0.03427659416505155,2440,7464,13
8,279,1,24,71,46,878013,440477,0.09471341020188989,0.02573188920301897,0.003198620435288914,0.034541930723391547,13653,4822,7
8,280,1,24,77,51,638801,339812,0.06104765053495107,0.03858915261533029,0.00692066652856834,0.033167123661658304,10600,1220,6
8,281,1,23,72,66,718454,642662,1.735197716119524,0.5595426055975457,0.4842932784764288,0.21546953862621995,18756,2275,9
8,282,1,20,72,113,714489,687343,64.69100134168656,24.689539134982212,7.397843480535235,0.8143215115114485,10124,1600,12
8,283,1,46,58,86,820045,540998,156.46311866888087,30.22625612908614,13.782844919251067,7.0767814857214155,1363,4460,3
8,284,1,38,63,81,743992,436989,18.166262835797674,9.386652269241962,3.8000143322399738,3.487950197828034,3670,8169,7
8,285,1,30,100,106,853733,386148,50.041570393484335,10.7958016849282,10.216414521135874,10.230039937985632,6248,5998,1
8,286,1,43,88,87,886137,556060,72.40577585508692,26.788494329482052,12.072360469096859,6.108535910061645,18706,5280,12
8,287,1,14,47,89,1053533,287321,199.13665190017593,80.38353501484036,16.983107536780114,26.968359977875096,15844,2804,11
8,288,1,16,34,70,909827,587173,246.11334232367747,57.96987008620499,29.7620282859049,3.875009158487003,7319,5855,0
8,289,1,8,71,67,659611,458211,111.4224373179412,39.906597610171005,10.805015805903807,1.459684909105062,9031,4417,6
8,290,1,23,83,53,1222220,456061,20.142530888638593,9.18363296575992,1.170999562211371,0.6877790212513827,3187,5531,14
8,291,1,31,62,67,660906,392690,1.4672196356636804,1.137024922993627,0.18167950051030093,0.3555793626129004,3015,6026,7
8,292,1,31,85,74,722481,356277,0.35271848761046404,0.166573770899735,0.07986239124916146,0.07367420503691179,15594,4064,14
8,293,1,31,70,86,919499,494185,2.4553721174383685,3.138839357621352,0.8981671883857979,0.1808842493127707,14704,5564,1
8,294,1,15,67,79,1379059,519551,33.91181192635547,17.11199855863485,2.8054398898891337,3.2877291178418933,8619,8693,3
8,295,1,38,81,72,880317,490827,31.81323710212507,19.565843939220475,10.916754473440662,4.1907626824252135,19215,7522,1
8,296,1,32,62,61,671683,609474,85.72887881392113,18.122706524156985,6.409678791082855,1.883403536572668,12171,6817,9
8,297,1,37,65,87,472134,505990,44.82214902051919,15.768466786438422,9.610277273853614,9.87706616217773,11058,9761,0
8,298,1,11,80,70,458835,571557,5.125606964817133,4.399623454179761,3.022580868396838,3.8335904209436134,11087,8915,12
8,299,1,33,69,87,802191,353130,0.1226852574645597,0.058902722096556566,0.022872311109180185,0.03361474498085302,4691,8042,13
9,0,0,93,28,51,353995,218050,0.19082915413470294,0.07315579632648844,0.020639869447520852,0.014326200676438755,30857,21780,0
9,1,0,73,57,50,389152,177486,0.41470509867676353,0.0772976513462266,0.010716375086207226,0.011286726548664075,16051,12299,7
9,2,0,69,51,60,406432,188073,0.3859863961413037,0.09003248230385508,0.00827540634738855,0.010986802234400081,27447,14845,1
9,3,0,69,39,40,269624,205717,0.3194994992514486,0.08379807609877979,0.006215906565736855,0.009904247723788081,38556,10352,0
9,4,0,87,42,40,318215,52141,0.057327337894887066,0.01658930536704946,0.0043593818191652286,0.010464137192166864,3093,14774,3
9,5,0,80,39,52,333136,227649,0.1818445188613952,0.03982105915914581,0.008166321656474459,0.010996530117368094,28001,19990,4
9,6,0,79,47,37,446420,152314,0.13598230744753803,0.04441249156584941,0.008251374568072222,0.010876909641172147,25470,9394,6
9,7,0,86,28,47,121384,185546,0.40719239242291994,0.06566048789579292,0.006888937464111032,0.01011056910409009,32691,10231,4
9,8,0,44,52,31,301144,166131,0.21708724548924788,0.06402303020947674,0.010414072481235973,0.011204146922873819,39061,22518,4
9,9,0,79,45,5,235693,237424,0.26479874006795384,0.06642571596158586,0.006378124391938516,0.010482053108234511,36989,12341,9
9,10,0,78,36,48,246747,251236,0.6585214590895473,0.09069520496085763,0.0075197452949798595,0.009527192543193471,39717,19242,9
9,11,0,100,32,16,214951,194384,0.2301591217700248,0.14475425105264053,0.01752818039028619,0.009912149481007148,41808,12623,12
9,12,0,52,52,29,353912,195031,0.4538539868562696,0.12494303257376413,0.00814643670280542,0.011767426112943735,26366,11199,5
9,13,0,98,37,52,54926,198054,0.3548788027747286,0.07614238413265464,0.0059045437547307926,0.01086311711662215,5725,26246,5
9,14,0,76,29,52,286154,199214,0.1862292032809932,0.05854496281076584,0.0056031639495718825,0.011299423441564583,36724,14017,8
9,15,0,82,34,57,117845,250050,0.1485125458618655,0.04670388474488272,0.004590612711175306,0.011724000760885268,19919,18333,12
9,16,0,100,51,9,230749,350520,0.23996527414796945,0.1460927512454437,0.011007953431238645,0.008654962632790966,32823,14401,9
9,17,0,83,15,44,278625,191401,0.4868550779645629,0.17414635471056908,0.007145862353644093,0.01054445880600056,15828,14072,5
9,18,0,81,34,36,259435,228424,0.20342222929347628,0.06386470006686934,0.013556111863404764,0.010754987788386591,22588,21294,8
9,19,0,78,56,54,368114,157662,0.3801517527194606,0.05526373881167849,0.005528969432355985,0.009487984725875316,35800,13128,7
9,20,0,67,37,62,424966,162236,0.19175471093951374,0.03762534841181783,0.011836462941585984,0.008716146626995755,25559,10194,6
9,21,0,74,44,20,495815,148987,0.25498172556184934,0.07030071406472041,0.00937374733866631,0.008935993548724085,13304,13591,2
9,22,0,64,56,40,299248,266973,0.5600993042804049,0.12846475300818963,0.009928408836799105,0.009481470631874815,16454,15290,8
9,23,0,74,53,52,416108,235178,0.341951260138772,0.08823586816530897,0.011056925578696258,0.007884502621529357,41275,12640,6
9,24,0,39,33,34,446394,180755,0.1738087719324797,0.027264719430025293,0.00759187065821413,0.013422941305348362,26468,11743,9
9,25,0,81,38,66,252373,210646,0.20798561713917746,0.07879829263590049,0.00844594150295374,0.010557649825447964,26696,8704,8
9,26,0,73,53,33,423309,238224,0.4191407138669515,0.0849259666641727,0.008205423450651176,0.009008401879525191,23890,12339,11
9,27,0,69,54,35,82431,259800,0.32566381766876207,0.08526413199275877,0.009785444186433088,0.010108158472578678,14804,7735,1
9,28,0,78,38,23,329770,220425,0.20414609677363296,0.07345144219525905,0.015181222697414955,0.009840562125185439,27322,10149,12
9,29,0,53,39,42,460546,204597,0.1902706821801477,0.054350851253792534,0.00981620103146094,0.011559287753419259,42369,18921,1
9,30,0,100,44,1,309931,265949,0.11070095366353595,0.06404492677903452,0.003998795017261743,0.012385176947693526,22218,20303,7
9,31,0,73,60,36,280961,144825,0.45913296080900917,0.10006090296880293,0.008077996316441152,0.009042398851909028,11116,15206,0
9,32,0,72,56,59,280457,103907,0.30362871170939165,0.11649037642976823,0.014216226560572039,0.00989392153408036,37743,7465,10
9,33,0,60,50,19,446846,262809,0.28103285024748004,0.07854674810399233,0.0060233488309178376,0.010894461843496347,30841,12595,4
9,34,0,75,23,15,140832,177537,0.13351433306814264,0.036882603226808086,0.006428324143250761,0.009722422394256287,31899,20720,0
9,35,0,95,35,56,260899,266848,0.19638513249540437,0.053500064237409564,0.010157459402244457,0.010742112879759394,33785,17266,7
9,36,0,90,36,58,384231,295975,0.5385842702115303,0.20162282533086692,0.01775987465211107,0.010887088250425619,12554,9096,5
9,37,0,87,61,19,331789,292695,0.6158095883308573,0.1259074989693595,0.010072697692310329,0.012867783888020488,28866,19041,7
9,38,0,83,36,65,418686,49393,0.28025598631739146,0.0753886645682136,0.007208918960093643,0.01341706376152011,32423,13111,0
9,39,0,69,58,46,368226,240049,0.1125162000872127,0.03005105362111299,0.011328129718410223,0.009035524305323627,29570,11873,0
9,40,0,53,31,55,252812,174554,0.16136349635733038,0.04121498291710103,0.0063477831787035095,0.013747507466623099,29498,16633,14
9,41,0,71,32,28,358146,167379,0.30334529127410675,0.08974852896923358,0.009117975480515215,0.011752467893258848,41570,14538,8
9,42,0,71,47,62,168041,218599,0.29404684463747033,0.07447691045222077,0.009880119423262666,0.009699239580166562,34399,23758,6
9,43,0,90,63,35,98280,168667,0.339548133914053,0.0810856497024617,0.008265218263576433,0.0129770684408223,36284,18512,5
9,44,0,79,36,35,238849,237463,0.19009210051978867,0.05149472768144337,0.00622289371141728,0.010612358444776659,28430,14631,13
9,45,0,99,1,47,307989,266066,0.30709794591907763,0.10392548142497335,0.009148634183814945,0.01061589786899141,4407,18151,2
9,46,0,92,16,34,218837,189899,0.3741228858996979,0.09677366145063548,0.020992835035906144,0.012658840567467319,26744,10494,9
9,47,0,68,44,17,317438,217947,0.21793442379920588,0.052686781212826925,0.00916759620348293,0.01258738734167108,29755,22782,2
9,48,0,48,17,41,305852,177099,0.13981070629372327,0.029795694201826272,0.007841493713619297,0.01253393715939112,28061,16938,13
9,49,0,95,27,35,113988,223400,0.43557769662166523,0.10061682555659232,0.010081355984137935,0.012936845458564945,29249,26371,7
9,50,0,95,40,28,246032,270860,0.4393744078713644,0.08023236520138442,0.009783802200583868,0.01119288012843184,32135,11356,7
9,51,0,54,3,58,394103,220498,0.5486449535395088,0.22736080252327837,0.012206375825996362,0.011956070866371033,39497,4721,13
9,52,0,97,34,75,348651,194046,0.31585831186833047,0.12093618014491567,0.013344146539788729,0.011495224467261284,21425,13842,9
9,53,0,80,22,26,230354,265524,0.12932498906865988,0.059688367645414055,0.00816015938679587,0.011031446022040363,27945,4273,12
9,54,0,77,17,42,361890,179654,0.17824619674323772,0.04247653740670297,0.010013701610939747,0.012397817287488119,45370,26520,0
9,55,0,99,27,34,475517,180890,0.45783875514965194,0.09817110679095817,0.012029889573125879,0.009985838599066285,13788,14685,5
9,56,0,95,23,74,257554,166791,0.4161868788664542,0.11410638226552185,0.009381229548819588,0.007456550074289091,27228,8476,8
9,57,0,84,47,47,374143,121565,0.39639961335590695,0.14977556753361196,0.016695266271328908,0.011112596608013206,8178,12018,8
9,58,0,82,57,53,358360,156997,0.10450593535166326,0.025211258401522024,0.00758227472911382,0.010788437445377152,27418,6849,13
9,59,0,84,34,57,252261,202750,0.38648301320589346,0.1166771190086618,0.010775379152631478,0.01111277303927173,31017,10289,13
9,60,0,68,31,41,186720,211460,0.32808816678492564,0.06465623927110441,0.007088256283065498,0.01017875042112497,11830,23285,11
9,61,0,74,33,37,465066,151616,0.2532251161775654,0.05163147743878632,0.00966608209656309,0.009734514231986475,32097,17495,0
9,62,0,61,23,62,408862,174486,0.5788085841364333,0.09721844583042268,0.00803212957427612,0.011867848240508542,23220,17908,11
9,63,0,70,20,51,272195,105372,0.2921306707543738,0.0981217359954341,0.009640334587870428,0.012355375820350198,40798,16610,10
9,64,0,69,15,27,421354,309355,0.35724270343144143,0.06244486851498078,0.009129329008151546,0.012254061111008328,34751,15081,9
9,65,0,65,20,29,355485,273336,0.18278044170865312,0.0759234157397539,0.009228419084780337,0.010407038900539872,24578,7727,3
9,66,0,77,64,34,420621,164210,0.10424980757258935,0.03934133245349708,0.005557589110071592,0.010714569140917589,27919,16454,2
9,67,0,70,29,57,120749,206876,0.3307783304588028,0.07231609318306999,0.009215803034350479,0.010616716481566308,45504,26674,12
9,68,0,82,1,62,259170,156017,0.4827347418101304,0.12030324449369005,0.008026440095573796,0.010753854572189641,28847,19780,1
9,69,0,50,31,72,457343,251220,0.4995652457845688,0.09123469724401916,0.007145367644421742,0.009651816904364336,16543,16882,14
9,70,0,73,16,29,565197,232153,0.2249478657907474,0.06060322136515264,0.016978100992104783,0.013517487297002036,18577,13820,3
9,71,0,76,40,42,261022,134287,0.20741903174587675,0.046596901088055705,0.01016213256811268,0.01015241324957102,28118,11218,14
9,72,0,70,39,33,259281,151293,0.26583412952197377,0.12618390690730877,0.01149976197647592,0.01436891911169275,41249,31996,14
9,73,0,72,40,37,368306,196519,0.3364363146039821,0.04684590886489109,0.007739390717021606,0.01013192678188381,25098,18924,2
9,74,0,51,39,53,334426,269215,2.165251033506507,1.055024421252284,0.46834850658863314,0.20150175853957572,19055,15174,12
9,75,0,80,34,39,353328,181045,36.78766354643831,8.483622745984807,2.6940199947388384,0.553949779052497,30089,13895,1
9,76,0,84,18,59,83771,265377,19.002649439142637,8.045974087437113,1.1413351211864164,0.34448835506475495,33274,10611,3
9,77,0,82,38,32,276125,215544,121.56645127396558,25.417784522920797,2.1189728715748664,0.5297647624770607,35160,22789,1
9,78,0,90,55,51,380534,158370,18.821581901142583,7.247277811556824,0.6798719145005437,0.29229782839244717,12989,16285,5
9,79,0,78,67,33,64562,179094,44.01470194808787,11.84006842906035,1.2941221750346028,0.5847126432993437,33158,17944,9
9,80,0,82,36,12,138259,231618,0.38377207178133327,0.07907176538554762,0.012726947574830482,0.012234560247110225,32601,8938,5
9,81,0,77,38,24,122609,242049,34.894648301769884,13.727497976984132,3.3127635714095063,0.31184956593798563,25595,17678,13
9,82,0,85,47,41,365072,246586,79.83357114288185,12.192238027761542,1.7918832849958481,0.7334372497988949,41360,14862,14
9,83,0,51,62,68,207038,210705,17.62803085483032,4.084056576959582,0.9584095963029926,0.4379185966143374,34523,16889,4
9,84,0,61,32,33,179903,222289,0.1413536383507425,0.04137214434191057,0.014168738707216355,0.012628724390545468,21429,13481,11
9,85,0,98,50,37,305498,312828,0.20092691161012524,0.05707961907253302,0.005528401211878751,0.010018678581857307,34691,14457,4
9,86,0,38,27,47,175942,320352,0.19730910085815195,0.12828435607404798,0.011521513257153759,0.013548111604331226,11125,17521,4
9,87,0,72,44,31,345159,202368,0.4419909791319991,0.09309264604839879,0.007598069992873563,0.009368467370306308,25224,10299,7
9,88,0,92,54,32,541392,111597,0.49925817997837457,0.14770778347875368,0.015097734915340444,0.011072913200763049,25906,10067,7
9,89,0,73,20,41,263130,206466,0.4014611202859105,0.1457144589823874,0.016215958251040566,0.010054824291171577,36610,6190,9
9,90,0,68,32,33,105697,205796,0.2812215353882569,0.07789390299303993,0.009134628058021833,0.013733466569026428,60397,15685,5
9,91,0,76,54,13,254710,136877,0.13255263792481684,0.06279850212271586,0.008910923161633355,0.011605467806484755,27066,17130,8
9,92,0,69,49,30,348996,206230,0.3844091174415573,0.08635237504492206,0.007826023755638569,0.010867317849100692,44649,10117,5
9,93,0,75,55,49,339002,147758,0.26302213081865633,0.08343262118229137,0.012229146865662458,0.01041841019236222,43578,8616,8
9,94,0,64,52,49,383843,218838,0.1913337438531697,0.045995808424044306,0.006458829777269415,0.010658424998978327,16702,14603,12
9,95,0,91,34,60,240620,229748,0.2988696919394396,0.1153611119567711,0.01317297890245046,0.011756110056274185,43391,18263,11
9,96,0,96,72,58,271996,226346,2.6747000000234036,1.3514830795268984,0.12620976596668798,0.011700932345236437,22952,6598,9
9,97,0,72,42,26,54805,249460,5.783351474033911,5.998227912388067,1.1099127253921501,0.8357199581926783,30091,12661,13
9,98,0,54,1,28,361405,223467,0.6406844143985524,0.044162652826274636,0.006501053448818874,0.012446947273411467,52965,20595,6
9,99,0,67,35,29,168983,239431,0.27206755020495293,0.05883863612489131,0.007304119723446544,0.010639215946763246,35167,11117,12
9,100,0,72,32,37,320005,264596,0.3243164672113865,0.08069991423652903,0.0061417212229119555,0.013335868881552934,23570,12081,6
9,101,0,82,51,30,212876,177903,0.3906545496998784,0.1576649096211572,0.014376492705606793,0.011235337225433616,34454,18560,3
9,102,0,59,33,37,291313,192805,0.43238020193701515,0.09328600219635892,0.01834733372968701,0.011789926280428248,14707,14133,8
9,103,0,63,56,26,395842,182233,95.67061199181838,26.86318006299272,5.348542643158671,0.40756289541125523,40620,17088,4
9,104,0,82,48,51,256281,162735,1.0730097453773246,0.5625304499082421,0.1950567358875595,0.05277833229680151,23563,19199,2
9,105,0,89,24,25,226034,185084,0.20969867521680344,0.054779143666578406,0.009651162356184536,0.012799035399179929,5410,22431,4
9,106,0,65,37,25,300258,241747,0.34610409599421804,0.07900853082785582,0.010761937350408328,0.012559894278904709,26397,20624,3
9,107,0,55,28,47,235751,236357,0.5540213054905123,0.10249967066923826,0.00562694589613611,0.012562931513082565,24858,24302,14
9,108,0,100,42,50,205818,115287,0.7140262379349085,0.11335237702191801,0.011300619723241595,0.01240678089376366,34988,24818,11
9,109,0,86,28,36,486658,285773,0.23691620181294476,0.05326969489940432,0.007926949296788796,0.010571852669293749,18466,18102,4
9,110,0,70,41,53,114515,242353,32.02518501215929,7.350807290792975,0.8835285024546675,0.2564485059297617,33486,15725,7
9,111,0,88,35,51,365385,211381,30.98077555463273,8.756295506860933,0.7892883852226268,0.2069676030284666,23193,13824,2
9,112,0,73,37,68,286440,130940,0.41468398704707177,0.10681569547949814,0.01993319551489651,0.011197408684892338,29296,11517,13
9,113,0,88,70,50,217416,140733,0.4567931979578021,0.1072717915307639,0.01815746736405978,0.011149974259592323,40663,6355,13
9,114,0,77,34,65,334740,275150,0.44820162932152324,0.1533804100333258,0.009590848613070718,0.010203888744537043,40989,12474,0
9,115,0,76,10,40,303440,250224,28.836603336490835,9.052759425684592,0.9320080482425709,0.15219260090207803,42755,20810,10
9,116,0,73,55,60,432053,256432,42.425750353806706,7.820886583804023,1.5181628703856054,0.334896916053601,22383,11063,13
9,117,0,53,55,61,186549,193368,0.28963276998578225,0.054105256313281884,0.009258654646893238,0.0106281967768704,32971,22054,10
9,118,0,100,10,37,248386,265330,0.5742961887278605,0.18965263527970053,0.010253333300521654,0.011864624795570981,33402,14854,6
9,119,0,60,29,29,401160,131519,13.989164130266433,5.966930765881856,0.9706038319859629,0.19506906731864468,42523,20524,11
9,120,0,54,46,32,279503,138330,16.38277570712443,15.780910867831969,11.086946967176681,0.8942451413997231,26721,20297,12
9,121,0,71,47,46,354675,250433,57.27037004751005,11.950558030003155,2.114928752735792,0.4769882488553246,15110,11740,2
9,122,0,60,39,22,421480,154119,90.76921110865739,19.28038362742185,4.7306560996987805,0.8385635387797309,38489,23794,7
9,123,0,74,40,33,356219,198005,46.543767182829775,25.057335851326293,6.471923179880548,1.440622383546615,43409,24482,4
9,124,0,85,25,57,238886,111252,80.6397572364372,25.023737618656053,3.4742964645708057,0.492848549422984,33172,17889,5
9,125,0,89,4,50,264900,57782,33.178932790337115,11.932832244987699,1.977438823778959,0.27894204957307195,19071,3855,2
9,126,0,87,70,4,422328,148920,63.68881495024468,14.732085079228849,2.7557155342101924,0.37735647121400784,51655,10785,9
9,127,0,70,25,20,315521,181058,2.2500661684225634,1.6067187822118076,0.11218162494504812,0.011943578819768088,31202,7334,3
9,128,0,75,42,72,279627,153757,12.534642287904326,1.8438073148852918,4.250676094860905,0.3166463130614297,23402,14261,10
9,129,0,81,37,57,338360,231023,23.455414028152706,15.892121892060711,17.81831291842002,4.260292572242248,40974,11812,1
9,130,0,48,53,31,171577,250544,59.88761034378335,33.30431534747387,32.27980912010062,11.275378298525736,46648,17215,11
9,131,0,83,41,17,276324,230504,83.81257132874379,20.097539869932064,7.952071669720714,9.006225693121234,13933,8790,5
9,132,0,53,42,21,292146,142172,71.00349428220191,22.231604299208115,1.8678272638561346,0.5543969440488486,35375,3194,3
9,133,0,100,1,47,290511,226237,74.73113689735756,30.77939870878711,13.149751414455901,3.3904072009532205,42973,19866,6
9,134,0,68,27,69,260573,138588,269.7417512864627,33.16158555831033,6.654629425512044,0.6096655358966682,28959,20244,4
9,135,0,72,51,68,269119,293164,11.606416693362181,3.4142414002193093,0.7933932835200026,0.33224540699242194,31479,3457,13
9,136,0,63,49,16,288603,202440,4.4521570955206675,2.4635631583234274,0.8350256150756636,0.25551561127469835,28704,12299,2
9,137,0,65,25,35,446027,157206,1.2162328319158155,1.204724852124562,0.47114918081767115,0.19251452312371964,45351,12961,12
9,138,0,100,16,27,79690,202644,94.24880812134309,22.92403544454557,6.646815953091832,1.2126194380280941,18963,12000,2
9,139,0,89,41,42,369897,208410,71.76910624228285,37.11156708529451,8.537954132387393,2.8757792289997743,27423,21407,1
9,140,0,51,1,20,291323,235376,46.51001304748591,16.862499784270852,8.436034910769957,3.191092634124576,51488,15756,10
9,141,0,97,22,31,293819,105598,97.92561196011386,76.88413475716561,15.571697099610239,4.190966525672553,23794,6106,7
9,142,0,92,66,26,259380,165191,108.5723431020996,28.94056890524854,5.583446164328272,2.7746468414671535,14586,18587,1
9,143,0,70,61,47,350180,224079,66.32441212896578,15.295571392531581,3.1568555361226753,0.6737237500952464,29894,15635,2
9,144,0,79,47,32,395020,238939,3.0187070236010745,1.7390524397993175,0.5721975625226029,0.422612628828147,40800,15335,9
9,145,0,74,44,34,110380,363524,103.40384583209604,40.36608098301091,7.895740503259881,1.812794357848129,29623,18299,4
9,146,0,100,10,47,509393,268917,57.560362802005166,20.428098668154306,4.99156417093783,0.7899691381077136,25142,5355,2
9,147,0,63,28,64,314412,165566,11.683835424439836,3.572395616465487,2.364217147231375,1.3026530636315865,35008,14884,4
9,148,0,77,35,71,310968,288712,64.85660159700342,16.38587884853907,11.941718968210655,3.194529138887778,54901,17555,5
9,149,0,68,29,46,160578,228996,261.6072824497364,85.43938381523807,23.09454662243351,10.078652705221678,27437,12087,3
9,150,0,53,34,38,242899,268324,5.2481830786365276,1.532451663545029,0.7047043608328869,0.3107247201908917,50721,12725,0
9,151,0,100,59,59,435906,223337,79.92857883856067,13.16114629839107,4.123541317650219,0.9125278466263862,34132,12754,10
9,152,0,57,31,57,306867,271853,439.2632419509612,88.12576742904982,23.67267290288057,7.5473104755392235,21352,19417,9
9,153,0,78,34,53,341575,254143,161.77450268828332,64.1681940920213,40.828659922404896,13.634203080750575,46629,9534,14
9,154,0,48,51,16,253880,227614,254.24487328781322,127.85030427944446,21.525738041508056,13.024703588360307,26513,13975,12
9,155,0,69,18,58,497076,178083,450.1613095070685,61.468425868741484,29.222215968721727,10.25967833378344,14424,12556,1
9,156,0,81,27,45,284673,177922,132.4788082009064,30.06383643235699,22.870845203311344,4.757590701570901,32938,22174,4
9,157,0,62,28,26,413051,152502,110.15183957842855,22.655667607734003,17.816950159804218,3.793737275766648,25343,15602,8
9,158,0,83,40,29,284872,196280,265.65357015606764,102.88283172184956,30.055759805840903,7.459019423615234,48149,14878,13
9,159,0,70,34,48,334753,255361,88.8247667196491,30.587864902021398,6.221001513127256,1.6719813849125658,34055,4513,3
9,160,0,92,35,2,335219,229051,1031.1864412560665,274.8166065004195,10.141345089599659,8.91622675485218,24654,8186,0
9,161,0,95,30,38,392456,161245,12.48959154628956,2.5903399733331955,1.3662143169068959,0.9647082040244696,38691,18614,14
9,162,0,66,23,30,373877,248406,67.14128855308122,9.491954130428274,4.495466151622002,2.219461149618516,30028,14023,7
9,163,0,76,49,28,252593,141197,20.209992616236963,11.812135102021081,4.586793686245639,2.761487548434116,33252,18038,1
9,164,0,77,34,33,415903,216621,85.33172180147103,44.3115556261173,5.099744314098763,1.4905512401856118,6160,19019,10
9,165,0,84,49,17,200986,269741,101.77464844355956,24.108652315246776,15.751644039640231,11.401630534139708,18482,20949,7
9,166,0,75,23,55,181645,141195,242.9714219040197,67.3922087926714,26.989778747082557,11.838282039408393,32312,9343,5
9,167,0,77,30,8,270858,208525,317.23482006517,145.1443502466055,31.337637006398793,34.20604621627013,17183,23752,13
9,168,0,71,36,42,339340,165068,368.1270976070015,88.47718186560337,22.291473791594502,10.91190052081132,24056,16705,3
9,169,0,76,38,27,197774,281418,172.7816942381826,49.21187807468695,6.593221310711893,3.3420726721885585,39270,17196,4
9,170,0,94,51,69,292217,312481,444.8265584299607,130.1489387751437,22.22416441102215,6.371403533905902,35164,5881,11
9,171,0,84,33,40,161523,227764,89.42811178903094,69.74918811895178,22.992315643604073,7.02506100524603,41668,18117,10
9,172,0,85,51,8,273043,243910,494.23431398313016,87.34210765641613,11.303259153725657,4.018269419073872,30133,10794,10
9,173,0,85,45,48,397183,268317,68.52160039799004,58.15694987385682,20.66797198669643,7.333695826181725,23177,15601,9
9,174,0,72,38,23,215640,238246,238.64657430978,83.85612734930586,28.21898672694427,8.390780744400637,44119,24274,8
9,175,0,79,25,54,177833,158831,371.1227802347343,109.32386232459069,26.256122058579134,7.093889100001162,30463,16942,12
9,176,0,58,51,49,337862,177758,57.485677133213734,15.604426884371438,9.629611488793685,3.1071127483859184,19300,16056,7
9,177,0,94,26,62,221240,177401,2.239458537184287,2.050381655765381,1.1646646320780887,0.3818866507236985,46340,17039,11
9,178,0,33,39,42,542285,113355,20.089646113739743,6.370840872156134,2.186099513882991,0.6645624301763878,30676,11269,10
9,179,0,73,39,52,319198,248893,174.81983698405003,46.45074584961103,14.152514495132896,3.8750602529021023,39794,7233,6
9,180,0,92,36,40,402462,137413,43.47409955123601,15.06351367208878,4.610176254806002,1.6153649285869118,32955,18078,5
9,181,0,54,34,31,168532,241430,71.24297322498681,31.24113531162746,12.481970478899957,2.253171000464774,39767,15590,0
9,182,0,80,27,55,345736,163656,0.7881668942978084,0.46816026211226597,0.13310820911793264,0.010844632891517828,36449,21509,7
9,183,0,64,15,21,199390,188885,0.3992902669981466,0.07180442420467904,0.00814758411394286,0.010363836907117473,26973,10437,1
9,184,0,69,61,39,282089,227905,0.3542331037378039,0.08360626023887523,0.013255335515227678,0.011422335793104754,26369,8591,6
9,185,0,89,32,31,224772,276377,0.4114369595105018,0.08483239785199474,0.011195730630027463,0.013544391928995486,37131,18555,6
9,186,0,77,38,52,403970,243473,0.21784419791123422,0.06811961482545942,0.011938971374336011,0.010867915970131477,31154,11710,9
9,187,0,44,37,25,332115,194105,0.16317029545557338,0.05523369530371329,0.0076881247355717235,0.011688799711487202,29938,7245,13
9,188,0,60,56,33,311741,198290,0.2427353295959918,0.054599031456189745,0.006262981559547079,0.011368082303799973,25666,12090,12
9,189,0,89,68,40,436106,141146,0.6938520168911232,0.14447113175108742,0.010142393236555098,0.012835587382262587,27322,9781,14
9,190,0,81,42,62,301586,231836,0.26845244278514757,0.09502434044456705,0.011329079525757804,0.009598500373460104,14908,7343,8
9,191,0,100,37,32,403038,195897,4.257529899414815,3.8062991502466916,0.6799529626490558,0.05322140772952207,35095,17125,9
9,192,0,100,23,33,480059,153479,194.37679192816236,35.00780573800563,5.753468230812019,1.8866683002653204,23605,17869,4
9,193,0,69,18,19,314014,238911,92.81740417884247,25.453813832360478,5.537729165772959,1.4988426206973995,31092,13457,2
9,194,0,100,13,25,325953,270962,85.08334751802418,46.32676960900178,14.849896770269194,5.369578291993728,29358,24222,13
9,195,0,75,28,46,395454,191082,414.6438310539595,218.23175870741497,51.8948626168966,19.62239389738313,31976,13749,3
9,196,0,60,8,40,443675,171876,782.7550738617344,285.95041879176915,77.80509494990011,31.221815094763038,30333,18200,12
9,197,0,65,56,40,312820,171089,399.48784721247216,156.36607949493376,71.23449191791875,19.92003931429586,34556,7306,8
9,198,0,41,46,66,236256,220082,55.056906684727245,43.35420809535995,25.9694412638082,3.6442264135738447,21217,9240,10
9,199,0,99,36,14,386656,140380,24.716598362286376,17.193129779086544,5.379575129424674,1.4513416978164015,29278,20371,3
9,200,0,98,56,74,357167,203776,298.0512633957251,66.69355639169612,7.876797530356797,8.424051504691086,30283,20913,0
9,201,0,59,23,57,385695,179699,71.65286422491707,21.523844172329035,2.4765209277421545,0.678366063047001,21396,13923,1
9,202,0,71,27,35,369874,225272,23.9021092904333,3.7809661111814696,5.3148480319025575,1.4395348485223642,20185,18072,6
9,203,0,76,10,45,320676,229092,111.74121120753613,55.233895046792924,24.365797468054563,8.234454383640703,24319,16589,8
9,204,0,60,51,29,326459,143865,269.9150077743671,118.53153119157726,24.213197521241906,10.917102780910103,31748,17768,11
9,205,0,48,27,44,370224,233386,185.53542806907083,148.20296200010995,66.82725082134604,17.317614432570075,19132,9964,14
9,206,0,71,40,72,155047,222888,501.43729750435904,199.8699067156683,31.121995418216684,24.20300823438076,39416,27868,7
9,207,0,70,55,30,432968,190470,15.016250025284862,6.308289838704574,1.6034572523027086,1.22276996948612,23881,31298,11
9,208,0,69,60,36,344997,178474,228.57503726732824,54.14450014977719,17.119570573897295,7.655172675666882,29921,11911,0
9,209,0,78,39,28,215386,178762,322.95778587398087,129.48591316742014,60.47025537808958,23.20028458346827,36703,14346,3
9,210,0,96,45,31,318511,191442,184.57122782664538,159.6514776316583,57.92778186904348,48.26491823601384,15252,18955,13
9,211,0,70,26,33,431859,153434,211.02272729217583,79.77633454943532,49.368505492109875,33.845956080934926,43648,19779,14
9,212,0,77,65,23,329027,165782,166.2941542633166,51.44391724834928,20.09715396489563,18.819500729641895,21176,12486,8
9,213,0,85,37,36,226794,210216,454.52288191481966,87.92636672823156,21.29077770780631,29.626075989246235,43278,18648,10
9,214,0,83,41,40,172550,171421,474.0227242257307,104.95798630219774,12.486946230590618,7.240875869321626,35207,14187,3
9,215,0,65,33,33,546489,243908,83.74219684971683,26.523442633925598,10.897018533073222,2.6112200295188037,11951,9275,3
9,216,0,76,57,5,126108,193435,182.00854633634987,71.41645731269774,13.369380072577396,5.551589691628011,28483,13446,7
9,217,0,83,42,37,333691,176255,205.9958108503585,61.63440136164645,22.618567881655075,18.050520775895784,22168,16513,10
9,218,0,58,51,39,241347,216575,247.81779060315162,111.85457348288159,45.80625110288529,21.02528284134704,46410,17073,5
9,219,0,93,45,68,404244,179703,291.835952965854,124.83559770778704,36.487138426549755,39.28023182388329,32098,10907,2
9,220,0,96,36,40,178369,161014,254.1968428818204,71.67301173137177,30.766773926363673,24.028643119930027,10620,13626,14
9,221,0,64,53,54,460837,183102,126.43434986071321,77.65448775887371,28.683759076842236,31.74902645467143,42624,19180,7
9,222,0,77,45,33,287493,97880,18.632625339498937,9.174312168472545,7.158374134475763,2.539873876051336,35494,17976,4
9,223,0,84,25,59,277985,101459,23.531278562400537,10.745686096523457,2.1033457390992747,0.5256851445480064,34154,14950,1
9,224,0,66,25,25,268673,153984,0.5612938742669229,0.10807356961991063,0.015225402206311437,0.01127779732638925,30228,14631,8
9,225,0,82,42,47,240740,140316,0.16035633455404869,0.058907252643262686,0.019554625493044563,0.010228257465595029,15796,21034,11
9,226,0,77,53,52,263129,232504,17.91175391196804,5.298482399582239,0.6716857348234301,0.6315392952575821,45811,20910,11
9,227,0,52,64,50,371835,262992,52.27717205492209,17.22844235489286,12.425160713884305,3.47606261281523,27599,12850,13
9,228,0,81,13,72,127827,216239,378.58098234860455,76.45132526653819,17.19484936057426,7.04717075342293,44393,1000,10
9,229,0,58,40,31,225101,105164,52.3574001266384,14.305872069361179,5.882625612771269,1.929961499804411,30144,6653,8
9,230,0,89,47,61,449513,129511,35.906642996029774,12.69048724036562,19.484912117624393,13.052114990613564,28096,7637,7
9,231,0,64,44,57,290956,217508,88.61445521002175,55.72391232996483,18.768590072475227,14.643257650220404,12712,14386,1
9,232,0,72,55,40,242756,191415,140.38285520610756,38.56053393693688,20.931973147902017,20.475898333767347,22922,17956,0
9,233,0,95,49,67,172521,107170,211.7283846383518,79.44614427022634,28.010889441731177,18.151903491661976,43221,18636,13
9,234,0,82,25,37,182976,157133,166.90316268745605,29.2955769625482,17.641337049668017,15.178804833501458,37211,10466,12
9,235,0,58,24,40,398220,146259,72.41509364608451,22.505274445862526,10.44865248913292,2.086755162261423,35247,12119,10
9,236,0,59,44,39,217738,272851,71.96163490274456,26.135791331632475,7.691713225399865,1.819960756233499,35917,14424,10
9,237,0,66,54,20,380453,235263,165.51117691685272,66.9065124853899,27.935892481798987,4.97817245635599,30033,14389,9
9,238,0,80,42,51,201948,185625,163.15345613503,44.65633162210141,21.74022932520985,5.7986307525491965,25304,12550,12
9,239,0,80,16,49,287425,211437,202.9748230743805,48.12288060312524,14.244640212110252,3.140427777908605,22008,27781,4
9,240,0,62,24,38,293091,207289,115.55849920358139,36.960902559990814,8.986530658976749,1.6151580966586785,25420,16569,11
9,241,0,57,50,66,224634,203959,34.348062178581614,14.708917561095527,3.7093995398708914,1.1661538359084553,31415,9540,0
9,242,0,79,34,33,307695,291332,8.279535684518455,3.9396133663505033,0.5664491573746664,0.509760646946768,22287,14968,2
9,243,0,72,41,14,88409,270439,5.563821360161476,3.988536378146641,1.5048666004619267,0.5919456749847429,30167,12837,11
9,244,0,100,55,68,291148,276245,599.2564938091599,101.00596472040628,35.03441771270906,6.005461302871351,30789,13610,1
9,245,0,75,21,55,344516,216539,114.4817622985591,30.628276327783215,27.482032160094597,6.035066003694039,28181,10550,9
9,246,0,100,33,49,216505,183109,5.707416899884021,3.2526598641125166,1.6390365365281088,0.3678265208298487,13561,10783,2
9,247,0,57,32,34,321300,137966,15.112366513228181,5.11684929044639,1.862054829326645,0.3631361818496985,19489,5337,1
9,248,0,51,45,45,315347,150234,838.824893795626,164.3904457763804,23.792238324009105,3.968168167660166,28381,13798,8
9,249,0,58,51,21,319364,250705,82.2427049451788,28.08952725673113,6.9164467511775145,2.349835926586458,8640,15128,12
9,250,0,92,17,36,165518,136286,0.7208085887664467,0.3379450468758772,0.032478454713616205,0.012194747615095487,40253,12114,11
9,251,0,100,39,26,309517,191024,1.3284974325836318,0.16795135747824735,0.04486265013494271,0.012233344864850554,42998,19500,10
9,252,0,63,53,43,127772,130740,14.127114377719872,2.6447724138963893,5.047160180382333,1.1792674785188415,38517,14782,11
9,253,0,68,12,53,237055,195133,2.453882644920039,1.192288379059702,0.6906908588207427,0.25786703568812663,32821,15209,13
9,254,0,57,39,24,299614,146931,8.326946415462688,5.339630961503643,0.8503022583586143,0.08836875689041103,17670,16192,7
9,255,0,47,21,50,320834,233199,162.46330457063192,159.50169376970504,33.78762513140908,17.64073923769422,33067,14830,4
9,256,0,85,30,42,179069,187802,4.517539006928808,3.3105615181776518,0.9947839473578765,0.2620252882429015,44048,15270,1
9,257,0,78,2,50,271582,159551,0.35449605969374653,0.15062401369420925,0.030118908207947485,0.009936115392066411,18669,8031,11
9,258,0,75,60,36,379454,152183,0.95714316483218,0.20747228347272395,0.006404410855386277,0.00994651221532151,55542,20592,7
9,259,0,53,34,50,202031,206690,0.6142301606517703,0.1257721414544349,0.014922293241637557,0.009274384678151339,38177,8235,0
9,260,0,99,27,29,84636,202535,0.11755508733281873,0.02382055585252258,0.007546218741471173,0.012629509565460004,19394,19590,9
9,261,0,67,44,14,352956,172387,0.0977969384634114,0.04259497901407017,0.007179802562526096,0.009837944134870954,19900,16713,1
9,262,0,83,24,18,205779,184091,0.7082549974831089,0.18525768310282692,0.021590717340450535,0.011196659652408786,24947,12279,0
9,263,0,53,22,32,236090,175357,19.51514532561778,4.571318402834209,3.280533971051933,1.12193022001357,29461,16950,3
9,264,0,72,62,15,313060,91055,25.95660624613495,16.277669027313266,0.8372296343185982,0.7354438608734654,26234,13549,1
9,265,0,79,67,63,307725,198051,0.2899907517327991,0.046295852567472096,0.009441678128184647,0.011254258700929986,1990,19920,4
9,266,0,79,31,38,402153,122209,11.699689060085033,9.191517590205317,4.357409052369223,0.5242397924242089,16977,11413,5
9,267,0,77,56,53,275815,155630,229.06958006758464,61.49888333203751,5.00057515908695,0.46862153956349895,29931,14922,8
9,268,0,82,45,51,306830,216042,142.50376632427316,57.26425476169709,2.3632049959109995,0.6018199087952075,31899,11282,1
9,269,0,58,18,40,130709,188019,7.963579357872251,4.485770496426666,1.8241061779806982,0.6606078202920879,39021,10145,9
9,270,0,77,26,93,362821,276401,22.212963270775045,7.326501490580406,1.5887491909072247,0.4245117732866736,23341,14429,0
9,271,0,76,63,83,230861,160135,111.39429925517058,22.940718075126295,16.166500473570565,4.028476363332005,31495,21978,1
9,272,0,78,18,60,623106,179440,172.37140323701016,169.14185105220633,33.303400477332325,5.093231466067167,30093,17429,13
9,273,0,76,74,26,278639,208112,353.996196195376,134.24710859865576,21.99258901704596,6.011684372823176,21631,14263,4
9,274,0,55,31,61,342439,198142,4.498768219997011,1.4975269168446177,0.8625261955729626,0.161166813980877,36209,14445,14
9,275,0,55,63,13,363770,252382,0.8563595585469742,0.442147938392574,0.12475086182353748,0.059670706558071454,34813,7014,0
9,276,0,41,35,60,291132,232005,0.17191742768298648,0.0767424458169423,0.014156002592195616,0.011856007470809109,53176,10737,10
9,277,0,87,51,1,343676,269409,0.4113963192770634,0.13945525797830102,0.01671690563006726,0.01306935504234718,40674,11132,11
9,278,0,87,60,35,525544,119213,0.6568112981332318,0.16115103781507623,0.012158795470028435,0.011685469768524226,14546,15794,9
9,279,0,87,60,58,224624,239313,0.43994407804503083,0.08995720294142542,0.007194181789454448,0.01126612630083497,39326,19886,5
9,280,0,79,31,45,75673,150932,0.18990709213524187,0.051507709394247085,0.008259692932575379,0.011164616655541028,15684,14212,8
9,281,0,43,27,17,169710,222230,0.3978164288439762,0.13602866325540663,0.06795714667527149,0.010794147616915429,44742,16052,3
9,282,0,59,38,42,399726,187809,14.747491567143298,6.157573409477593,1.0430190724371071,0.43076764911237897,27052,15186,11
9,283,0,77,20,45,252094,165564,1.3722772952253688,0.4850468103289349,0.01572472232147624,0.011767164715721196,33173,15729,2
9,284,0,77,43,43,533191,258698,8.886822471702468,5.195636156059685,2.684104395901949,0.8495641523908795,43143,15065,2
9,285,0,71,27,33,372711,116128,0.7766889848832765,0.9092385828140654,0.011911778536755577,0.013484532710029104,34707,16955,12
9,286,0,80,56,52,234697,290644,0.10958817693993322,0.05050815912060243,0.007633241892550379,0.009750596262502468,38125,11461,3
9,287,0,75,31,57,222148,231558,0.4365431999888427,0.16004170395725084,0.011172788137829707,0.011223979362492068,23515,19434,13
9,288,0,76,13,37,255373,208454,4.5524186354480785,1.9686505563456085,0.8133676666541891,0.31305236638904255,20682,9667,14
9,289,0,65,61,62,93551,192570,0.29671088398827716,0.11013996045963494,0.017565629284697657,0.011921248506524035,30277,7148,10
9,290,0,89,42,37,327774,181469,0.2113050347994758,0.05805094091383448,0.00685368653760904,0.011670566659432856,36593,15950,6
9,291,0,68,40,32,369352,223424,0.15198996574718177,0.06576347796578653,0.010288411378165581,0.009192946531545891,28985,14628,8
9,292,0,55,56,60,203267,130312,0.3110552072886282,0.08552902064229964,0.01316440580054442,0.00938047174971883,46418,13366,12
9,293,0,63,53,59,144842,46341,0.1928450830983787,0.10115638142194563,0.00899220021955048,0.010600330562869421,35680,13026,11
9,294,0,69,28,30,208944,204285,0.44675490918210387,0.08761560825780085,0.007425801630011216,0.010766884643781133,26961,18290,9
9,295,0,89,33,28,399722,162705,0.10595698074078293,0.043446697987674296,0.007763018595799454,0.00960088368462762,28447,10801,0
9,296,0,74,23,66,380322,154198,0.18121136904168264,0.04912862750060574,0.009121618506170284,0.010595876965749372,24494,9987,14
9,297,0,72,18,38,321533,121219,0.517180302425537,0.1252302395024243,0.014979279564644121,0.011480513955454635,34748,17595,6
9,298,0,56,48,40,464186,260211,0.37539724705529126,0.11744851963449374,0.00832500792295184,0.009569653914307395,26082,19003,13
9,299,0,86,45,36,131091,291030,0.24670201184840623,0.10180643218148142,0.011383966043592205,0.010997896593769095,31996,10981,8
9,0,1,29,41,51,927920,616156,0.13203282709391523,0.09783015960236324,0.014846266792887778,0.00490816893272948,4291,4192,0
9,1,1,27,58,54,910413,497681,0.5402140137165607,0.19190822779193595,0.012178013770711085,0.006506570932887474,7155,1131,4
9,2,1,30,93,87,851495,615166,0.6554619607966002,0.14932796151324035,0.011446524374500392,0.006082423822241933,5836,4998,12
9,3,1,23,82,54,996927,525816,0.23028929397695566,0.054043454763599556,0.008490389800548266,0.005350624135954408,16053,5090,13
9,4,1,26,61,77,651491,364970,0.21242136268820092,0.0530969138452023,0.017789220202437075,0.005559338060256618,14313,7833,6
9,5,1,9,62,107,706774,403234,0.2891290217093952,0.09883632505149732,0.009795394791437984,0.005453771481687701,1000,4650,1
9,6,1,39,71,78,607329,486571,0.7160923463338646,0.16087725243315842,0.017865584079831992,0.005056624353996395,10894,4757,1
9,7,1,32,77,64,801802,556954,0.44862565792291303,0.09547469452606083,0.018007430640015445,0.005926443831238621,1071,4107,2
9,8,1,22,88,82,776011,505677,0.18137529107079964,0.0560815296782831,0.009201764750417977,0.005133079249276196,4580,6057,9
9,9,1,48,63,78,971291,517750,0.27939755116765613,0.06698014965429873,0.013690089056499027,0.0041640965429806925,14160,5514,13
9,10,1,30,45,89,877362,464255,0.5980860476425429,0.12038509575244144,0.014099836037917762,0.005487909271952588,1378,5860,10
9,11,1,19,72,112,937883,612997,0.3435929911210573,0.10454428107774212,0.029315374698230656,0.004370468375078356,3178,9282,6
9,12,1,38,63,87,760574,514606,0.2156417857508163,0.05840133054188491,0.017292758879121677,0.006570539229761801,4879,2023,7
9,13,1,33,50,120,881134,504842,0.37647765817367795,0.1129857084140041,0.014413550233872547,0.006105034473861068,2075,1000,0
9,14,1,33,74,89,1162547,529543,0.37166331399821984,0.10605526758596133,0.015457430665236534,0.004220950756597805,2898,6425,3
9,15,1,25,66,64,530891,458499,0.3282978675211068,0.11481934189883673,0.02353274085907835,0.00841955476020309,9719,4906,10
9,16,1,34,74,125,432181,464980,0.33266038979336354,0.18390159754967514,0.04370227751489864,0.01646232796236924,1576,3853,6
9,17,1,27,56,77,927382,548131,0.4185372903422793,0.11932329350262806,0.024898506060392945,0.01427417815912079,8754,7025,0
9,18,1,35,77,58,630291,577631,0.20630912094354575,0.10459121537277301,0.02309504681750293,0.009033861733135685,10045,5340,1
9,19,1,10,50,126,523653,588080,0.5122892490914703,0.13068685724584633,0.022474071075919762,0.006760388545682047,13759,4186,0
9,20,1,25,57,65,906781,480475,1.8581470558674917,0.6666303775592722,0.14775431036172862,0.050237713625482947,14646,6786,8
9,21,1,47,66,64,599124,512327,0.18484571834215174,0.11150172362552589,0.03280673501050989,0.02160027879710335,3118,6503,0
9,22,1,22,96,68,1107811,439350,3.0557992440814403,1.5480067966631934,0.4389336749449996,0.21154417245960255,3381,6302,11
9,23,1,23,81,83,831293,578660,13.525655634006554,7.806882883169717,4.755629061332897,1.155663336529058,3102,2455,11
9,24,1,25,86,98,759478,405517,1.6924644623400809,1.0957504010434134,0.6783903829694726,0.09670244219542984,13954,3355,10
9,25,1,17,91,27,635683,522213,0.17923273301565742,0.030675556368197493,0.012971992468388562,0.0049481691848394785,11727,5588,5
9,26,1,7,100,98,843037,587898,0.2127384296848418,0.04982343703487893,0.010516622589044594,0.003913762210505361,8234,5944,6
9,27,1,27,70,68,481815,512570,0.26148849981741584,0.07092407045066598,0.009444275015195616,0.003672701913416632,4039,7808,10
9,28,1,31,91,71,306341,530000,0.22691687367066235,0.06084979943400735,0.009984288951243203,0.0032622129170471192,10776,3849,7
9,29,1,29,85,114,489169,472722,0.4022163767086152,0.10524374510487446,0.00822187893589435,0.004109824772166851,16844,4994,6
9,30,1,28,84,84,1027438,314608,0.3895029621517032,0.09878639947261629,0.016209124118132637,0.0039316204887845626,16518,7342,10
9,31,1,30,96,88,615172,432639,0.24172116210738193,0.0507371002277038,0.00966376094941778,0.0032199901476861687,2633,4722,13
9,32,1,40,63,79,513099,504435,0.1270548540905474,0.03251831253805016,0.006172357218501485,0.0034188837955228747,15355,5331,3
9,33,1,28,62,95,782239,431094,0.15381030060725645,0.049173109885638944,0.01093095057209067,0.004740870086218637,2568,4911,10
9,34,1,24,74,112,1244937,548521,0.204736474977633,0.06267011678591518,0.007184565630120123,0.003910132196934017,7988,6139,13
9,35,1,27,67,30,1018378,353597,0.13450940152657476,0.0604624633439831,0.009321555033219527,0.0036127191543001915,7399,6010,1
9,36,1,35,74,101,639911,306250,0.1755842343133874,0.059535797089850934,0.015490960377402737,0.003477965471177026,11331,1786,10
9,37,1,44,93,110,636307,569503,0.19029871246207655,0.0646082359211095,0.011140541700631924,0.0032122284217895175,4987,6292,4
9,38,1,23,62,90,640808,468835,0.3938818400284095,0.19895633236002308,0.013355976188383212,0.004096454518754164,10514,8354,0
9,39,1,30,65,66,617947,534637,0.20997580913450112,0.09785822027223584,0.01278601198661941,0.005746288690670968,4595,2226,11
9,40,1,33,72,56,908758,447896,0.11069997695305157,0.05040820259869338,0.01355160992664019,0.008086009573592932,10859,5679,14
9,41,1,20,66,127,732810,556474,0.10371107571831006,0.06509220363078877,0.024923843545474996,0.009971588354341846,3413,6155,0
9,42,1,30,41,61,577372,635741,0.1806928726205309,0.06849114977547911,0.0193999789254137,0.005934412498828879,8011,2359,9
9,43,1,15,61,110,532746,642836,0.20389104233770597,0.07853915222721346,0.021416203126715973,0.005827713055041288,10018,3475,3
9,44,1,12,80,87,1260206,435203,0.24177150401380285,0.052248725762665996,0.010619292372942141,0.005497020855803871,8749,3636,5
9,45,1,33,91,120,947749,457807,0.3740184941006196,0.06534480989147036,0.012062978269905558,0.004600552671002633,14224,5434,14
9,46,1,26,52,73,628781,517014,0.21458866371748783,0.04189414770839133,0.007044597673400133,0.004520818798691786,1000,2271,14
9,47,1,32,52,47,1042471,687091,0.21162160028239674,0.08020914532024989,0.016094074526106613,0.005071537338930862,10873,3627,13
9,48,1,29,70,80,569522,384717,0.20208542913173627,0.0432330594527584,0.010647681553687765,0.005678844388428034,5848,5727,9
9,49,1,20,38,50,772577,385423,0.4735732638594179,0.13376255991291838,0.012514678308784543,0.0037813993042115327,12954,6722,12
9,50,1,29,63,133,750687,586894,0.41549790281390864,0.11075729296376408,0.00914314036315733,0.004819466348779294,10153,5061,6
9,51,1,17,43,92,836465,433423,0.10439259515570407,0.028881031177594062,0.009214250540921775,0.0037649841722848,15439,2897,3
9,52,1,43,90,95,611579,565915,0.32150373271056154,0.08228217334211843,0.013533190325662404,0.00451263827500058,8835,4453,2
9,53,1,16,58,95,825698,441498,0.39320160722187314,0.08601463337005051,0.013724885951686886,0.004095847471207426,16171,5405,0
9,54,1,28,94,66,450324,535228,0.2940073129103439,0.09571763537971768,0.013161242974776525,0.004517970657710279,10783,8044,8
9,55,1,19,86,77,724653,449002,0.4141471988112641,0.11657850556491356,0.007577313545245701,0.0047144361955403285,3533,5849,8
9,56,1,35,60,82,1067046,399531,0.06983236777782233,0.036372862163627756,0.006944485807524071,0.005122227428996253,5932,9172,1
9,57,1,26,53,118,1005070,514630,0.2669544201233439,0.07060256970054896,0.0105249513899621,0.004246803342492301,7066,6654,14
9,58,1,24,67,56,660797,378746,0.5282689211787022,0.11805135276630063,0.012860209635927109,0.006249691588101092,10573,7429,11
9,59,1,38,68,65,494812,545630,0.29489114888609086,0.05908794089610908,0.0070906502492062455,0.004528227600791184,14498,3697,7
9,60,1,30,75,72,363371,476572,0.15264045928431885,0.028727303534564742,0.008340830961360589,0.0047357522127104736,13053,6521,8
9,61,1,35,58,66,923494,363898,0.18073698397098428,0.05434493817738714,0.014926026558642714,0.004764068523658985,13323,5359,5
9,62,1,20,81,50,855677,529993,0.15905843526160593,0.03919096749782142,0.010236633251842753,0.004814282039730511,6267,9898,1
9,63,1,15,73,25,877134,527887,0.40694547764557387,0.08265301905669917,0.010730127242470595,0.00511034323005353,14411,4305,12
9,64,1,31,64,43,1138120,264781,0.24042810185596247,0.053882793560921356,0.006137731227041837,0.003966364504808285,10519,8561,10
9,65,1,26,59,101,830578,494909,0.4149530784229013,0.11511556540704614,0.011629438516288927,0.00551328666154868,13973,8435,11
9,66,1,36,67,79,845616,500989,0.1880966753594451,0.08449062642305537,0.017254533602650605,0.008237866781297143,2612,3852,2
9,67,1,29,57,96,520524,509267,0.2859431021773907,0.09782395455811964,0.01941061631592398,0.009441861360459318,12262,5622,11
9,68,1,32,70,68,1124787,318123,0.11704756361164953,0.03646078089831961,0.009534554755920714,0.004233984804770475,6945,2135,13
9,69,1,13,71,78,767208,535370,1.3296448853739327,1.0318466461201004,0.1533858642875866,0.055251465578160776,3673,8625,8
9,70,1,48,73,112,636624,551302,32.40275692248559,24.39571875827388,4.460301745971123,2.4519583346980127,13232,1000,4
9,71,1,28,96,111,841571,406200,70.71349060327628,36.49675837778026,6.234160144110466,2.7170135695297115,7854,1775,10
9,72,1,36,68,98,1200062,360085,14.51172806780679,3.4743126980146837,1.7944472643608067,0.7555632380014796,12651,4691,14
9,73,1,21,85,84,1227039,402060,0.9798202982712958,0.41164019386477746,0.23665116653918258,0.056874561205471956,5108,3118,3
9,74,1,33,73,90,605920,512878,0.511593961223003,0.34974510423413324,0.09613484424100913,0.03183596247402073,20158,3004,12
9,75,1,16,66,87,1035074,376218,0.7017153945360943,0.19474678942394427,0.08575041826721626,0.04090598451006143,9404,4318,5
9,76,1,34,68,76,867146,364638,0.5558017338393302,0.23243917209430148,0.09991088422013612,0.03634242446053882,7653,6914,1
9,77,1,26,69,71,997518,709947,0.3269306135623436,0.18897785685554255,0.1176763202625291,0.037355843983552905,14949,6995,7
9,78,1,30,74,102,855343,499468,0.7051468180638565,0.2569559030318112,0.1004818313810032,0.03704016892401076,9571,5917,10
9,79,1,36,55,54,922976,468880,0.5495223528522732,0.1949459608950681,0.07829751138643527,0.037632738376892017,25828,5996,6
9,80,1,17,48,109,1064261,432953,0.6004934630334716,0.18908163045422485,0.09136426159571148,0.024620293947191042,15825,5077,0
9,81,1,23,79,74,450166,457689,0.7446483053634876,0.26492125459693755,0.09159028097711458,0.01960181074363375,7632,7073,8
9,82,1,34,83,53,872074,680186,0.4931326329761219,0.22924155072727975,0.06811773620183763,0.022607164345526475,10371,5247,6
9,83,1,50,81,69,566097,581625,0.2659675958352221,0.08044206825063276,0.05156326023820689,0.020245545083014464,10331,3430,13
9,84,1,28,72,62,707280,738673,0.28124891701818167,0.1104498219494267,0.05546545353844816,0.019221079432210512,4723,4454,1
9,85,1,35,81,68,800194,539193,0.34040080585095017,0.10135257112528766,0.04301447987400053,0.017899712836280137,16417,5482,1
9,86,1,28,80,68,598433,404375,0.7943301322085182,0.20514192523493976,0.04738038906394414,0.016808535052229488,7852,6714,2
9,87,1,49,81,67,683722,527116,0.28443647036506375,0.1497811618761339,0.04530644962167236,0.0181615485462014,8763,5657,9
9,88,1,12,57,73,519856,554862,0.147024828760523,0.08969494266723342,0.04458209719805038,0.017891019901281103,11093,2545,10
9,89,1,30,53,78,681344,561391,0.2268047811993855,0.1363770322223294,0.05025746410834937,0.015051339742093916,5421,6688,13
9,90,1,13,64,95,902370,455783,0.35397190757940694,0.13378483138695352,0.032553913917379995,0.014073896741512546,11056,4265,14
9,91,1,4,69,75,973090,680387,0.3199936733987106,0.10237092701620498,0.03245248456040609,0.01203026538553587,7485,6048,12
9,92,1,32,66,86,646124,373042,0.31866707224693813,0.11914124673697388,0.028586954033548946,0.010681999191744824,7617,1851,3
9,93,1,31,41,80,1065558,533945,0.10459977865309589,0.05341530700875682,0.025871255708946952,0.0068172117357597935,9189,6156,9
9,94,1,27,95,90,915476,470760,0.3290961493374113,0.10441803913318354,0.024726531888036384,0.00873917153707996,6325,6940,7
9,95,1,28,65,80,1086677,422304,0.5850999235666836,0.16732076204294677,0.025539507038799758,0.010910953761305716,2176,3977,13
9,96,1,60,72,67,445844,524710,0.4538511910007408,0.11560747685040823,0.026142290495008692,0.010742837806235844,10869,5805,12
9,97,1,27,88,61,862250,625657,0.242053569163851,0.09455810203140062,0.02825582375839333,0.010270307199302563,1000,5398,1
9,98,1,35,34,84,922242,540397,0.1355468157925433,0.05570045902132909,0.02373829410011369,0.010559073233202265,1000,3585,12
9,99,1,23,62,105,456295,527309,0.4427448195706092,0.10242646102706698,0.025858802178663928,0.01537782652031777,10223,6906,4
9,100,1,32,64,75,1282849,298037,0.3091538765412379,0.10995338908003431,0.04127288531626934,0.011454046150381439,9090,4576,10
9,101,1,27,64,65,672687,592120,0.1677128270634752,0.08553939769504708,0.03123078079784312,0.01117271015623145,11296,4218,6
9,102,1,25,67,74,908771,459394,0.17669308113854032,0.07121965808059005,0.02282304319396483,0.010721472808004999,13321,6198,0
9,103,1,48,91,68,985348,553417,0.25171858393115826,0.08555268228515604,0.03203144814405867,0.00999971036674544,1000,5407,6
9,104,1,41,80,66,820236,592018,0.3643090574317522,0.13454326507620173,0.05381071683653127,0.011692522862219414,6926,6346,4
9,105,1,31,84,51,1077165,519287,0.5951419354454466,0.17551121242196344,0.024162127272992,0.00878224054865719,7761,5312,2
9,106,1,6,70,75,1199042,299883,0.17177093836945695,0.05956599653966365,0.022172734074743808,0.00951232997401263,11561,5832,14
9,107,1,26,49,84,578077,641652,0.1630971759330043,0.0664797205992168,0.019992816431303385,0.009490360405181367,11141,4866,9
9,108,1,57,38,58,823229,680521,0.39959264787171134,0.12896545475045473,0.029802476737314204,0.007781671110951062,7974,3676,1
9,109,1,27,47,62,983135,581310,0.4762118828716192,0.12170014461350202,0.028945336716612514,0.011019202877107297,10220,3571,9
9,110,1,41,75,61,473392,427353,0.41064685424168673,0.14532511759007918,0.02874509254178178,0.00935442603490953,8625,3665,7
9,111,1,44,70,52,1012854,622982,0.25772210814541074,0.09574353723011265,0.026857392332193485,0.008172361310160848,5436,3973,14
9,112,1,32,66,60,1141307,471793,0.16948233704095222,0.0888077172689754,0.021069992016357574,0.008320060356063466,10269,11151,3
9,113,1,21,64,76,1056777,493302,0.34980643780774345,0.10229045837802035,0.02473931216409949,0.00994278192120518,1000,6098,11
9,114,1,5,100,53,887688,619752,0.39294616640961216,0.09355075764596907,0.021093863450361152,0.009959294523532485,11226,3576,11
9,115,1,36,57,77,1107891,564749,0.27058058885879227,0.13131012559796465,0.018117096449999523,0.006588654806175312,17061,7035,1
9,116,1,21,83,65,871490,264705,0.37240027493874783,0.11484359553139392,0.0327256394558652,0.008092265381917613,8265,8760,9
9,117,1,31,70,61,536076,520785,0.11029480154854564,0.06181093998334714,0.019421559940654826,0.006374216238548976,20310,3964,3
9,118,1,17,69,87,695621,618534,0.2772379184961379,0.05210082848567763,0.017972902876145683,0.007095768074683357,13015,4084,2
9,119,1,27,87,67,748875,363641,0.535094300269546,0.24620014069683654,0.01875581936510248,0.006666727281820768,17292,1404,9
9,120,1,30,91,70,787209,597748,0.34605933388481813,0.09356400494228793,0.02983478577304389,0.007862665333897512,11928,4439,9
9,121,1,32,66,105,781154,333024,0.2847067026451329,0.11934005939710726,0.027369618210252532,0.008693753279524267,12757,6604,10
9,122,1,18,81,61,732349,478520,0.19493365283994543,0.06434042387241888,0.016406384470599434,0.0072013550610251845,10716,4327,0
9,123,1,41,75,111,843768,554143,0.2454468316946424,0.11636486913692348,0.0188878037352088,0.007289537595684172,2161,2927,14
9,124,1,24,70,73,1100847,474688,0.37066359786771474,0.11117913095819135,0.02438714413642403,0.006325225789499647,1000,2023,8
9,125,1,13,73,57,842822,617763,0.3602200108353434,0.08361727537610904,0.017179428246199367,0.005810456538556251,8793,5622,13
9,126,1,28,59,68,925743,358531,0.12160501530837156,0.04346101514286553,0.010185777349160699,0.005126243517465484,6986,3753,3
9,127,1,30,65,81,361215,581523,0.30323677059611615,0.0844848808943978,0.015205177473177331,0.006539830620605657,7147,9054,10
9,128,1,31,61,105,825195,505290,0.3914160223635633,0.12338392840776895,0.02231630985268343,0.007052468336356654,3678,5106,2
9,129,1,43,83,95,1017366,414744,0.2946110499361123,0.09876706903191845,0.029382587227120432,0.006807669627244527,15542,3444,11
9,130,1,27,68,81,1049370,543875,0.13983930729694766,0.06071942104966531,0.016868842991267306,0.005489813465828429,4844,6762,3
9,131,1,28,50,105,1029020,492966,0.3002913718721661,0.05545063012062907,0.010398311586619921,0.005467157090125691,4520,9081,6
9,132,1,18,59,42,860682,647955,0.2176487168951268,0.05806007506703551,0.011012439118826918,0.004680982701275582,10191,8613,9
9,133,1,38,22,84,882787,558340,0.43399289289727533,0.07722335739944386,0.011498548260852674,0.00459048674753275,15417,3160,0
9,134,1,31,62,86,665455,541265,0.2657957185802893,0.07198087153085371,0.01197198211466193,0.004963018977857341,14241,2470,6
9,135,1,25,70,86,969003,432704,0.2285271425465485,0.0618647691583711,0.01267692337585213,0.0033526903053181663,6751,2410,2
9,136,1,10,67,47,666521,514656,0.20066153418721497,0.08724267314423317,0.011210329729519292,0.004079945618364029,8938,6398,10
9,137,1,44,99,59,936178,442483,0.21178150547441482,0.09156244181585832,0.017493011455619673,0.00439037730520833,18201,4416,4
9,138,1,17,78,76,808302,493770,0.32651537018739424,0.07729272074509318,0.01072385026165828,0.004482890024995402,15530,3629,9
9,139,1,24,77,102,802988,624535,0.22872204420744743,0.05002210048865097,0.008857839717693312,0.004462349822948126,14383,6649,0
9,140,1,33,45,118,1000248,471424,0.10857859393457116,0.02655038395482447,0.008398524424255607,0.004610371299746463,11926,3240,0
9,141,1,18,64,66,912241,355384,0.3399627157961001,0.07244759512098839,0.015774068766497156,0.00472944964942341,10500,7032,12
9,142,1,15,62,53,856519,549452,0.5249377883327846,0.12505710501916756,0.015107180049932748,0.003734302895000309,20042,2992,1
9,143,1,8,58,96,700454,578684,0.22874161514624572,0.08748312448805687,0.009798025036299373,0.0036720221416224803,15642,4304,14
9,144,1,37,58,132,1120462,658896,0.1473108050393644,0.05132020224989155,0.0073801190649146085,0.003792117153349213,10610,7774,8
9,145,1,24,42,102,866592,586437,0.1784320405690473,0.08882948410690825,0.008728908975048777,0.003893307032155402,13616,5249,11
9,146,1,59,50,65,949477,472832,0.14275967772683415,0.0354832612342171,0.010425970221541103,0.003775657636759151,8753,2935,9
9,147,1,20,83,137,816189,526079,0.23447129551767815,0.06933067248677081,0.006408021370031862,0.003175904130425731,1978,8029,13
9,148,1,20,67,93,661253,538931,0.4711469064076604,0.09781403591507982,0.007549892791301265,0.0031906315259560103,4888,7269,8
9,149,1,24,62,64,870989,543418,0.3548418821992255,0.06686302247247351,0.010699422667528893,0.003552224381882575,7696,7877,3
9,150,1,32,69,118,680846,252591,0.3231464807514158,0.05928229704256385,0.01151884374312737,0.004553947131423642,7372,1582,14
9,151,1,25,87,62,887555,442651,0.171168699895151,0.0496817118739636,0.0128415949641654,0.004419081203336822,6384,5598,5
9,152,1,36,70,67,146939,547704,0.21214624352203923,0.06859562031109738,0.009342725666405911,0.003724305197790169,6611,3592,7
9,153,1,20,78,94,719837,609937,0.30402406560153555,0.07930199747268765,0.013946696418491762,0.0036608790060718515,16530,3789,12
9,154,1,16,57,79,797130,436573,0.25448867405833814,0.053404044458879724,0.009869980863589659,0.0030142992969236886,19163,6285,0
9,155,1,12,60,80,609114,458504,0.23602859427458203,0.05625490835228691,0.007746005632955148,0.0033078113179988416,16561,1499,1
9,156,1,7,75,80,872756,476151,0.18486687383998016,0.049934335155600765,0.007629770624462945,0.003154670185215881,1000,5316,2
9,157,1,24,98,102,715555,486510,0.14381497230066667,0.06310962562143604,0.011691532519073077,0.004211290581687861,15389,8066,13
9,158,1,26,91,33,798818,585444,0.19198712273447613,0.04610321232242992,0.008415751222231796,0.0029606215142920535,13682,5290,12
9,159,1,23,78,85,689694,426153,0.2780466688059248,0.09291406099082974,0.011670134239426864,0.0031686017396672463,9813,7187,2
9,160,1,42,72,74,994382,586480,0.375871612610011,0.09224462765825624,0.019339943223450368,0.0047919592302317895,7515,5240,9
9,161,1,42,91,64,909194,641878,0.4146818213456292,0.11421186098665972,0.02358726724881796,0.0033770541689339133,8475,3294,6
9,162,1,26,81,64,859581,460632,0.2781876691098183,0.07979183789446025,0.02783859147829085,0.005948363194959193,14949,8859,13
9,163,1,12,35,27,812398,457011,0.6691156721155287,0.2659506626344648,0.030490229454182696,0.00539912527127747,11928,4615,8
9,164,1,24,54,64,1306126,515754,0.25111630189295886,0.07851033572982846,0.013244117096054412,0.003649877478669905,16097,2480,5
9,165,1,24,75,105,768518,441351,0.2671879455107153,0.06785842369417326,0.021082927855529586,0.006457801234749263,14073,2225,14
9,166,1,23,43,96,660622,491209,0.5060520520581867,0.15898288968698365,0.032124277923274866,0.013040701582139382,17202,4628,14
9,167,1,23,56,76,565387,353034,0.42479760587923715,0.10843360793848125,0.030554320792853026,0.02112832217888542,13169,6748,6
9,168,1,23,59,51,981071,585570,0.30436797678710864,0.1036721276738274,0.014986620556431334,0.007815932750841631,4313,4978,8
9,169,1,26,66,96,1126243,666302,0.25661964764214057,0.09733273648975917,0.012217063759909452,0.0037236697818551793,1999,2005,9
9,170,1,23,65,106,630388,432678,0.6665169232379691,0.21979044621325106,0.0729409004866883,0.02425122846499928,13230,5167,1
9,171,1,32,65,100,743020,335377,0.7524031960950445,0.19944246472106134,0.10554562774086383,0.02627016409303522,13002,7181,6
9,172,1,33,82,60,728113,592088,1.2433068477920426,0.5965086626759766,0.37532988689473085,0.045345235041316594,6914,4745,4
9,173,1,20,66,62,775180,458150,28.838990181387526,9.471321386810732,4.445091887033628,1.5132917878803187,11236,7913,1
9,174,1,42,64,113,446445,433216,2.386176986008876,1.8781333771366862,1.1394123842963164,0.3550932081167739,7727,3328,9
9,175,1,20,49,55,961345,487800,0.9146014749546252,0.33702136558808965,0.11079025134076743,0.030563332589057374,7534,6795,8
9,176,1,13,85,89,1038048,377915,0.5174090112895867,0.16905671438920888,0.07780530256130633,0.02435178416406182,2833,5968,4
9,177,1,33,59,44,419089,548200,0.7295732270758778,0.2220478410311364,0.07630778581725375,0.027092485274301966,10223,6056,13
9,178,1,21,53,73,1151587,373539,0.4514958595183134,0.18927337636927907,0.04189069332270443,0.024639396853223673,7415,5890,0
9,179,1,33,73,91,1123507,381562,0.23351395075433157,0.08525494098450284,0.051335544870177385,0.014733276561912822,11891,4342,4
9,180,1,5,58,79,186029,380219,0.7059684102694326,0.169235484237051,0.06091557822138741,0.014301476859398908,1233,5600,2
9,181,1,43,62,90,365336,516399,0.4184947292568691,0.18676952242410613,0.05014640743874561,0.015596724703872298,13009,4146,10
9,182,1,36,73,55,773414,318631,0.1902114083198491,0.1633472463736189,0.033672478969912475,0.013096643305852366,7423,5548,6
9,183,1,14,65,63,1063208,708827,0.23225974274678876,0.0656849147615779,0.023411426695173466,0.010146377873055678,4666,5583,3
9,184,1,15,100,89,857954,462447,0.4507856564187222,0.1392194299615393,0.029035346329167586,0.01601441807549089,7800,4533,1
9,185,1,46,68,93,804276,288379,0.18099462903982627,0.0964419215865213,0.033698900698055645,0.012885508772656804,2008,4715,13
9,186,1,22,79,84,914732,393926,0.17398581060111853,0.15112757984967765,0.026340236418558656,0.012521225221682412,8545,2142,0
9,187,1,21,40,98,638381,559878,0.3811539640473366,0.12468755971696802,0.033326121306020765,0.011636353777524333,10615,5104,12
9,188,1,7,57,46,1055471,634834,0.1787771934965756,0.06472890023392555,0.025634950470391684,0.009832704165392914,10363,6181,11
9,189,1,26,53,70,779276,516318,0.11940154507202536,0.06437057094817428,0.027065530630882413,0.015022891092970505,12299,5483,2
9,190,1,27,55,116,473394,508563,0.16572597332562244,0.0792450162675392,0.04456874508720752,0.013425295630314783,7161,5285,11
9,191,1,37,76,105,640904,346982,0.30309831157614586,0.12792224032290528,0.03761502118106007,0.012807298580701941,13896,2127,8
9,192,1,16,85,92,873801,648885,0.3186953695275533,0.1293363295962099,0.02401441526613414,0.011491615445942786,11330,5764,3
9,193,1,14,75,76,742064,555592,0.21820780846099996,0.08252352633184255,0.03276566906685913,0.01020865194259628,14079,2540,11
9,194,1,34,66,100,721347,532108,0.2071512005951828,0.07138883251094383,0.02172042668238045,0.008216868002307106,18295,3497,10
9,195,1,40,60,88,840586,501691,0.16579246980412227,0.0750913890844538,0.03754904441170496,0.011457195999760935,2243,2692,13
9,196,1,14,86,49,871724,553102,0.27843191304457915,0.09689018060782845,0.041304554382073075,0.01039947504769749,8086,2938,3
9,197,1,40,100,99,553923,419994,0.43857426974758745,0.14165365267738436,0.030690284894157448,0.0091742646532868,6185,5285,3
9,198,1,30,72,62,1044698,593934,0.27927118417736885,0.10959843643161502,0.025345220906479844,0.009114650478141065,20691,2292,4
9,199,1,40,84,95,773775,580338,0.15949661110565055,0.06665257049159388,0.0266421290361871,0.009166954277194201,12986,2535,14
9,200,1,29,75,47,883937,490185,0.2649334471706398,0.11611194346843762,0.030311170082112978,0.009489722608733838,11435,8164,10
9,201,1,4,81,111,819476,472790,0.30597911011533946,0.07887569527496166,0.023192783945393845,0.008910958380166834,15979,8733,0
9,202,1,28,52,74,717976,284156,0.35850462199394345,0.09376256327601777,0.020046850629776958,0.006957476746032411,10062,6989,9
9,203,1,40,62,57,982328,326779,0.1440620322907414,0.10789088969479003,0.02797928210307418,0.010776742019035916,12333,4401,0
9,204,1,21,75,66,816233,554576,0.14423395678077258,0.09322818916712301,0.02725197950896441,0.009886475140045316,7719,7279,10
9,205,1,26,88,73,814663,590473,0.20614536643962222,0.13079978478260187,0.03138934644473387,0.009251472455313249,3177,6069,3
9,206,1,28,57,79,302261,607005,0.43110434583788976,0.08553570399250426,0.019873436089425475,0.009699044823696993,14487,1103,10
9,207,1,1,39,106,963990,365282,0.17237918582551714,0.08051978550443803,0.025532980951440798,0.00928885728018927,5200,7320,9
9,208,1,46,62,81,765893,729345,0.11605120402004702,0.06796913406931794,0.031244528096356493,0.00898387779173978,13742,2497,13
9,209,1,20,85,36,950986,600029,0.4148069769530967,0.09849450458917745,0.03758248709772454,0.011579980384992493,15418,3973,6
9,210,1,35,46,55,1128992,442654,0.8967283411186524,0.2113372237271522,0.035186366886862025,0.009359957904406052,1000,5605,9
9,211,1,29,52,135,964673,516332,0.20927361359216884,0.07143770768347248,0.022852837228499342,0.009543036751672616,15224,5588,14
9,212,1,42,72,82,810830,330262,0.2000372740871422,0.07097147532008416,0.019976832331668002,0.009121319900097334,11272,5766,14
9,213,1,34,68,99,742714,438309,0.15584797252138627,0.08398034753440511,0.026252740385417958,0.009627846891783313,5151,7394,2
9,214,1,27,78,73,1305144,553826,0.26612198551356897,0.06431830733757,0.01797508023513756,0.010108708389929756,1301,5540,14
9,215,1,21,51,59,896677,506268,0.27637580923629074,0.11653413466883539,0.02212110092512987,0.009778483793717877,9645,5316,11
9,216,1,37,65,70,841926,674314,0.22797586351941776,0.06943509611591873,0.02955388610397676,0.010233825201665773,9107,8066,7
9,217,1,11,87,82,763412,352055,0.14747117339955615,0.05282951608963688,0.02207840188146614,0.008953966546709444,15460,4840,1
9,218,1,36,52,70,620688,488286,0.4936603706685215,0.13408761078006845,0.039162937991637246,0.007844094086639839,10323,4769,6
9,219,1,19,92,118,409862,386338,0.3587372910552284,0.15160436450771383,0.041847698058568736,0.010039490593013945,4561,5896,0
9,220,1,42,53,67,1104235,653505,0.2890353429588929,0.09113319508097201,0.03096053202793909,0.009545009423270046,2231,9000,14
9,221,1,31,82,58,644123,526535,0.13649133058237378,0.08569246573412087,0.022594844247527605,0.010030883550204877,10732,3623,10
9,222,1,36,64,96,761936,500844,0.17516827958156334,0.06353034175580587,0.02932780987519006,0.010899454982830006,10021,1567,10
9,223,1,30,52,98,778788,486686,0.3979021158189862,0.14149695115653774,0.02531726544015282,0.009115217110460015,16602,4979,8
9,224,1,12,62,80,1086621,412291,0.4288728183111638,0.12061498827242073,0.0285570157812362,0.010364939821071277,7540,7794,6
9,225,1,21,78,67,646741,619844,0.18782055626003782,0.06760417641221683,0.02264111572127537,0.010395255102850531,12093,6169,5
9,226,1,36,69,41,851469,517060,0.3297031288906133,0.08571800585936856,0.032155854391942594,0.012584276862357767,9336,3970,9
9,227,1,31,86,104,902432,524475,0.24684874693541448,0.09528516169379386,0.03450621105130729,0.01013085311548841,1000,5013,14
9,228,1,41,91,97,523109,558232,0.22503537982446156,0.06486102091303134,0.02724697247940259,0.011108006304838453,13580,3033,9
9,229,1,34,52,71,504307,413821,0.8680075195188579,0.2554795274336678,0.028829479163297877,0.010507695270570813,7869,1434,5
9,230,1,20,51,81,656996,699528,0.3464947860708885,0.10657184460170305,0.02783253036675789,0.00860998489356697,13295,4431,8
9,231,1,22,50,75,848733,656951,0.26281684140637357,0.1036533749451879,0.017611158285950793,0.01051050567357446,10846,3008,4
9,232,1,31,56,112,823298,496404,0.20252720245447392,0.04465661276400266,0.015552465361900128,0.007463883681218286,5056,4374,9
9,233,1,6,86,59,776183,469891,0.23163841422942977,0.09381584077418174,0.021963786447496355,0.006264034871711612,9128,2024,5
9,234,1,46,78,67,930477,563964,0.41864677741273226,0.15966825981271848,0.019704741149874177,0.007258771312381494,9843,8444,14
9,235,1,34,61,65,628640,612018,0.18669244218925643,0.08059157690166296,0.019071272443779225,0.006287685000068485,10920,6896,8
9,236,1,42,69,86,765891,675027,0.1386495298569324,0.038595838616683475,0.021109254442471647,0.006458626576435539,12561,3934,7
9,237,1,14,91,81,777291,564481,0.12330315449287271,0.034420461783444906,0.01520983993014797,0.006341322279564758,10152,5092,14
9,238,1,42,98,84,634042,513656,0.3825173014498651,0.08794035033236193,0.012425617664088923,0.005925940373594985,18731,7123,2
9,239,1,52,73,62,1260338,513713,0.25616304336587703,0.0682474198542354,0.022215120584329458,0.007544830929033584,14202,5615,5
9,240,1,16,30,109,367912,311931,0.25763485860023183,0.05957654456167145,0.012403158971617048,0.006272332875450755,14979,4305,11
9,241,1,37,74,70,1048136,456970,0.1258175210863723,0.039481354355900215,0.022095967181574524,0.006990307634710353,14124,5942,12
9,242,1,30,84,103,960014,536122,0.20772926650910012,0.08640554834917544,0.015096327050527582,0.007776859092812933,10382,4473,3
9,243,1,14,73,142,961657,274226,0.45465479893274036,0.10040643983597888,0.019823362724505394,0.005874113941484858,13659,4713,6
9,244,1,34,80,62,819169,517993,0.3451618246583024,0.10924055157527764,0.02250363250088864,0.007269449476286614,16244,8494,12
9,245,1,38,75,86,1066715,418797,0.18234546538468072,0.030203476612035127,0.01452658653218955,0.006955676139719608,10630,5854,11
9,246,1,23,51,77,710328,657701,0.11011281595477136,0.03809272027494293,0.015403430622159894,0.0068233023728570185,15253,4842,7
9,247,1,41,56,120,878487,471531,0.23700711624935786,0.055629184426552444,0.015322335322562736,0.0037740547411096005,3488,3009,7
9,248,1,13,65,74,814640,473637,0.3998032032772164,0.10628691943601487,0.01225808185886728,0.006032555976966152,15495,6082,4
9,249,1,15,85,84,753537,486258,0.14243365130925242,0.08153740498243821,0.017199227000039338,0.004523082780290642,6145,7072,12
9,250,1,31,58,84,824370,499534,0.32383729065583505,0.07982664823627136,0.014562795225327227,0.005274758009846961,3478,7308,12
9,251,1,30,76,77,610248,579283,0.09385387828059227,0.03455656192369439,0.014475202912368371,0.005406101641659926,8604,10130,8
9,252,1,22,74,95,667193,465569,0.24167089020708654,0.08442675250080364,0.015275402721659661,0.0043430871893750675,11036,3039,13
9,253,1,38,93,81,1116062,502343,0.3156250179439064,0.08318522644763218,0.009829872116654476,0.004347239060900341,11673,1000,0
9,254,1,35,69,89,1376319,579879,0.48067322381588157,0.10309899702131735,0.011070755929186214,0.003931321503334643,16452,6997,2
9,255,1,38,43,84,903991,500853,0.19414575634086934,0.05390526213304912,0.0075136403892030156,0.0036627660406845417,7213,2600,2
9,256,1,28,79,67,966711,565543,0.12113175362787118,0.03041533554730582,0.00882451993684887,0.004197330451280256,18220,2685,11
9,257,1,36,100,74,850406,455443,0.3259441990706747,0.053146311597610886,0.00913899999626339,0.0045643124947059455,18230,6114,8
9,258,1,25,80,91,891010,535100,0.2579421001955375,0.08155056349106396,0.01014196963251425,0.0030660125391523793,11128,5626,0
9,259,1,50,58,91,908758,630899,0.47635749436085467,0.14916124597519279,0.055638208150383554,0.015955163035344215,5862,3718,0
9,260,1,21,53,104,1007085,560245,0.9260493828401094,0.1733055833978616,0.08153098914735199,0.016465866911534503,22454,3355,10
9,261,1,51,55,117,1107389,312898,0.18428187734621457,0.07080181500327182,0.03364529438764508,0.01348232614252891,18624,5063,9
9,262,1,30,100,69,623117,555536,0.22633598145405392,0.056631987227084554,0.011135490734966887,0.0073944037277426326,10952,4040,7
9,263,1,16,65,82,1365559,384601,0.1450969762944975,0.054338215459078444,0.010927042750763142,0.0033991837194797554,3188,5247,5
9,264,1,43,60,76,827653,407502,0.18796755313527613,0.06276403260752035,0.007491378333621177,0.004728750368900025,13102,3000,11
9,265,1,31,67,57,827719,549187,0.4025931478199677,0.13341923044507803,0.043269092443479984,0.009582155772463406,7050,3243,12
9,266,1,38,65,91,717418,403043,1.6838750829242017,0.6197888781353985,0.2870688238688741,0.14238120381262032,14370,1906,13
9,267,1,42,93,95,718183,389019,0.46802223678265426,0.2936427639028203,0.13901112642296257,0.05467536547408169,11147,5732,10
9,268,1,33,54,58,923274,499650,0.26698914396591406,0.11935984919322445,0.03666428197602104,0.020001197400071693,2019,3704,4
9,269,1,24,87,72,927431,438657,0.1836083212012164,0.10591300941157178,0.015350085366778284,0.003454237731371811,4100,6457,3
9,270,1,39,71,70,913044,337024,0.21964338514694495,0.09362349517466553,0.00885085832465732,0.003914090290354912,6189,1000,6
9,271,1,30,88,49,709032,555538,0.16560497773059132,0.0457038211135346,0.00886544949934687,0.0032100609548030633,18204,2227,0
9,272,1,36,93,79,259763,598542,0.17864130026054456,0.037405977122342976,0.007253093970277854,0.003744729863146274,6750,4651,3
9,273,1,8,71,57,440893,590470,0.13806745775819157,0.03411152903827683,0.007274296714169541,0.003466468980211138,1000,3645,0
9,274,1,34,65,83,802657,410168,0.16696764922666843,0.038308064530205424,0.004752959204850895,0.002730992336620923,8992,2838,4
9,275,1,23,70,85,867176,541090,0.14955274205758728,0.04341973211238244,0.0051568650105926995,0.002162582665857034,8693,4439,6
9,276,1,46,68,87,716060,450592,0.16363358290546004,0.029324862847340708,0.006526106281055597,0.0024096321340273358,17949,4427,5
9,277,1,36,45,88,661419,373250,0.4233402202760321,0.09455245937053049,0.010759649282129236,0.003044773195406576,17572,6741,14
9,278,1,32,93,110,859338,425267,0.2372842270356519,0.07307559363157222,0.005976179405766649,0.0024930336584899474,3456,5531,10
9,279,1,34,73,63,778473,218066,0.20014650374805062,0.08554678282876188,0.006786377047536891,0.0021229670843037653,11967,7252,3
9,280,1,20,52,64,704701,394270,0.1416025211593044,0.03209285015860243,0.0032701974204106194,0.0021183227253161025,13958,8070,5
9,281,1,46,38,93,476898,353329,0.10350645423075847,0.04354837740258254,0.006465809480676962,0.0027027437949905873,9394,3732,13
9,282,1,49,35,77,631213,520290,0.478202672197582,0.13514525167098507,0.007226870282255426,0.0025937671943795696,10880,7204,5
9,283,1,33,81,102,986518,529149,0.2036617742565292,0.08743223810471121,0.007191749972142058,0.0023025541769525395,15528,6747,1
9,284,1,45,60,91,607473,331027,0.2410098409301716,0.04554126270164869,0.007661964751499952,0.002548469960945789,11463,4917,3
9,285,1,24,63,118,932730,582797,0.10506000625213999,0.06232403004036111,0.008957620158129278,0.002018535735520326,13352,6050,3
9,286,1,22,77,78,1077280,439223,0.07372595715379326,0.016804241568219202,0.004269888616082651,0.00226486593284088,17034,5386,13
9,287,1,30,62,50,641787,393060,0.33506331823388635,0.05348518765697376,0.006939165363631497,0.0023914177414906595,7767,4883,5
9,288,1,34,78,86,711069,320967,0.32592036070372543,0.07443358941709477,0.005887013190918495,0.0024237978128814025,13980,5517,9
9,289,1,26,71,78,997469,419913,0.2898697443795225,0.08063657940992759,0.006241745809766041,0.0021201118842071633,7777,5652,11
9,290,1,35,68,90,1046566,486077,0.22688220812002177,0.07658024134918373,0.00657645512103481,0.002343919400191263,15367,7041,4
9,291,1,33,46,93,671041,599579,0.25067041255183664,0.05464807635741433,0.004591511848586794,0.002257646777697405,6893,2912,12
9,292,1,20,57,69,475734,489470,0.10097263493946622,0.01624958799663221,0.004785629241862203,0.0023377921046704975,12172,6524,11
9,293,1,35,79,59,1050975,468512,0.2105327855116975,0.03541903235372383,0.004587272047997842,0.002315577567269298,8860,2697,0
9,294,1,38,59,77,916771,558049,0.28488427472328237,0.08568387147253159,0.007391131204073424,0.0022793783006484266,12935,4832,6
9,295,1,31,88,32,880125,514009,0.18360389169187477,0.08251988899042755,0.004246551893038457,0.002207145427609977,5776,5522,2
9,296,1,41,100,81,983118,349493,0.4857315918325786,0.07262981900560524,0.006878851825901535,0.0019539397120161323,8612,1000,10
9,297,1,17,79,71,562978,456327,0.2088843603157942,0.06177903648824409,0.006641972165789773,0.0018750185337473434,9736,4417,2
9,298,1,34,92,97,878239,442499,0.18706608151153717,0.043700138243641225,0.002646925468527554,0.002665348991008801,4627,5891,2
9,299,1,18,80,40,742946,485006,0.1230819535719539,0.03061710294519214,0.0026366569326966398,0.0025672739179394234,6961,4781,0
10,0,0,77,63,33,84118,217094,16.010523118201863,5.871251595738145,5.686033157381373,1.1617378137775825,38006,11986,0
10,1,0,96,27,53,293299,189774,5.8909576591835435,1.6910336383197944,0.35652164174996676,0.1571188206542649,29085,16557,7
10,2,0,65,26,36,290518,211844,0.4476002109606769,0.14082245364603552,0.02791308014057796,0.040554525379209776,29123,9727,13
10,3,0,76,55,40,208533,164537,0.17933895816690176,0.0769470026889995,0.04988893571806983,0.04486933117309259,19323,15047,0
10,4,0,86,54,38,376041,225135,0.255743461107367,0.17131167328604385,0.058433949511005806,0.05344800107136835,27452,23026,3
10,5,0,55,22,26,394419,202781,0.5827522810079419,0.1643513966104042,0.05092832123453913,0.03463770027059817,30381,25125,14
10,6,0,100,32,37,481413,172380,0.30826771253030594,0.17341042219610642,0.04350934082169256,0.037929771395148054,30412,19799,11
10,7,0,75,65,33,297180,194129,0.4123534123195854,0.2284420534844148,0.030407176262793486,0.04731063438526303,28319,21190,3
10,8,0,77,46,29,429151,265373,0.3205922195932495,0.11555319513002726,0.016545091710738462,0.04145561887596483,19255,10644,10
10,9,0,93,51,24,218074,194772,0.7026271335575494,0.28092737311303106,0.040792958629583834,0.04193024118340067,17042,12120,10
10,10,0,88,22,38,262880,221380,0.3108569976350234,0.26169920203316643,0.0392072153526737,0.03783743386732252,45075,17077,3
10,11,0,75,49,49,367948,221233,0.4412693003520779,0.2128230353258754,0.049534267679879784,0.047837065144153056,35885,24896,10
10,12,0,76,18,56,234396,228989,1.1044268276783498,0.6147219807946566,0.11497668602962534,0.03915858088061081,53587,22529,0
10,13,0,52,10,19,283782,144769,16.06134778027291,4.920348918714699,6.571868314475143,0.9547733506710605,34013,10086,4
10,14,0,66,50,64,383955,148240,1.249844325453488,0.22330341145313362,0.06154094778823586,0.03612663574374502,36659,16029,8
10,15,0,82,61,44,299395,162584,0.4204614608945439,0.14758254933736192,0.04244331995567442,0.05192341834594958,20945,19427,1
10,16,0,81,36,23,208036,230344,2.881872366828337,1.9511042518363397,0.5572157849260404,0.18217911674368983,44686,22084,7
10,17,0,93,31,33,241044,213097,65.17503834614476,19.612938981728078,6.1894485925575395,1.6704863232789027,11531,13819,0
10,18,0,73,65,11,272660,210586,104.2326996834922,41.35542601465292,17.250927179709997,6.72423584217405,36455,14408,3
10,19,0,54,37,15,358754,193955,42.339755321727274,11.880774693665318,24.50192233132489,27.896601527169715,31112,16392,6
10,20,0,90,39,65,267507,133763,149.3070734219885,81.52745416849812,11.882899531557902,20.465705148378078,44590,9323,7
10,21,0,96,65,29,55097,169981,139.57127866112907,32.43438334246309,11.017193360140453,39.434055361432016,28691,14533,13
10,22,0,88,34,48,378627,210558,190.98985725455552,56.95754381256646,14.002432658885553,38.57666474790759,30384,18237,6
10,23,0,72,30,38,364544,191476,256.47265323989706,84.74801840936615,27.489334489161774,27.33078693658143,10681,13249,14
10,24,0,90,52,40,193445,208933,209.95943849223588,48.177484143649195,15.173327822418774,37.97149160947191,11073,23899,8
10,25,0,100,29,45,186669,122140,107.22995747897059,110.69695011068117,32.12226507252702,32.360810320754915,33693,17564,9
10,26,0,76,37,8,435109,199339,73.73027941273814,37.67167992336351,17.62576313896899,29.03511176938443,41387,8080,1
10,27,0,55,20,59,275940,95643,70.67978740204319,18.96813645022407,9.092923264120614,2.8119327727910766,32897,12212,7
10,28,0,66,42,38,375357,134802,159.1456564063624,51.20875911155882,31.118409309586475,11.83643085600515,28648,5352,8
10,29,0,84,41,32,230602,151433,69.49817457443892,157.4207252881586,40.994812365124425,15.9951016644299,33079,14124,13
10,30,0,50,54,47,365527,107864,241.23288978770978,85.08181924520994,38.132553601340234,18.197568067083548,31983,10282,3
10,31,0,77,52,29,207714,159921,119.18713919405434,49.08654310349692,28.915206390804805,14.535659140953376,36623,15237,4
10,32,0,80,48,43,342228,213844,260.0708119364579,98.67505815914096,23.659372515410418,5.604595523442295,20378,13915,8
10,33,0,98,45,37,335689,258307,284.03735711368256,225.46457448498683,21.458870127883323,10.84335819528275,32559,17004,10
10,34,0,94,38,50,93540,173225,74.4561018129904,61.02132186129945,16.276244956503277,14.318727680949067,19883,22089,6
10,35,0,87,49,36,312397,167164,325.68595506695493,92.598496434299,15.499519672440888,3.232703184055496,41033,21442,14
10,36,0,42,23,24,228138,193986,169.34226289726178,328.3078266072951,50.6890330078754,7.476889693881377,19054,23180,2
10,37,0,88,4,45,409300,186596,136.81645465617967,54.02747292792918,16.69603082613848,14.115259543202686,27753,14474,12
10,38,0,85,57,35,323519,149352,265.55793293668563,87.39768367933009,27.945078428568845,20.83511724098264,35973,13525,11
10,39,0,78,50,12,275269,227080,311.26164566033,161.30275761176406,28.476115822610637,15.363755757999755,16795,11179,2
10,40,0,49,38,42,451885,185285,322.9563096865907,109.99591366936008,43.964517186471106,30.610507363229164,21855,11889,14
10,41,0,63,56,31,109678,167048,90.33218233320228,141.73114246526228,27.50523504847083,9.494701858081536,52350,17113,14
10,42,0,57,29,45,492729,171560,292.08837862522904,91.32259634116937,37.24395964552639,33.63497931010429,39407,8487,0
10,43,0,44,29,27,487545,317564,532.231441578313,234.43214350117134,47.53846562350664,43.25971737551525,33346,13143,9
10,44,0,74,27,21,261031,238737,216.75264993745935,186.55969453230966,54.992732157882614,64.16904595946706,36452,8650,4
10,45,0,63,48,57,388839,183025,461.70416510424434,222.79746497558145,52.671901200984905,41.71199340210097,12956,15151,0
10,46,0,100,16,52,348536,78184,642.3531582781702,109.93001097118112,56.6099363313574,26.41860313959424,36284,9878,11
10,47,0,72,28,39,51481,114796,533.259608908035,104.42610821592912,41.753264652374796,40.27607944975442,49547,8093,10
10,48,0,94,44,46,288847,204324,375.5549714131013,153.53528283995942,74.09330084559001,33.674395480769945,25061,14377,12
10,49,0,51,21,52,173495,185464,353.1045703047191,155.43538807800107,49.64709972870002,19.549280357571604,48235,7252,2
10,50,0,67,30,39,164377,142394,196.40240571347343,79.11782225768752,25.90521698127239,28.531164456567875,25373,16284,1
10,51,0,76,6,21,271352,193401,189.4612441214185,270.0729194024809,48.65655273773333,19.887029085139375,31213,12446,9
10,52,0,61,49,44,274821,162765,80.44360241058696,27.753568521691797,22.235933378325488,16.327577393546417,16606,15508,4
10,53,0,68,29,55,421581,167941,332.2845495744559,130.0870606299462,60.145570313731916,20.17544331045009,34357,5665,11
10,54,0,71,23,48,224750,191334,391.11639309086553,182.56891980448833,33.67704536529408,14.938678627496957,31490,21663,13
10,55,0,71,20,40,260518,149194,571.6007841570109,222.96451006700354,69.28349421123204,38.124219839082315,27774,9195,5
10,56,0,100,33,48,436733,130716,598.3435175292267,184.51283116778717,114.91880798728505,22.729104363608343,21391,23945,4
10,57,0,80,16,36,281629,132283,235.8099023149602,67.38151606085881,18.87807532986197,7.008514946086552,32252,12833,12
10,58,0,82,69,55,248685,179747,236.2221238503185,129.30524616608244,7.033967723104003,2.3976736466070117,23722,21507,11
10,59,0,83,4,60,385685,120844,61.012086352765465,24.054481064021733,2.683855706558547,0.6450915615149416,41064,19769,14
10,60,0,84,33,20,353063,309510,26.82355986641592,22.601983001654286,7.732074716804153,6.026192959819137,32593,12745,9
10,61,0,73,41,56,309992,246674,112.60624273896347,43.275838427188226,20.95743668393258,6.911279775702546,25142,18454,2
10,62,0,70,28,73,392405,235989,159.9791202933328,39.58113889012855,15.839375587356491,5.4155211638213405,40004,13400,7
10,63,0,77,43,47,175232,155743,151.16342658358806,79.35153782605175,46.99085833062657,22.534507307329505,25691,13844,7
10,64,0,92,28,54,241811,157586,213.98895511781367,95.42289404876297,47.35415394333785,13.044424939022113,39725,18713,9
10,65,0,91,62,30,499833,129191,71.87252758280644,36.49804886098215,15.977215138612342,7.528007930395434,31177,7224,2
10,66,0,71,23,32,1000,291919,173.43640331906462,59.36997121636441,9.931536226023102,10.116514269670489,10921,12045,2
10,67,0,86,4,36,232718,267169,239.95279766155178,83.20134456287879,44.91866415420861,13.568393736550217,35879,17289,12
10,68,0,72,20,33,181656,233616,1013.1165639747408,221.64040358627915,26.22821925168332,28.97285354579761,29469,19542,4
10,69,0,75,45,20,307101,193947,314.41886375713756,137.79754195695216,45.213045425023495,16.67565354676587,35549,15859,12
10,70,0,67,38,37,360493,180589,243.02694040227138,118.93452456952713,40.4663638914389,22.41447867148523,32157,11628,2
10,71,0,72,51,52,410696,225295,444.6151849141949,204.02170778583772,74.78661512655476,27.394812877423995,32222,17375,8
10,72,0,95,47,20,258961,279886,776.5108011839208,272.06681015819714,48.4907195598497,28.532587234440367,30426,13343,2
10,73,0,76,30,42,207721,232141,347.7247890579957,58.351663808676804,3.7800304628501475,2.8427253527856453,58826,26014,4
10,74,0,77,32,42,154873,144355,0.4881657052726256,0.14806161727039022,0.05255328863899805,0.03642200553127932,35258,15914,5
10,75,0,53,34,35,304792,161681,0.29414345865876257,0.08798375891772467,0.023450019330841617,0.0212857502417166,12317,6745,8
10,76,0,70,68,47,512729,223398,0.6042270544054552,0.11150079679029579,0.015076206089221897,0.044586054772464634,14921,12564,14
10,77,0,71,50,46,241230,156816,0.25497618882893064,0.10946953931951511,0.025016442146386136,0.03588134610757615,34333,10509,8
10,78,0,62,68,34,292821,176452,0.2682645926880009,0.0895811327490576,0.048937568220381776,0.03439116643490257,24275,8060,9
10,79,0,75,52,55,313619,275522,0.30222792087981054,0.1267444459623783,0.01802093682100601,0.0404610863002222,40734,9044,4
10,80,0,68,39,48,257715,184293,4.519599114501132,1.618100937370865,0.07896140154914069,0.04283222569974158,33229,14135,4
10,81,0,76,24,63,442324,121219,0.19158634127841193,0.07114354285788825,0.019968193959885413,0.051348436320298,33767,10832,8
10,82,0,76,43,39,420932,344287,0.3429691634839983,0.1140647052497711,0.030845081801257678,0.035809580237863986,20796,16357,7
10,83,0,60,39,35,381826,254383,0.2951739762035316,0.08033130338047198,0.025371358795760003,0.035732263576442394,35745,16373,7
10,84,0,69,38,36,396053,196817,0.2459491990247142,0.0664181414902862,0.028278364114954338,0.04145719461269668,31722,13896,5
10,85,0,76,36,57,231476,199636,10.512890817088078,4.635765873948493,2.1370304307409227,0.9656251197050548,20635,14820,6
10,86,0,92,9,37,185210,93672,180.88892322719605,74.40052220610602,19.632766364769786,14.84402004296949,20676,24057,13
10,87,0,78,58,38,232266,180352,224.36652186323957,80.75396834945398,16.718307913794664,17.484833630213,46561,22539,12
10,88,0,65,39,69,328041,162792,122.83864704805,114.18458714154542,52.5012583226347,20.29320046207471,35680,15910,2
10,89,0,80,18,19,267542,204887,728.8463860550416,184.9356304671621,89.87580255019759,45.465645684865024,26175,15960,11
10,90,0,100,47,45,356909,281384,304.3931314507448,90.99378589868935,46.70007598599985,58.39286109559649,24542,17561,7
10,91,0,88,27,39,310821,222005,430.0861022840942,174.38917063439388,38.355014965167925,39.22682432713446,30104,16973,7
10,92,0,83,48,36,166067,301515,188.13898024884983,59.245636203330555,20.171654663438897,11.152565571858739,32884,17089,7
10,93,0,85,53,25,424077,130191,134.9100219040493,36.08794658435413,19.652306604505526,5.6752172759966,16522,7188,11
10,94,0,96,55,30,248867,122889,154.21812524914887,35.93190335263768,28.165733563279705,22.532096818560845,28751,15263,14
10,95,0,91,37,33,378630,262102,125.61528832344304,47.238864031054064,19.715266604402917,25.579113087652413,9510,18722,12
10,96,0,83,33,47,215239,205201,285.57746028789666,96.0702691299639,25.992863758086553,7.934628945995056,29753,13942,0
10,97,0,91,30,52,211895,223365,91.9450499112896,20.90227127385037,32.67094350301352,16.894280444745267,44572,10690,14
10,98,0,58,29,13,207099,198654,49.75223283047787,11.813896906982617,8.079113035629225,4.163034210901201,16988,14424,8
10,99,0,52,39,21,156815,209758,70.60855418441825,20.301208765825336,12.04656611836503,8.804656785781749,28601,15337,3
10,100,0,77,36,48,159213,234395,108.78132012915378,49.123240432667835,13.67033685378069,31.617832593334796,27827,8030,3
10,101,0,76,27,49,338061,212639,160.52119916381312,29.577356198428003,17.514479166804872,27.474317172297223,18756,12252,12
10,102,0,66,22,18,207249,171433,83.9536258664851,25.82999818309683,18.78752288147179,14.888693528234887,25469,18584,1
10,103,0,87,38,53,334592,316509,41.234366992808106,21.32338436377536,13.162195526073162,21.92751766877743,16786,16998,8
10,104,0,47,33,39,310176,204716,118.22008674417314,48.62313855939653,22.94596480419042,25.302077883417727,20322,16420,5
10,105,0,66,22,51,388005,190026,106.99170449898014,56.06373406498163,40.40478725068972,26.24703333111111,31637,22671,4
10,106,0,67,52,27,198152,182725,52.04748115405557,12.543892831311604,14.917595615462618,33.479237784014664,33874,15753,2
10,107,0,50,66,19,406084,217044,91.80202130788247,43.414638652851956,11.615498009291633,37.327006503215394,26707,15727,14
10,108,0,97,54,35,209414,187871,50.03941900127154,24.833859458236713,13.263241490915282,10.370774678350877,43419,20853,6
10,109,0,54,29,36,25758,98543,74.10629983908478,27.97347978391913,10.053243771603391,15.444844672278332,37315,14929,8
10,110,0,66,39,35,319025,187292,120.9092376897572,60.248307026012014,28.30189598389745,10.411156594630127,49678,17448,4
10,111,0,88,63,34,212481,145839,113.65425022561595,39.10241543869477,29.04825394608427,40.774827147101156,28815,5958,0
10,112,0,84,22,65,449981,213374,242.24182146154166,66.90228159403595,27.34972532186107,32.46026045699251,19511,17553,14
10,113,0,58,51,14,330098,198496,406.89499944327224,156.09613830317176,55.923242038838005,34.79406605730081,28111,13262,14
10,114,0,85,18,27,291481,166809,308.7451307116533,129.7820549489485,66.64714485234279,37.35443032345247,50157,14595,9
10,115,0,79,65,33,320156,247052,555.2077449583475,230.34291842257966,56.67919254651934,36.522644096356196,19975,22400,9
10,116,0,100,33,40,250262,196470,427.656536723617,279.59872387675034,88.3615423553041,47.14621027568655,38492,16894,6
10,117,0,81,73,50,468427,181154,317.7618235816545,203.51000171830566,74.4654452377353,44.74156115485954,19705,17012,8
10,118,0,72,65,52,245187,181894,397.2351099176784,140.84663087707378,49.73762317945135,38.34333713031984,26336,12591,0
10,119,0,62,38,56,346330,180776,368.84922477440267,97.73917982700873,20.773357773454208,24.866350657940426,24996,14056,2
10,120,0,63,29,47,218103,225342,190.2671348260542,53.686071989275476,17.851235687129574,33.32191592947553,20826,21801,2
10,121,0,62,42,14,300165,161029,102.56313668085434,40.19221289889221,39.92351372513203,13.39191329093354,37796,17197,12
10,122,0,95,37,15,176298,203514,95.92459910855901,24.90880259655079,16.202496825713286,12.824373335316464,44396,23322,2
10,123,0,75,33,57,322860,174797,105.66526311299313,45.63870198079715,13.32121965061599,22.223040820539445,39023,10654,4
10,124,0,83,15,56,306481,167847,41.97137131641084,36.8722231777568,17.365055448186027,31.067326377278157,30266,7449,12
10,125,0,97,32,49,354884,223630,65.08632698843958,32.4829951079763,17.638362698978096,1.6442230900892738,15133,13847,10
10,126,0,39,23,27,346813,153247,38.60126816027051,24.44734432185906,11.315048736118552,11.74376120689039,31298,19849,8
10,127,0,94,48,35,302911,226039,21.855041966846578,25.764216804059508,20.58361035420053,8.734656409235505,36253,16215,11
10,128,0,75,54,34,503949,215483,45.038975157040475,25.45881153332529,16.495869302200493,28.73461792729161,29080,8746,12
10,129,0,81,51,24,298171,266366,24.0139527309399,8.541932841325979,24.983318201292978,31.61899300431331,43282,12570,10
10,130,0,62,45,43,303916,112051,57.433505758172,28.645218359363962,17.1419042909546,6.082654147556068,28033,18004,2
10,131,0,63,27,72,291477,250952,140.90366600176,32.21227261631321,18.80446292421,7.744046059963402,24005,19893,0
10,132,0,82,43,32,320260,184873,6.871402216234508,2.6307974857462226,1.3413532012182752,0.6823720586836207,39871,11483,8
10,133,0,100,51,59,271392,110617,0.38063534152488865,0.2056314642940533,0.06335092942197888,0.09554901170269872,38667,21549,9
10,134,0,90,31,26,263173,167049,0.8580593029636466,0.13624820442151622,0.023221490701502635,0.045449721241094136,44981,18486,9
10,135,0,93,41,16,375206,225594,0.5121150422920827,0.20014785383222705,0.0719334067733101,0.04792838576257265,35225,11535,14
10,136,0,72,37,54,295160,195703,0.4537105848188044,0.10396608660456065,0.022856032824245576,0.04072607216540689,21953,24283,14
10,137,0,65,64,36,405400,267389,2.732200973461181,1.4552539020012822,0.33445811588568886,0.21156384924361846,4089,12301,2
10,138,0,63,52,59,110611,183083,0.9492465383765457,0.4423611615830537,0.23757800556040135,0.1804429367831086,12773,13214,10
10,139,0,67,49,62,452281,198327,12.45586063218621,4.190272773859887,4.877962782798088,1.0107762417748543,24192,19272,13
10,140,0,44,14,35,389524,190754,55.5772811698488,26.54348497770402,7.716805418987406,2.3134513533356706,43265,13650,3
10,141,0,64,42,60,294856,148924,145.60023601430555,45.02013725394925,22.22068245993182,7.5084423996655385,42236,22688,5
10,142,0,66,37,26,292246,198564,269.21695497287527,106.81967471477053,31.15317732865066,15.243425402767611,25956,20645,6
10,143,0,72,37,26,364068,189040,9.118880540698232,4.2423715706772125,0.9053331954420657,0.2224002047795238,38135,17030,5
10,144,0,76,16,56,197364,204380,0.2998559699597228,0.14453518925477835,0.04099036375335526,0.046326635540625806,16237,19198,11
10,145,0,80,23,16,303840,202966,0.36343405384078736,0.2584052881640502,0.07233492730053183,0.04277257403808798,42413,12502,0
10,146,0,74,38,39,315516,200084,0.4499827564217544,0.3081322165242906,0.05917611736170379,0.03685974140482086,27193,13211,2
10,147,0,66,56,58,95599,204823,0.26033834466554695,0.12016557383596732,0.027814620368559383,0.04899933251464938,36472,8190,2
10,148,0,45,31,59,334796,254976,0.21734932403902138,0.16478345079623682,0.07710128271113481,0.0442728335554745,35380,16873,10
10,149,0,66,34,33,164775,151114,0.5622951955994111,0.23854815288027173,0.03238641663869928,0.028187418621381397,34652,25863,3
10,150,0,60,66,55,408296,163806,0.39754881930912656,0.12070745577477225,0.030347564092540583,0.03514559557802901,17997,12094,4
10,151,0,81,35,23,433805,270841,0.26984403886588776,0.18088116663534268,0.021453379772966248,0.03640603529037772,24129,5597,4
10,152,0,88,38,29,451055,263533,2.8834855845464626,0.8192106480001631,0.11667701764111156,0.04729323477401202,40546,18617,9
10,153,0,89,38,43,267756,212949,168.87345283120365,46.21935407317137,12.793926628988777,4.041513752041044,35077,16633,4
10,154,0,86,19,45,266357,301207,271.6477460587223,71.61840411262285,29.993433665390064,22.16460155082486,19189,17740,13
10,155,0,72,48,24,102371,224438,72.77683856348953,42.47581978347251,6.357076563396094,1.3525453069983788,33761,13263,1
10,156,0,67,30,67,368019,293695,10.746398816478505,3.591160995658215,1.7065519246582481,0.38367781071364276,19536,6297,12
10,157,0,63,39,11,149134,272987,0.9638248167095343,0.7463929947013004,0.26880554038521876,0.044147701488499544,17351,10293,9
10,158,0,52,46,40,155086,281376,0.3260445561151741,0.18263744870239781,0.02348336587653679,0.04592641508359535,23794,5350,8
10,159,0,89,69,42,269626,142573,9.863173119805799,4.604084587869578,0.9768597871069141,0.39004923444015105,29036,19597,8
10,160,0,72,20,13,189427,233411,75.27471604037946,77.40115757766948,13.388733029964156,11.98197865935694,17978,17835,11
10,161,0,56,52,59,203825,195837,111.21924750872796,51.820838322450676,22.06885584190187,19.932938962852887,38914,13516,3
10,162,0,62,53,28,304709,133088,101.39976774599832,22.3333957994779,13.327294763394828,6.69165473865384,22906,9496,2
10,163,0,61,30,41,388147,266805,1.9072600475053567,0.8159044935823194,0.2122505685304172,0.08527576211437238,29679,13503,5
10,164,0,75,48,44,353949,259716,0.32259849803945523,0.1852282201146586,0.04234488381486642,0.035315196861446865,34482,6405,0
10,165,0,91,64,18,318944,192736,0.6651923808288538,0.2055271241533675,0.053104265561808375,0.041204299196228034,48462,12242,3
10,166,0,69,28,23,414691,169113,0.8355008488966112,0.21603980338514628,0.044288667480988544,0.03803663789190018,35934,26139,1
10,167,0,41,43,63,312762,202901,0.6596149028088529,0.1872816007412324,0.03479763118567202,0.04111688112788424,26954,15971,8
10,168,0,72,46,39,247333,109275,4.295851582184058,2.022632868682678,0.5096033804291338,0.22131411907621087,20131,26905,6
10,169,0,72,48,1,222992,132639,0.7662244123316193,0.5232269653951467,0.15855931189742506,0.04269808212263338,17481,5886,8
10,170,0,71,51,35,355234,185023,14.071178645182034,8.160423219972364,1.673090356262175,0.5729645910942103,20183,14054,6
10,171,0,65,42,39,189895,230778,22.03504960393304,19.33838429026687,4.311992526220782,1.597850715215724,28505,9543,1
10,172,0,78,47,43,334881,190731,141.87817769582648,39.443608801143235,10.721437936957404,1.1829110339098854,42057,12076,1
10,173,0,75,26,10,257163,172209,50.925393555786194,33.05288750821556,4.1537703344397885,2.334089386384502,28713,14950,7
10,174,0,74,42,39,216201,158607,378.4325206407209,214.19813535481575,41.820462681077984,28.018897190079674,24398,12732,8
10,175,0,81,32,27,214475,321927,150.88286414540374,84.23650225379724,28.65087421820394,6.022708061677058,31140,9469,5
10,176,0,68,21,43,396534,146304,537.56811133165,206.4479639432105,39.81330557776501,6.692198479418362,46482,12288,13
10,177,0,67,32,47,214243,108606,328.81538380737544,71.60629795098137,26.65013065688641,6.396970401201384,22451,10159,2
10,178,0,95,44,45,272078,171215,128.1549955051485,45.164497717996035,53.40922284216535,7.807384023777725,34581,16489,14
10,179,0,83,46,61,253133,225892,255.94983734792893,66.34128985155627,44.12630881055826,5.469785616381772,26373,19524,8
10,180,0,87,20,72,405915,205407,103.11646938528038,25.550913011020217,24.303846264658752,6.300486740381946,32010,20954,6
10,181,0,93,25,22,453830,162452,35.90059231868259,14.051061231126603,3.590128406201931,1.0484281289629696,36386,15855,0
10,182,0,82,50,34,390884,209615,190.26929989770352,68.05997839983739,37.830243902047954,4.544369969973695,43740,14793,14
10,183,0,88,47,51,262435,255451,359.65915476506257,76.03146316561985,29.120619683358115,4.610570613898062,29446,7404,10
10,184,0,51,53,38,334225,210202,180.21742390335822,64.45422388241442,33.11695102357652,8.952833778166026,41340,14589,8
10,185,0,78,60,1,209030,207693,485.4392935441938,140.4777857353662,15.0954966490674,5.861453373790369,34053,16143,1
10,186,0,72,48,37,321042,207859,304.5148410543897,117.53891570091218,42.658792182319516,6.332812800646855,17035,13369,4
10,187,0,100,33,58,124291,162709,372.2946017833657,200.8856020098112,121.07377548626094,18.893205432862548,28042,9146,6
10,188,0,88,41,19,323528,222471,120.75327597021135,40.66196778056652,14.049141368425309,5.2455636117883735,53244,18824,9
10,189,0,65,64,43,294481,252093,78.38304502633764,71.75499506111625,13.881798831086694,6.266341269335597,28856,10887,10
10,190,0,80,81,11,344075,267611,11.676737089522328,7.943326974536719,3.1400495372616413,1.0563286668576053,26853,19419,2
10,191,0,77,46,53,298768,221484,27.884264145327737,12.103192918389759,6.952923166310128,1.4227514228794178,26828,19033,10
10,192,0,81,48,43,383505,200734,19.148665929918664,13.445924983773773,2.5893429149399747,1.1372015425767488,25344,4385,8
10,193,0,59,50,31,223650,293836,51.97791444888518,15.812452608440518,3.521404180220874,1.433878363365467,16237,19186,13
10,194,0,80,40,33,375647,206016,350.7491870531166,95.67074966739384,34.33149160629055,17.098115068041878,7019,14017,2
10,195,0,71,57,17,347231,175794,980.9688173053005,232.76722359122166,92.14777492575618,12.298863074939288,22264,6723,1
10,196,0,79,55,55,408949,165545,249.5054143465389,137.99151903260199,85.68083228971622,20.773826693473175,26485,11964,9
10,197,0,64,45,28,415669,159813,520.6032845171088,295.62060100313954,69.90351496903668,25.77380829540902,35505,19897,10
10,198,0,66,35,47,204809,174835,214.07277427008592,165.25319359154287,50.42313779275012,16.285383749377246,26300,15020,12
10,199,0,92,17,25,351703,296325,159.77066991345148,87.29048798027155,45.7734548617039,27.42653667713226,31267,11765,14
10,200,0,59,50,72,183431,162165,218.55438332244916,68.90295823802866,48.11548337543735,20.793599477760797,18181,15502,2
10,201,0,60,43,63,415966,276338,452.59400857790456,254.93204329431077,47.08790432210827,21.345626469813084,12852,14292,9
10,202,0,74,28,71,214687,189731,99.80574752508262,29.778493644491338,15.567086710332132,4.070847002761834,33476,8965,5
10,203,0,63,23,72,261997,252097,116.12408711420386,38.187157364491576,5.936961492756261,2.6087545151528997,36510,8848,0
10,204,0,61,49,30,321755,146068,1.8477526974824048,0.8327389873923549,0.08325497684011998,0.03978619246523564,39820,16042,3
10,205,0,76,15,26,373847,199108,0.33889615851167587,0.19212542863434023,0.06572998919967378,0.03511571860175863,42043,18152,3
10,206,0,52,44,70,337130,119195,0.21717967585108067,0.07472935987995702,0.03404883599770259,0.03742576239983417,43185,12967,4
10,207,0,59,52,37,376563,201107,18.201142087939793,3.8951082354296616,1.205136516317179,0.2798784996925312,36871,16210,9
10,208,0,100,48,52,301248,239339,40.70742453203702,19.960466947019185,2.1422127661023307,0.8350594301311635,24294,11096,10
10,209,0,81,34,30,324409,248333,1.3261296750126972,0.573707974082388,0.19575817165612575,0.12018445297417484,32829,24357,1
10,210,0,63,21,30,123318,199770,4.666247753501226,1.83428538029846,0.7362797822486107,0.23283967398626074,26782,14909,0
10,211,0,81,48,52,402609,182080,74.39004848322847,80.7510839670635,8.642062513789693,2.341772779600708,27700,5825,11
10,212,0,83,58,10,270882,204358,785.7270747264179,215.86116698155777,29.282984702593154,4.507869516443269,33917,9857,13
10,213,0,89,31,51,256956,171399,67.3661821214384,39.03238737297206,17.75131254340618,1.3649281839938223,42658,13455,13
10,214,0,73,47,47,493680,171329,72.12366489142993,28.002839653772288,13.91189448963571,2.7505603815740898,37605,20172,13
10,215,0,89,63,32,29116,179591,62.1440584047432,26.377826539638658,6.691017963481763,3.915122425724419,29917,18260,8
10,216,0,44,45,40,309528,211393,559.0128075153516,124.74317145878516,57.42730087046556,20.924019295704404,30985,11697,1
10,217,0,59,34,42,76013,271808,796.0170169275495,295.98440687872016,85.08546800752838,27.219596953294047,33602,7114,11
10,218,0,77,55,43,333950,264948,653.9018823176069,303.1874331300343,31.495628943191793,26.67748708383579,41782,13847,7
10,219,0,79,28,50,230087,184067,265.85924495350554,106.60474586557146,39.43238440009577,34.43941700296517,48562,11585,2
10,220,0,61,20,27,6570,159233,207.88084687478494,88.38510495014083,20.704351488230234,18.478506567254495,31299,13973,7
10,221,0,78,52,80,408912,163364,184.22366421316167,54.760617769655056,18.19837961859163,12.84031858133113,27965,14667,1
10,222,0,65,33,36,171022,126048,8.510748506302315,5.868603103445853,1.826670044521128,0.7351478779087434,31578,16340,2
10,223,0,70,35,38,394873,236398,1.291834589675379,0.5056817852197695,0.13324551439084242,0.08206516036659159,40315,14260,3
10,224,0,90,30,69,202533,130323,0.32379925510982066,0.08933634284032817,0.013810777610854879,0.03680526280086165,35210,4186,9
10,225,0,88,32,12,253571,87109,0.28352670317657863,0.1499919705154973,0.02051393292813691,0.041441718143627175,24889,16278,11
10,226,0,60,61,69,71640,236447,1.458295692262787,0.32613673879064703,0.027851845638935887,0.03254972695482497,30124,17153,11
10,227,0,59,64,41,342464,234273,23.855292180972228,14.432333844913925,2.994190317883283,0.4197692864366094,30160,12075,9
10,228,0,68,66,32,242606,145954,14.169291963454967,7.098469995927136,2.6565088315580945,0.5179965371769164,23532,8010,12
10,229,0,74,56,23,263344,215129,14.764201196930138,6.0325039866381776,2.0618686878865446,0.7811576843168878,23414,17661,8
10,230,0,65,46,20,290497,134071,32.479878053311005,26.78635433370662,5.961804307523067,3.9053336772743625,17910,13596,2
10,231,0,90,18,34,135198,195131,43.22587096031115,37.579841219556855,15.336408110413034,2.543094597162993,28524,10888,3
10,232,0,80,37,44,369110,217944,20.83849948732937,13.463053619116273,3.3345074135827417,1.4074191721480784,41311,15542,3
10,233,0,81,72,49,243649,234679,325.72667153526567,73.70191625446317,17.975769320737825,3.4057666618127023,40188,20244,9
10,234,0,56,33,43,529519,219809,303.3219496416973,346.4733534576278,64.6662180907509,6.89892801775768,29737,12450,2
10,235,0,92,62,32,252040,105289,231.24321691933693,97.0454224500896,28.2762641424664,8.6585474740637,47835,13707,8
10,236,0,32,40,60,261042,215110,279.195517533867,198.7787552448533,64.23027919871262,7.458069528411538,29453,13374,12
10,237,0,87,1,80,164341,309044,1029.2327985732759,252.5091718884544,59.031063350866816,12.413377068322603,26592,8753,11
10,238,0,89,49,62,138639,219637,425.6519417678484,81.94912601341136,34.58605758184678,7.663448488990205,10226,14529,9
10,239,0,68,58,34,387768,130742,375.26176306042396,113.90125369160103,22.58111679087178,7.027084723154359,31992,23124,11
10,240,0,94,39,47,406114,164493,115.70700696299453,31.790399672371585,9.873762281519495,3.5619716581077103,21043,6106,3
10,241,0,74,58,48,243460,174419,53.63710456050209,23.359909781201555,8.705412041167746,3.241830914417077,44520,13838,7
10,242,0,75,14,64,312132,83419,57.87424028960103,38.45524345872742,27.19100553694019,4.823355498194888,17566,19006,4
10,243,0,80,19,34,424186,205031,296.41191488397214,55.618743688394495,8.982387004072267,1.5455895657881957,42870,9173,14
10,244,0,100,43,25,328946,182479,29.33889516980047,19.638112226610698,3.9457717775730834,2.4224861221195733,32048,15941,5
10,245,0,95,47,57,348481,184821,43.633106493229846,23.92900915435221,7.291338861110264,1.9705467653761812,18509,19392,2
10,246,0,85,60,46,308726,193774,117.73533440557574,71.80630793067617,21.869387904998213,3.7451615483997074,13387,7444,12
10,247,0,61,49,23,234748,163895,255.44736512552757,62.360033593943555,49.12325282119613,10.48716185082497,33702,22734,12
10,248,0,77,22,50,338545,242751,666.2734859794664,142.17053043075748,41.12000424687591,13.16582834312672,20790,14393,8
10,249,0,62,43,67,486474,209197,268.339597023244,178.1071480974225,65.46884123544694,41.40284874266421,10290,12828,3
10,250,0,87,49,29,247957,173310,186.52854157020798,89.15374833375402,30.868400910366077,7.2790758716422275,49794,7371,12
10,251,0,77,11,26,386746,222248,406.1157269036833,117.75899878057562,61.77749439763327,12.877481428167473,38683,11731,13
10,252,0,58,39,40,318136,217774,387.5586491042658,142.8046434291641,67.70298341576085,7.165537015004319,18552,6258,13
10,253,0,76,34,50,241021,152250,170.94578344649105,70.7975375555947,48.17798924411203,8.059716285080428,11826,4482,13
10,254,0,62,30,38,389528,191352,680.9812182110708,260.9693206712702,29.697785770271132,8.353464435535388,41808,15831,5
10,255,0,77,47,57,377899,191279,467.3074705299706,196.0922385990306,59.313878349670745,5.963870545416508,16456,15560,11
10,256,0,62,22,43,358039,170738,200.31217117868775,58.320657136038825,23.939498118703174,9.308559663162221,30992,6596,14
10,257,0,75,46,55,474861,132163,16.864890568818183,6.792174876498553,1.9078878798711798,0.47448930218761387,34376,15960,5
10,258,0,86,48,29,483554,169186,13.069374377802257,4.4277047565431165,1.1254678685944275,0.5113131939289534,24855,8454,7
10,259,0,74,56,21,305396,263317,0.845518379423231,0.47362646127281366,0.3282096980960497,0.24927721120322568,20229,15728,10
10,260,0,69,23,34,289388,167549,0.20232185523848417,0.09125429284063105,0.027932238603228954,0.040238932498072165,10981,17494,9
10,261,0,78,17,19,157262,244949,0.449268049853898,0.1619180967543687,0.022954034407530854,0.03380730237942349,34590,4406,13
10,262,0,85,44,46,453320,198234,0.7349396656851566,0.26062602126988554,0.030014413341862313,0.039271864377060234,53805,14783,11
10,263,0,58,35,9,292696,208383,1.4296688255646446,0.40462068539382806,0.30016583975856787,0.1291180423919218,18526,18141,7
10,264,0,78,83,33,239116,138790,38.53950247290907,18.258680126921053,6.845144176127298,2.585374369281511,20032,9200,10
10,265,0,94,46,35,206657,258197,198.58472325437867,189.81783449709314,38.49197082852233,16.24439412431467,37750,13226,10
10,266,0,83,40,24,205945,303007,36.47126608002111,11.548537612825282,3.466095317016211,2.0386913730444474,5622,18994,11
10,267,0,75,37,35,475871,165090,245.62778234381597,72.86911290503562,46.674638178357675,12.831875189560561,22103,13097,5
10,268,0,84,21,40,389827,265175,159.24639661824986,15.844816857977966,16.27708808078138,9.389890709586773,32089,20121,13
10,269,0,81,48,59,151201,136537,3.80133025131903,1.281025693893616,0.26411374369290364,0.135037249438481,21721,22099,13
10,270,0,86,38,24,155244,197309,1.0425408837488361,0.2526554332908778,0.15667248725513916,0.10008029814989546,35183,21834,0
10,271,0,44,38,45,312186,141384,3.2497681970824503,1.6080102943658248,1.1488601357350627,0.5026701714447714,34133,12310,7
10,272,0,51,41,48,198353,218870,85.2532320622479,40.4902211003298,4.623692510489947,3.636519688426771,31148,9631,6
10,273,0,90,43,39,274794,189795,331.6486681977087,188.66180646030364,41.71572721634457,7.698538415114101,22410,18022,4
10,274,0,52,13,32,455302,197458,219.34596866489323,278.63135024429164,57.96027773452488,12.767529696379057,25897,14245,12
10,275,0,81,52,22,406941,265597,291.01276942784057,101.81201261146313,28.62555618404689,7.515637801830042,30783,14437,12
10,276,0,69,27,68,128862,262176,234.9143095757482,79.68204718890006,35.68826400546992,8.062102318532272,32106,24609,7
10,277,0,60,37,41,198888,191389,78.79557861173477,70.18291173643856,45.09383210670181,7.987053180204337,44271,14160,5
10,278,0,80,59,35,324569,255364,69.25098218338827,20.73901041136165,6.988107150591481,2.3699421785999446,37292,11382,0
10,279,0,78,66,71,412976,257517,21.018537847913564,7.6584386858178375,2.2667099429432844,0.7932907328432872,26234,1000,3
10,280,0,100,14,43,217813,255472,54.048307069473545,31.642915304837768,22.87915913746813,3.548656129283439,35647,9500,12
10,281,0,65,40,78,336852,207387,6.931335718823408,3.626371466850259,1.3438004820138667,0.3318839026678686,36327,13438,3
10,282,0,96,44,18,254508,216529,1.3028431992486296,0.4791342374867732,0.19406749481655042,0.0912811141698643,23441,19476,0
10,283,0,80,17,36,475206,185817,0.27236281195284356,0.08519099698561432,0.019123579406528184,0.03873808459938385,35818,21926,9
10,284,0,65,52,19,362241,316700,0.5456123107770805,0.0981082759387073,0.021648484964283555,0.03327056807929642,27643,15454,0
10,285,0,86,41,38,280673,219950,0.4303661941240745,0.12576782485824214,0.021335070045351102,0.03774699415422784,32919,12937,5
10,286,0,83,42,38,150533,195892,3.7692812441701724,1.441181236513898,0.39619476065714576,0.16984513318050765,40092,12351,0
10,287,0,75,26,33,193854,225157,20.39175113139075,25.898041029369292,11.477554730132915,10.20408080613802,40259,16790,7
10,288,0,78,46,40,47477,213581,149.34143696642275,48.08558156033519,18.243286331574755,16.968173537056387,21306,11066,10
10,289,0,66,52,33,327224,303121,214.13830621925277,54.94129054193475,19.466788348211228,20.236222574101056,18866,19303,1
10,290,0,62,41,38,366603,198904,42.6397089989825,31.474466198749123,6.493048470116565,3.6742789261869175,47779,20817,2
10,291,0,86,32,28,371645,238283,182.60106728048456,71.69884657014488,16.82761443142632,7.397375959713414,47826,21111,2
10,292,0,71,33,61,238600,194025,124.25229498258682,33.41109262797401,22.207118495148492,34.842063587156126,37325,7703,3
10,293,0,73,43,23,428007,115625,305.4334819436864,83.35558811571295,11.922782537529352,20.25671071304459,27036,16728,12
10,294,0,79,40,43,458355,200073,118.8045975477597,61.41196087543689,12.864020447836008,10.87129860233586,27066,13941,7
10,295,0,78,53,22,233463,242673,69.32128864498165,38.25470269216632,23.53821693007512,21.019947212996417,20203,6189,12
10,296,0,53,32,27,418151,206797,145.07408652011074,47.72010542679094,22.014405855088807,11.31397316603462,32172,14656,2
10,297,0,94,21,29,313985,142187,25.135470034003212,14.735602677236686,1.3556502228922123,0.953059703622685,28776,13050,0
10,298,0,76,45,38,247323,279263,50.0869437650933,23.23297854056167,12.281545306652765,11.312589852130115,29058,12682,11
10,299,0,71,32,42,423119,140515,7.516804126288794,4.3902111202836975,1.9040291357512176,0.7854166968781142,18497,23029,2
10,0,1,27,88,80,676753,570995,140.4029601784839,89.23004315004319,30.348293644673365,11.901482177024901,16415,6320,11
10,1,1,15,51,62,990223,514905,417.1403715289414,73.74113033097699,32.598342787874245,20.446812318097393,11524,4255,8
10,2,1,39,43,84,691062,503304,179.6930691959288,84.0861469469991,51.10823044497993,11.231809706867116,12166,4254,8
10,3,1,41,75,57,858324,450400,245.1713557424042,43.266759909926655,17.579965281460087,9.332977806188069,10592,5262,8
10,4,1,10,74,85,775301,426531,130.39300286537463,78.13414580222577,19.069500633130783,8.727920509991066,13198,7552,3
10,5,1,39,44,114,832357,439427,127.29183378001011,53.8386412010028,13.349847016539833,6.950090921248875,19365,4008,9
10,6,1,21,75,54,814789,531270,262.22026637695257,43.128180286522536,10.894274437747386,7.7901837110494245,10057,2224,8
10,7,1,38,63,79,793606,479325,182.4744962583282,142.0538364787645,39.9219304623604,7.176927699999718,10824,2060,1
10,8,1,29,57,47,705306,350897,137.0333801636498,169.14674548745955,34.37123462804668,11.965990222598831,1107,2405,5
10,9,1,30,64,63,667059,457949,28.080822959037352,18.744701048890978,3.378381448809941,0.9143434305966459,12110,2630,2
10,10,1,28,33,94,863197,478730,38.33157574650441,14.309077712413092,6.291159224920112,0.834888268950021,6094,3945,1
10,11,1,42,61,71,810541,550979,6.319221054407938,2.906723285939148,2.1428377551916413,0.6080726661603724,9010,3960,7
10,12,1,17,59,94,661580,529200,0.8439769492697708,0.2609028306243433,0.09015969112602709,0.039740253342756326,12386,5991,7
10,13,1,36,78,87,868676,675542,0.7937167334521101,0.457773331664269,0.043414687669687216,0.04019194428820187,1919,7522,3
10,14,1,41,67,78,707489,402048,0.3880219539037672,0.18247940450399772,0.04836014506624474,0.036568611701085336,12328,6770,13
10,15,1,37,79,59,1111087,555304,1.177610740027036,1.2072187616984729,0.0659961260712866,0.027319840666386312,11255,3580,6
10,16,1,53,31,93,1297836,563479,81.20592033704868,13.780510435003515,3.4957034314147784,0.7655311139343899,13516,3806,13
10,17,1,24,57,86,1077809,527925,3.2092572042115295,1.8430047275055481,0.4162525240386438,0.2516786306560309,6807,9959,9
10,18,1,39,78,49,1066664,470288,0.5712384381483454,0.2591837491725877,0.043084291830341896,0.032463481962545816,15562,1973,6
10,19,1,28,65,60,962833,431643,1.301548070973382,0.3244657412698165,0.06837099583379863,0.024354076722707018,11524,6828,3
10,20,1,42,82,24,758033,495920,0.40391851593868566,0.17964711786467852,0.027241308895900224,0.03525736839458272,6448,3289,4
10,21,1,29,42,52,420187,321208,1.0146906155531215,0.3275632399003954,0.07221784401453242,0.03180351176474211,3152,6563,8
10,22,1,26,80,73,594998,407609,31.189897536098837,10.855254827131636,3.872991987438461,1.416440327207974,7292,7368,1
10,23,1,43,60,58,664652,402516,61.711208308329795,41.72483916774957,23.371330968905212,4.816256943039131,14353,5390,14
10,24,1,25,58,63,1041547,550370,740.4549904397927,238.83877655574062,39.77969710527644,23.701692528089428,12227,7151,0
10,25,1,15,84,107,851226,562538,359.44332682447765,144.80353891601752,39.29343326469765,7.271672372732434,1000,11635,13
10,26,1,24,87,100,668095,392772,508.5564609202127,245.5678094044261,38.696907601504876,19.976015154030787,8334,2299,10
10,27,1,36,85,66,430962,369239,398.37908858619795,267.62847912911434,80.70219888721499,29.03613554146591,10626,7146,1
10,28,1,43,100,95,1263629,353683,863.5744458479007,224.81632222354338,37.563308401498425,30.935951466990872,19547,7346,12
10,29,1,31,89,104,906662,597776,430.91587585099103,114.61922663216164,33.90971698290746,19.562839373646504,16439,2134,13
10,30,1,43,58,92,981701,591506,53.89394941473165,19.493547710323472,11.3358590000002,3.026477117270364,9107,5737,2
10,31,1,16,72,85,692867,564949,8.66041117713655,3.0334390041333443,2.2674076345686744,0.9520923630305753,10905,4698,5
10,32,1,25,64,101,772277,650328,46.35640769796151,10.590124822796165,2.095541283426572,2.240045165001602,3186,6305,4
10,33,1,27,100,95,731226,677787,1.2173821189950307,0.31964469120969485,0.09254349071606116,0.029398479592150573,1000,5475,2
10,34,1,28,86,55,812867,400660,16.409837836086318,2.513458937210956,16.876974104708,4.301052095189762,8015,6715,3
10,35,1,30,67,76,1169157,460559,2.6883385107468842,0.3881956097184153,0.0752565165196376,0.029335950054750932,15015,3262,5
10,36,1,36,83,68,559143,578027,0.5133524635540051,0.21621991687408715,0.05191657264240336,0.026796316275792154,10905,9348,3
10,37,1,25,51,103,791747,223930,0.9994804009586422,0.26537656310677454,0.10924148827217847,0.03354308932048981,6254,5436,5
10,38,1,31,73,68,872174,474927,0.2886777367120077,0.13980204720628028,0.05158108254261631,0.030140898124694917,14562,8288,3
10,39,1,29,55,64,776636,596267,0.31462548758205566,0.12792503083794607,0.06095446663206873,0.034642281032463355,18966,5942,8
10,40,1,20,44,100,999064,465137,1.1846813128085112,0.31004879197830376,0.0612884257539208,0.030944666060617677,2554,7667,3
10,41,1,28,81,85,452871,573173,7.018119507188475,3.7573211102626725,8.65760379884317,1.5208978396393766,9737,5085,0
10,42,1,28,83,122,1176753,299961,48.86593596873517,11.930681291105602,11.787119003758917,2.457248791761814,7336,7472,1
10,43,1,28,76,62,525896,528403,151.18608686788292,95.15804505336739,16.181742092941487,24.526753146035748,10221,3031,14
10,44,1,30,67,69,573978,453911,153.00563483049936,88.90447773174166,18.93188474375523,10.352027626140364,7719,7072,2
10,45,1,30,51,102,710109,477472,135.60356053148095,66.59468434864955,25.059019208614917,10.309431455141803,23959,3567,12
10,46,1,25,52,54,670482,405213,260.90571767930754,92.39673530484178,27.896892916916514,8.664237371247506,9402,4674,10
10,47,1,42,55,106,884900,659921,96.27125303063445,38.061772167598846,8.034397221001091,2.7166437316650027,11501,2856,10
10,48,1,18,66,55,861738,506893,156.03197555847484,103.06613985698789,17.44804612015775,6.6554912762550344,10838,3702,1
10,49,1,22,86,92,822711,514572,231.5534367390062,92.38992460748224,29.46477662972119,11.32439716684191,3734,4415,5
10,50,1,57,85,43,516423,706159,238.40369473687176,63.28952034098148,28.553811901306887,20.584607513633326,11017,6228,5
10,51,1,19,45,80,772109,407511,123.47471824754412,53.733991850975684,14.758940942481352,2.1392544258171644,2639,5732,11
10,52,1,16,59,52,803946,513991,229.38058124997573,80.7909784281712,9.640765634159049,2.633877835023289,19016,4255,8
10,53,1,37,59,118,1046454,431878,44.114864174589776,16.6257370384752,10.145951129752659,5.4662317948802,14516,6193,10
10,54,1,9,32,58,839888,427037,349.5274822016346,72.63868221778546,27.82970324421934,11.464536429828357,7115,5970,10
10,55,1,27,78,63,876531,530781,769.4634322048133,122.28055905798975,18.651978228616564,6.494005550727307,9165,4328,2
10,56,1,51,66,90,1192498,471814,9.861998937026279,3.192632249863758,0.8294004272009234,0.23134208693018307,15131,4227,13
10,57,1,14,68,67,567978,697821,141.3056920010186,33.61672792034413,7.1394413117090645,1.3934286505848008,11364,4322,14
10,58,1,10,90,93,722378,678225,193.31831987588296,68.7009305427141,12.676733545204565,2.0044990904800644,1742,9073,13
10,59,1,15,71,65,572830,483751,710.0459198729789,179.45686827826006,44.82975756710689,24.72293007456624,10841,3737,4
10,60,1,38,63,64,1121303,345898,795.5319702449572,204.18832004114265,45.51451046160515,24.70193681603474,15427,7209,0
10,61,1,41,78,79,1134968,470883,521.5712602513054,371.44713968574877,47.80402537053746,9.16249459965504,1000,3501,2
10,62,1,24,85,55,1105705,604751,45.15534943255156,16.843736206461035,8.936876846590833,2.0732588817367947,10689,4145,4
10,63,1,36,74,87,909479,411348,293.3840323086395,145.51216377079945,25.765597669113347,11.686405859648673,5821,5962,6
10,64,1,43,80,97,876100,660464,187.4734223472818,129.99918245474475,24.094465506582527,12.518316130233206,16337,6365,9
10,65,1,47,67,91,708391,558116,99.78879901872627,46.2151406461917,52.29390685896358,9.304073246242348,7735,5681,11
10,66,1,27,68,92,953886,382914,266.3071341439657,91.70361502466952,31.53126881438084,22.140205446225043,7221,6419,1
10,67,1,6,71,41,543726,433989,885.7321221443983,301.69732913626615,40.7649838230448,20.646633263115508,14138,6296,8
10,68,1,21,58,70,543043,448118,170.17759479018113,77.64452331781568,19.09606822367047,3.9474406261598474,5512,6258,10
10,69,1,25,61,75,716025,419397,902.9419790014763,266.66188217381347,40.777849575691,30.160082648054452,10419,3958,10
10,70,1,27,90,109,1177400,385453,306.79034904706054,72.83199370536664,38.26941872952313,7.81484890897319,11405,4379,12
10,71,1,28,100,68,697308,442493,269.23908352152705,107.87341966734765,28.93443606053546,21.726976091976436,9030,5010,2
10,72,1,41,93,33,724324,461930,234.99211148552055,142.24871705325873,39.5105899410727,21.515462630067276,3480,7259,7
10,73,1,42,50,59,857554,629909,621.1927746042292,219.80410339954543,47.17190338709681,20.46974039052115,5641,6374,10
10,74,1,28,48,66,979722,543867,1017.577468296179,277.80416685609526,65.48876676700317,34.727517318655146,9346,5214,14
10,75,1,40,52,36,1050404,549818,522.0228166170223,168.23725674852128,49.06946095415641,27.558346644084736,1000,5364,2
10,76,1,33,72,99,575924,534959,643.3342827194251,188.9829090226245,31.67101739685444,11.026012347822743,10427,2869,14
10,77,1,30,27,48,780665,420388,328.085161918431,142.88999142664744,73.75689881892144,16.7232716998759,8683,4511,11
10,78,1,39,61,88,844902,614710,762.2948109840199,187.43960085850637,43.81093920060388,19.026620386178067,12861,4007,11
10,79,1,30,91,58,864953,456563,655.8295537646216,184.1072740027344,28.507659947305445,7.9736460396730715,13247,6768,5
10,80,1,50,84,110,973158,466415,40.0445338529381,34.06633816639183,20.91671018592995,7.784392748298958,4387,5421,6
10,81,1,15,62,74,964016,537911,169.1347204366024,102.2111100289022,22.267290093048057,8.393784856085134,7403,7459,0
10,82,1,24,63,70,805098,749973,43.29116108138604,37.90061098751413,5.967926787300379,3.7023361374323254,5361,9644,0
10,83,1,28,78,90,1030475,443462,24.951212938756047,12.559574868427806,22.464472794883793,7.390737890234842,7367,6670,5
10,84,1,34,84,59,993757,337051,144.6182333149323,53.96578414905392,10.651224272032188,6.58795668981693,8740,3130,3
10,85,1,42,62,91,977676,528933,212.85412430147494,143.99699629433294,11.41047265721351,4.269935473764338,15598,4615,14
10,86,1,29,66,70,694238,568385,18.247614601133343,8.592228701436538,2.5494732273724305,0.6167002612040383,7020,1741,6
10,87,1,15,61,68,942579,456564,260.72495292641077,91.0260633729837,25.471340073654297,4.636275096171989,14433,8567,11
10,88,1,38,50,78,1040713,440625,13.937909639474586,8.278400755872463,2.5824736514966866,1.0497507986849213,11301,9582,1
10,89,1,37,66,58,697230,372866,0.7165574264477249,0.4008933229176587,0.09280574880861023,0.04974497297365551,16929,3134,0
10,90,1,10,65,76,826311,533704,1.1725127979668597,0.3395189022050125,0.05532842746401381,0.04144769672067731,8233,4179,4
10,91,1,29,51,86,1112949,694433,0.883384612768486,0.45351991692504334,0.09581248517556676,0.039696448083484194,5932,3872,3
10,92,1,14,79,33,879298,671245,18.38595537967478,7.736413954808122,1.7826376283014203,0.31444324865020573,10720,3313,13
10,93,1,23,77,101,782429,530082,334.3021821555235,132.11927126981948,63.208710892890245,21.936289215318435,1964,2079,6
10,94,1,20,80,96,1092320,458380,616.7398547390897,228.76241811406564,68.82931047112912,21.240738183521376,10788,6703,11
10,95,1,38,58,42,705900,538197,68.56619231487042,45.12339196565915,10.459001133951332,3.207154701755601,12828,2856,7
10,96,1,31,40,39,460774,467511,164.70490731346777,38.642841535749405,35.1310783640235,21.40353755228388,15492,4996,10
10,97,1,17,77,96,644166,435937,304.6361069391512,148.78267782768836,40.44245407900499,31.274586957042594,12030,3438,0
10,98,1,38,60,95,1027201,516285,349.886883385414,285.5625015081361,70.6118207626094,30.856655458122265,9285,1584,11
10,99,1,15,56,92,904138,627792,708.8484543021681,137.04579996446017,70.4972766530925,26.064837077462208,19705,3756,7
10,100,1,33,51,51,813622,481069,848.6717995216862,318.2606134394531,57.998811550177784,19.449793546595707,9953,2141,13
10,101,1,21,65,116,1012225,479892,781.4612273762536,208.60780460206536,68.61050519290518,27.27362554244595,4707,5006,8
10,102,1,26,93,64,833371,473524,633.7800646904766,164.16269552387152,99.9123461478356,20.849534235352856,9827,6205,13
10,103,1,35,62,84,755532,579263,490.3721207683872,136.93272905561395,43.98749512365025,12.452912782470369,3278,6159,6
10,104,1,35,53,85,967024,585215,356.01138338110496,351.5390117910873,67.75446422852441,9.929040215388488,3830,5507,10
10,105,1,43,79,111,723594,392360,178.17653683588148,58.24394268558434,48.56496244427901,20.717745501083325,11208,6297,5
10,106,1,29,72,82,898049,482341,180.41817080789116,62.49460693668436,15.555109423788375,13.903562643441239,3370,3124,8
10,107,1,33,38,88,641053,610625,29.934888333330967,14.686693389209601,4.594501848658267,1.7038315172720095,6916,4373,0
10,108,1,25,79,78,589090,466536,45.38187964146314,9.297891792191955,13.930002502693965,7.685138026539881,4157,4374,0
10,109,1,31,100,56,626854,639249,16.299589943471275,3.568295252987223,1.014056897312652,0.5349835050618038,10701,2088,0
10,110,1,34,30,33,794787,568648,15.317477845022433,9.427120498507307,2.5172191148446394,0.30240240903665744,6440,3367,12
10,111,1,29,51,80,670409,675638,11.220746485336107,5.0013976079256315,1.9957050502832647,0.327168969631386,12660,2786,13
10,112,1,11,27,51,676025,468875,0.3962477167656988,0.13921625652499986,0.06580133056262323,0.033445119567131164,12256,4707,0
10,113,1,33,68,87,769311,570175,11.134028916245178,5.90402562938596,1.0919953235699145,0.2729382009957905,3478,6140,4
10,114,1,33,84,82,785555,573287,375.6380021983916,138.6764834327049,38.69635738580979,4.473538338877749,14604,4148,11
10,115,1,23,71,82,489789,607745,158.25605764611606,69.69252963983591,17.33664972953816,2.6870020457091552,9142,3080,6
10,116,1,17,90,58,295515,535338,40.93442783782291,18.78846286866679,4.713170747596886,1.2689144035889968,3877,5216,6
10,117,1,44,82,100,879993,611340,130.43747785572432,73.91370733261093,9.260609917225056,2.09746523858608,11864,4144,7
10,118,1,34,95,89,827844,436921,2.1018843563972287,0.7427372661551653,0.07735556659820522,0.034549238831485626,18803,3629,11
10,119,1,27,87,56,525953,494419,3.4133105929738274,1.1896073642270537,0.9521301669841169,0.25290045835736064,9017,8131,12
10,120,1,18,63,121,887255,351194,29.24974220229761,7.270523067575658,2.9552758715137397,0.8406529175502634,1759,7102,6
10,121,1,21,71,75,886890,473025,312.2605981999754,155.0442776094708,15.517034263000454,11.75333109026316,14614,5288,3
10,122,1,43,56,53,739557,414895,162.89816795989933,64.52657965184076,28.275760376796168,8.99596485687894,17877,3985,1
10,123,1,31,66,64,1191873,533105,57.742609673710156,80.04491036539936,15.435748044284358,4.952544876922842,4598,4109,5
10,124,1,24,70,49,1053842,598606,366.19522399336074,252.61092466713816,32.37510280107845,13.294019363256286,6021,3336,10
10,125,1,35,68,107,720185,556462,344.36015666944587,152.61817169062886,19.662575638850743,9.867273229401679,10177,3569,10
10,126,1,21,90,101,723915,578022,144.24491382860384,68.48981639158646,8.992878851314348,7.132261595297472,1000,4791,10
10,127,1,45,65,94,508423,509554,13.359281565320554,10.260114941070073,2.638181615773327,0.6154085027224057,20408,1000,10
10,128,1,43,56,91,1044945,485924,2.1968442250298104,1.2211286745928374,0.7069218622328222,0.2910986621437374,9746,7808,11
10,129,1,25,56,104,849364,382701,0.7196194769091395,0.38046661034740953,0.11156679585657733,0.04831240302931178,10206,5796,10
10,130,1,23,79,75,964612,307543,1.0550800256754742,0.5000129073212851,0.10366847802756388,0.03388136642223897,11786,3270,0
10,131,1,3,48,88,373209,349206,188.2347793134132,117.52470326689541,13.349011031307317,1.6224649297910014,8708,7875,4
10,132,1,15,66,63,955505,433689,2.9686871982944973,1.0364852669283653,0.19227445571653723,0.03563839342165751,7423,6263,11
10,133,1,16,89,76,698070,591237,0.5080092506565852,0.18842863167675214,0.04843528767136368,0.030613167498232355,5292,6546,6
10,134,1,31,74,89,916860,377123,0.4607046008536992,0.3209990574893043,0.0649245776180839,0.03265038860015683,4108,4310,6
10,135,1,26,68,18,904244,417830,0.4922842373502728,0.40782466722313226,0.07192054917794218,0.03402819583180581,12032,6052,13
10,136,1,16,69,67,795870,452957,0.5254091340483079,0.21764766622328088,0.034407134983276313,0.03648359264054447,16763,1652,6
10,137,1,27,54,83,660532,628821,0.996650475992848,0.28122187191180686,0.07953166662130476,0.0333723859023494,14749,5629,2
10,138,1,35,57,78,879772,496173,0.4997120917994719,0.17725068127711058,0.07103517568418762,0.03249350166029851,8554,4298,11
10,139,1,35,67,70,632817,513498,0.3635657988373649,0.17499784789686607,0.031947683263200646,0.035454071556483766,9037,6908,2
10,140,1,11,74,91,1010114,541069,0.19601910587214247,0.10388224646145776,0.025951928867522695,0.030288079979236566,18091,4239,13
10,141,1,28,84,65,655670,639491,0.39135640015477463,0.0728583459752648,0.018601397566602403,0.028093947121196765,6006,3885,1
10,142,1,16,71,55,804548,508371,0.19579269072677868,0.09699875315663974,0.024685069151237707,0.029181669526950837,1657,7360,7
10,143,1,39,90,103,650841,323472,0.18614729712569916,0.07275555869481055,0.025735494313420388,0.03582626887353463,11257,7232,14
10,144,1,37,94,100,831747,512692,0.5986169780414089,0.12381595903587807,0.03627000357266464,0.03444832080753642,14262,6563,9
10,145,1,21,81,68,593647,644048,0.1651101560251936,0.06777708200602836,0.04828913999282344,0.037284717235665996,1000,5888,11
10,146,1,22,88,78,638171,564102,0.31103138391213037,0.16620760892151612,0.02986645484441745,0.03004445334301177,11991,6371,1
10,147,1,25,55,96,1258905,521502,0.3395117595864574,0.1252858283365362,0.03232029896152766,0.03717842405028119,4358,4512,8
10,148,1,7,52,80,968843,535374,0.45099038019736254,0.2033400943364975,0.024723279895127966,0.033409271081245584,2907,3265,8
10,149,1,33,77,90,873889,316283,0.4508421947864318,0.15091797745009308,0.04404277785963651,0.03801951739032479,8554,5652,4
10,150,1,27,49,89,902823,302341,0.433349223195662,0.1367998190789606,0.03154903422624755,0.033860405889790744,4225,1549,5
10,151,1,39,65,73,861128,589411,0.16921220102449147,0.0933507564715782,0.05971103504413618,0.030184920339794908,1149,7658,1
10,152,1,19,81,90,782221,628567,0.31686282059262505,0.47402311425167926,0.08144266829517145,0.027314183739734047,10541,4807,6
10,153,1,23,91,60,951344,437050,0.7627849597531584,0.32347849477884644,0.057128882741530794,0.03376846190690445,9778,4675,11
10,154,1,14,66,87,634603,519329,0.4445175583051991,0.1670666517087723,0.03835474491731878,0.03498038163689362,1410,3129,6
10,155,1,19,60,78,1119107,562079,0.3244448779801484,0.6316147682095391,0.06280787230435102,0.03253251028232805,2965,7619,11
10,156,1,18,74,72,824067,666006,0.6179879436901123,0.1604631231729802,0.03663751857111081,0.03134808454752494,12324,6419,9
10,157,1,39,53,55,960341,492005,0.8683725837018686,0.18363021221171774,0.06215943655867317,0.02553679924862964,12642,5504,4
10,158,1,23,67,82,1114676,573777,0.6762397576833602,0.280226893135862,0.07627123757249886,0.04126684706637478,1000,6101,10
10,159,1,31,69,80,898241,699318,0.5103842960737843,0.13510632159892721,0.03529242833699449,0.029687550638572906,3682,5219,5
10,160,1,26,69,63,637902,471955,0.47071742722986115,0.6229885121370093,0.10381625705502381,0.03773496192705895,9586,6669,10
10,161,1,17,71,48,1043908,506479,0.26303787951469115,0.2744407300933952,0.08587283412588972,0.03848347152524044,12115,4304,10
10,162,1,28,57,47,1139238,389442,0.5608790455465766,0.1401327462194593,0.04996845549911599,0.035479567261214554,12054,5042,12
10,163,1,35,59,74,410695,394471,0.5587342820369404,0.14221602677599113,0.04895453749167647,0.03204987683254449,13014,6096,1
10,164,1,17,58,86,779625,587544,0.3777133431966298,0.09974097375605355,0.04096549987017646,0.03766509030700728,6398,2190,3
10,165,1,38,45,116,858287,619388,0.49137671282457135,0.1630790661897312,0.05669612752678385,0.036019792769891264,10889,2429,14
10,166,1,21,75,79,747189,616362,1.1600572253484795,0.21660231491575932,0.06664968177016371,0.032508842587056434,8030,8679,12
10,167,1,25,83,47,550811,396686,0.37688117883732936,0.26032608125872886,0.09167576677270806,0.06712942664924434,7197,3265,6
10,168,1,35,81,75,623389,479430,0.3272935167278369,0.1402568592711581,0.05873732160008444,0.04174950158242807,2442,8057,12
10,169,1,23,66,105,430175,547847,1.0742374343029766,0.31790651767891426,0.07010817877928023,0.044403334861473596,11486,4286,5
10,170,1,30,57,66,991021,272369,0.6096029824388223,0.24826737939947005,0.04489991126354355,0.043565611597886605,1753,2802,6
10,171,1,26,81,102,1074711,545697,0.5984589715011905,0.2765216341451897,0.06885233916300143,0.04172415154991968,4147,7393,8
10,172,1,31,79,83,1071925,688046,0.8482275410928253,0.2718353620662407,0.07132595130004146,0.03342788593901429,13432,6217,8
10,173,1,6,73,92,794085,613669,0.22603754929015335,0.15694161963199016,0.10187267099251776,0.0370535726248092,9170,6444,1
10,174,1,11,96,117,854383,258968,1.797997760013142,0.6208357459745019,0.16420758804464242,0.05531530005377753,15257,2628,11
10,175,1,36,69,43,1013984,539734,0.524061030287599,0.245341751124759,0.06818061678069005,0.028600131950654674,8317,5893,2
10,176,1,40,66,97,753422,521596,0.49317927659238503,0.21073797941832983,0.060000406814340906,0.042102871134807526,7222,1000,2
10,177,1,20,64,78,610143,527166,0.5295988038281364,0.1308373267468072,0.035611380188098736,0.04348881975461478,15734,5795,2
10,178,1,27,46,61,685856,510713,0.7582877078698772,0.2590441507269774,0.06426826908245435,0.0464549579105553,7998,3212,10
10,179,1,32,79,77,835109,467354,0.24412786472933726,0.10520649271827794,0.05107069084591586,0.03319418835614165,11406,7860,7
10,180,1,36,68,113,657272,267465,0.5689336023865403,0.11835088668701096,0.02884190859971872,0.03865021994299308,9188,6872,1
10,181,1,9,77,106,894659,531092,0.4525809301934996,0.2038837981075671,0.04559644312368944,0.036506437310757534,10601,5369,9
10,182,1,21,97,39,528979,562738,0.47707468036422046,0.18096513550106755,0.034530164653393244,0.042541429170194586,8892,7159,8
10,183,1,26,64,64,751469,444463,0.27216990045176287,0.17580721956783207,0.060314998147455716,0.03816288158992852,14389,9791,2
10,184,1,37,34,98,881109,625857,0.7579036408696573,0.20151612178679623,0.03694886303731415,0.03172425973359075,10340,4899,10
10,185,1,54,77,79,826502,335981,0.5559324828894979,0.3028050551894639,0.043581543034992926,0.027593803508355764,8339,5689,11
10,186,1,27,72,79,652975,327467,0.28186865261277083,0.5409709968022808,0.08425813416466006,0.037515124214038256,11270,2508,2
10,187,1,15,59,48,947009,508498,0.522731370762989,0.178024120372617,0.03187540316501605,0.04389608140451293,2260,3268,13
10,188,1,34,75,65,852497,431829,0.4113464309024713,0.13494680310889565,0.05109740644828466,0.037615859268122054,15063,3168,1
10,189,1,43,81,52,382200,597204,0.3544188615925865,0.2554027981542771,0.03766082518224443,0.02977603849125509,2467,5105,8
10,190,1,31,55,46,891063,457243,0.6497292049610253,0.18121369808100873,0.09949206929109589,0.03996572126789823,6681,5752,4
10,191,1,20,65,54,715560,635803,0.5245516868361378,0.11586378940189324,0.034017928069158904,0.03355255224566924,7737,3646,14
10,192,1,39,92,61,695007,427797,0.7559687857833163,0.24238781038528914,0.042590282545210814,0.03937235306975612,11246,5570,13
10,193,1,36,59,64,634014,514370,0.56188323993607,0.17555097032254288,0.03758876546489742,0.033916004661792835,18101,6998,10
10,194,1,19,71,63,599394,301550,1.798416247026369,0.32830087347518844,0.05447307462612306,0.04006772366246366,15156,5361,7
10,195,1,33,30,100,841316,494674,0.7706441908734998,0.42279919414912775,0.07493815225374414,0.04510950150776968,2638,7183,2
10,196,1,39,47,61,909205,507269,0.5364050687356164,0.17786820615580573,0.05893894559039541,0.040468285661719415,5570,1493,6
10,197,1,41,72,108,830634,620957,0.5564443732108979,0.1386574865758515,0.07018774915343136,0.03271888306057994,3002,1838,4
10,198,1,29,88,70,989890,348891,0.4751933769736397,0.15606192531624652,0.024523310605791923,0.03297775802179427,3500,6269,13
10,199,1,26,49,88,916280,471701,0.49687895631665674,0.2275502534483059,0.04167960353104933,0.026729938922482856,7049,5492,13
10,200,1,42,71,89,398607,645283,0.19990236017105376,0.06823207210262894,0.024395282716038365,0.031182266910845104,16548,5162,12
10,201,1,17,64,62,616696,658538,0.2837701398091479,0.19258512640224326,0.0367575738258493,0.03262648469814389,8771,5232,11
10,202,1,34,84,73,1037683,416563,0.9279411734424952,0.7876076542248792,0.13977303343383615,0.045277877318812804,9420,2734,5
10,203,1,16,51,69,546123,431431,0.9924590378902906,0.34526606633152074,0.0667723549974155,0.03112607399970583,11144,1589,1
10,204,1,40,76,87,252994,330033,1.519548045431356,0.3209131585446681,0.019848197393471677,0.03661835866393628,5302,6863,2
10,205,1,27,60,77,1166290,287699,0.9164522385029019,0.23194793573078767,0.08730104009897213,0.034463263826739705,9646,7196,4
10,206,1,42,73,65,859322,461111,0.7552196126643186,0.2989451247380298,0.2504768165502801,0.03773506302263478,11233,3633,8
10,207,1,34,71,82,663388,435472,3.4679087460815365,1.355734628645451,0.6524457219819997,0.2636156457272463,22295,1000,4
10,208,1,17,66,86,630320,706151,2.091700347449121,0.8381945807882649,0.333516650990296,0.24366325673023054,14619,4727,6
10,209,1,44,77,117,925881,534770,0.7206231978435769,0.2408102719016359,0.09989888156277257,0.04615558104281243,18229,3645,13
10,210,1,45,70,81,895599,479136,0.6871946823837783,0.16657341657926916,0.03723747706786939,0.03184669214973883,10144,6662,14
10,211,1,38,68,80,865440,565599,0.40925331986466806,0.12938124176833304,0.040416622960479,0.02984187663526448,12642,3085,4
10,212,1,22,64,88,762250,602845,0.8445735906098072,0.30223728631151386,0.07521418416840378,0.03521960763913215,11307,6428,14
10,213,1,26,71,61,543883,621367,0.30188575679980234,0.33386722219864945,0.048698203626675526,0.039728224582586256,1056,5213,1
10,214,1,31,73,45,792807,525958,0.45572980504055977,0.19329749835307256,0.05357054287844458,0.02504920298469899,1000,7608,2
10,215,1,22,55,73,1013029,497637,0.4721429850700167,0.235492655763212,0.05348461931956021,0.04300351721986123,4375,6116,6
10,216,1,46,64,101,691609,515818,0.568298478693094,0.20441411264639991,0.04921324028732644,0.029636783539583284,16217,4216,5
10,217,1,31,54,104,920213,494152,0.5266598274866948,0.29166988021307244,0.06573507074194193,0.03398518874835414,8024,5747,14
10,218,1,2,69,42,719073,447077,0.4836879400019019,0.15686032644730474,0.020155079484887754,0.034279048958913996,13892,5018,4
10,219,1,33,61,93,960248,604319,0.2989569398702059,0.11594981234647576,0.04619516815000832,0.0347409197781506,16523,1952,4
10,220,1,26,81,36,604010,480714,0.9337278349847395,0.30327807737142265,0.026535804978855097,0.03742235868959278,3583,6224,10
10,221,1,29,80,89,802737,398565,0.6950532436974239,0.17442596305451474,0.037818790380973036,0.02514879651918683,17379,4908,9
10,222,1,26,56,87,891294,502057,0.746406875071989,0.1570973317765476,0.053435414664863644,0.031159878966944488,4187,1000,10
10,223,1,38,69,45,664909,571666,48.96840921661591,13.161767021383792,8.557023266055738,1.75299066551216,8968,2118,14
10,224,1,41,79,100,872522,354406,116.8114964830473,29.75662575015224,27.436234551535826,11.265984968624815,4601,3872,9
10,225,1,32,67,114,794089,473112,147.42518610853736,46.54442999015269,27.62950643891712,16.059345509976307,11185,6752,11
10,226,1,26,59,78,791168,419788,76.25162438549812,23.136683076366914,3.0039895671942416,1.845240784105725,9190,3726,2
10,227,1,29,53,82,664449,718269,142.30329306158708,54.55075638466946,14.687496663765002,2.2126726881989995,13985,6496,3
10,228,1,30,82,109,999468,509176,29.25143700522559,15.676241279260005,3.956109131870063,2.1386034473098987,14998,6583,1
10,229,1,21,83,57,610974,655219,174.01843658366815,60.69557146980952,42.159413956621584,6.767325352211653,17900,4636,4
10,230,1,35,66,57,855952,524411,142.0228148788946,47.540884459560054,32.792950361221095,10.133194325801462,13758,6528,8
10,231,1,34,81,63,630158,533344,96.31443335094477,17.045774050304296,19.203314588465545,14.790083175280229,14074,4903,1
10,232,1,45,25,80,786765,493858,4.9956479760956505,1.5949583741859357,0.24974896967598897,0.0343800133018191,7759,3511,4
10,233,1,42,89,80,928572,477698,285.2357534738464,70.21164245020076,7.275947312399211,1.3459930053914668,9110,4559,0
10,234,1,23,67,68,742229,492612,137.63800845995306,33.477598655665005,10.772604385805106,3.8572797494128137,11569,3441,14
10,235,1,38,72,73,184760,434261,40.454799871822026,16.614346010316723,4.269464922944835,1.2986773769795514,3795,6627,3
10,236,1,20,65,69,531060,498894,0.8548835956126585,0.12468347471926733,0.05989803178959763,0.04521950078540055,15616,5947,4
10,237,1,36,90,70,368400,337630,0.2594841973999641,0.09879888594587065,0.04312228895248912,0.029199721756004257,9331,8092,6
10,238,1,24,54,64,813582,517344,0.4292865489445598,0.13672761831212574,0.05612169863358107,0.03814576013047189,10971,4876,10
10,239,1,19,92,64,798997,379516,0.20907379392338646,0.07506732352850236,0.02038392811493331,0.039497155693010204,2408,5791,10
10,240,1,32,75,39,729875,509443,0.32311588251479306,0.351936044232186,0.037350369149992846,0.036699828678339895,8181,5614,10
10,241,1,3,79,75,674708,532095,0.38893253253973364,0.25288657327265185,0.039665563576220045,0.029416082298548352,14313,6083,12
10,242,1,12,65,40,844226,641706,0.7054855976903485,0.1947480744980107,0.05257804530681821,0.02934042652706387,12097,5895,1
10,243,1,28,50,95,510536,531677,0.33764983087981226,0.19289797940799666,0.08013432117219589,0.02579393512709104,14147,3503,5
10,244,1,30,83,68,991211,473364,0.3341292084398545,0.23896658387343025,0.06665272178619024,0.04128552323068632,8313,5283,3
10,245,1,26,74,77,815024,437113,1.1639462302439572,0.4886069715048125,0.07005210067523601,0.02530868933594195,10644,5081,12
10,246,1,14,90,72,611040,571632,0.6144048909395262,0.39916748316246975,0.06455165601964367,0.03926813671064269,9481,9434,14
10,247,1,21,67,75,716316,490087,0.485635748950842,0.1682822867387475,0.04932490693515002,0.04263710839470534,13322,1569,8
10,248,1,33,63,105,773733,424759,1.287317014846511,0.24497733812682437,0.0318622892463659,0.036641056865285175,11304,6589,5
10,249,1,35,90,52,523842,515338,0.6546409253862105,0.2614647708543271,0.03522748891686236,0.03742714588442114,8085,8082,6
10,250,1,29,98,47,934175,314305,0.5961797245809078,0.15776993506299675,0.05289672365018702,0.03378548458983797,1000,3185,4
10,251,1,41,70,82,993094,507999,0.5670320776259828,0.16055838100767975,0.03925892682430524,0.02595580044334648,10852,9344,12
10,252,1,33,58,70,823482,421956,0.36455468505481475,0.15895820274681627,0.05616468375249463,0.036981521722811196,1609,5383,6
10,253,1,22,82,87,988109,467365,0.2079785679722828,0.11799470943502949,0.03676703526956071,0.03887883976828007,13445,4626,7
10,254,1,27,66,94,1330001,699419,0.5569594294973073,0.25604894228605923,0.043867952256955306,0.026227768320325546,14159,5235,13
10,255,1,15,78,57,424321,451471,0.43924252144846665,0.3090069771015192,0.06506774489315764,0.031415183141584625,1000,5425,11
10,256,1,28,66,92,810381,578983,0.5414127119268956,0.12215147229059005,0.03865978787434907,0.02881501385363652,11497,5537,1
10,257,1,41,93,59,531376,604921,0.3230653084615232,0.09925667796025664,0.05534102047605798,0.036115904399698605,11374,2690,7
10,258,1,36,59,81,1112143,585376,0.4177976051014946,0.32181355152354424,0.059573670434034685,0.034423731723491786,11880,5956,14
10,259,1,44,77,55,849261,537116,0.33605596366264007,0.18904077639515043,0.028481915996064994,0.028991462039954737,3838,1594,1
10,260,1,26,62,82,660380,389237,0.7052429956849241,0.16654171115190947,0.017078563124820614,0.027907066447203255,12384,4197,7
10,261,1,43,65,79,747928,434945,0.3949229577242596,0.23997557832476288,0.06999258505671474,0.02687134126371226,3704,4347,9
10,262,1,28,63,57,1067259,383423,0.3231714052146614,0.4242574207484138,0.0796118989245028,0.03273492256376064,13450,5149,1
10,263,1,44,81,52,890456,464804,0.8767188951070385,0.2583770469319911,0.02791967625545773,0.03179371764619739,12169,4882,3
10,264,1,29,83,95,915784,465968,0.4924608133104923,0.197871380893583,0.05697167037711563,0.02939665728484955,8350,5573,6
10,265,1,37,78,70,1097615,408624,6.582873542259679,0.965520640202658,0.28073986989333294,0.03674700022508724,12123,2357,8
10,266,1,44,68,100,990874,554735,60.98830047760446,38.81585834414282,8.204574204712996,2.8871782910256427,5265,5083,12
10,267,1,28,72,69,1024801,450657,2.8970004725702756,0.2900345526879032,0.05312662433611116,0.04622800756763328,7206,3234,6
10,268,1,32,83,106,774732,463723,0.7212410786405901,0.16594837608404983,0.05179863467641627,0.023091251474265384,15820,5642,7
10,269,1,42,83,61,349223,343114,0.5475626508183912,0.19557269225230473,0.06252817170104724,0.03423155944223409,15623,8529,2
10,270,1,28,29,109,820712,506927,6.327928837791286,1.7798822672409924,0.7663217054898103,0.5172859338741711,4512,5233,1
10,271,1,16,65,83,667108,490577,22.698851505421768,9.010163303917459,4.771692814521544,1.3197194111252468,6904,8153,3
10,272,1,51,66,87,957716,440052,0.6353557617668669,0.21404315755308065,0.036080125125062326,0.03189903931310336,7222,5533,4
10,273,1,25,80,59,445936,538112,0.21290191442155704,0.1318277806572617,0.05583331345210043,0.028937940175399777,10310,3711,1
10,274,1,31,68,94,965647,511886,0.5169873544301868,0.133140634860967,0.023858544165214227,0.03600963926165259,9329,5473,5
10,275,1,41,80,95,837708,558757,0.4110780231130956,0.2314461224965492,0.06970774379829722,0.023946622486820456,16459,1000,1
10,276,1,23,53,73,870759,563265,0.3140079031980298,0.18442684945573642,0.029998314328524914,0.04042570296509341,17669,5510,6
10,277,1,19,73,37,923752,571505,0.3453676852652908,0.314749788736545,0.0639050462734182,0.031845622004457556,19016,7551,13
10,278,1,32,83,57,794307,666869,0.5934195606781166,0.16547773681966763,0.05176372484922317,0.04294267501082223,20797,3011,6
10,279,1,12,47,57,733402,512859,0.2835633598948697,0.22245746491007348,0.06931697977817376,0.03657259389743146,2101,7180,13
10,280,1,27,100,88,1026995,405393,0.5580869624300452,0.1499682202727503,0.03640602485622012,0.028200981351761512,9055,3200,13
10,281,1,32,87,70,918631,457004,0.732629737188861,0.37341525009884124,0.04710285961829639,0.04070023594121829,6530,4732,4
10,282,1,27,70,71,937768,459675,0.5725701369064565,0.1485500880018885,0.06653504984140417,0.026489254204616546,5510,2889,7
10,283,1,14,57,68,783495,408018,0.3936545895458757,0.17885999927819288,0.0751135977307096,0.03609080503001969,17043,5032,11
10,284,1,45,67,109,821906,248665,9.380628671587164,2.7169864731459494,0.6317347006476507,0.1891334419671527,12103,10961,1
10,285,1,31,71,80,797351,523122,71.94374670924,44.37611222352325,27.88224099648131,10.155655276011515,2054,3839,7
10,286,1,44,76,83,451168,503366,137.311808726915,56.50315092400866,27.47700071286757,20.11619890420512,22967,4690,8
10,287,1,27,92,67,523774,691390,236.06593152780752,63.346702382688974,17.253704942262967,10.298054575099524,1000,5048,4
10,288,1,21,62,79,775363,685041,381.1865969667268,66.10639532173117,29.492388163220017,12.279423770594475,8230,4732,4
10,289,1,32,78,60,424515,567982,90.12824501672688,50.88426337940184,10.651581212740652,4.999370921819116,10439,7288,3
10,290,1,27,50,86,777972,556268,55.0853910735135,28.10273659951602,6.420050291057554,1.405270564952661,4342,3759,3
10,291,1,18,63,57,621148,417036,209.7282192149437,59.43228885329274,13.822128321018193,5.845222538985591,12750,5660,13
10,292,1,44,75,94,784804,518863,302.5324794126029,84.44766666682453,37.90687794566456,19.020972286252974,6911,4229,9
10,293,1,23,80,65,834000,488346,105.38292273557263,36.325638669929376,16.981535536358276,4.26837483817793,14115,8220,14
10,294,1,11,58,98,428356,514577,90.21331090956879,18.17971351376094,12.666196916830529,8.194020224794674,11994,5519,12
10,295,1,43,63,118,865015,423106,198.21628031487367,111.34550671386586,16.88736274028564,6.073583368144331,1000,5293,4
10,296,1,24,91,80,710091,541911,98.51851549462415,36.13866804406031,9.47386121712195,16.19011663742795,2248,6449,4
10,297,1,23,87,106,335438,363065,349.64234213201803,100.8115917677426,37.64221421394401,19.1759715658404,14243,7913,4
10,298,1,12,73,95,707823,803549,138.69172822723982,48.47407249820808,20.41873287054866,5.41559649991502,12020,7048,3
10,299,1,47,36,51,875934,644706,781.3414854305028,196.54372904336554,33.51514906069395,12.516195359187757,4869,6762,3
11,0,0,76,14,69,225941,228805,0.5819302556441805,0.14500818678323382,0.016705371765158673,0.0036125663931279466,34646,6358,6
11,1,0,48,57,43,238622,143753,0.14210437792209202,0.04944297798785706,0.01433740094569476,0.0036975771909049018,48045,13260,14
11,2,0,100,11,25,394376,139927,0.34746121388000567,0.13555278351721867,0.014161085177983345,0.00400094661626216,32676,12721,14
11,3,0,67,15,27,408400,136146,0.3612216686314171,0.1595233271979857,0.020917632402221675,0.0028115095981600035,27008,17161,14
11,4,0,86,55,62,250757,161215,0.29885956663230817,0.06693735156540115,0.011186316425987835,0.004247045196771052,38039,1562,3
11,5,0,74,68,50,256025,214314,2.125105353821096,0.70275198311614,0.31462196935403347,0.08285625303281467,26488,16166,13
11,6,0,62,35,16,256840,174672,357.4447793278628,123.36773386377835,4.169412042501469,1.1231043783679961,28201,16863,4
11,7,0,61,39,15,214830,263884,13.903297227995287,3.933049180174681,1.3628377521483233,0.42111526217306766,31739,11028,7
11,8,0,98,53,40,391149,127799,74.9858131888486,21.138245527647427,3.203656669785238,0.6344406142284529,18090,13480,12
11,9,0,89,44,49,315542,225655,199.96536786588254,66.64361351105896,8.095703103378312,3.6815267442695205,26915,15175,13
11,10,0,100,34,29,227465,181651,153.48871157615812,34.67746893762866,5.015489315107246,2.9351410345038746,22014,19731,5
11,11,0,75,32,14,306461,194761,283.84202446312986,96.48829213543686,14.788653947889605,4.395813831518086,38069,4175,12
11,12,0,79,16,23,262167,234218,296.848258737898,54.49204505212737,14.296435026526638,6.8334910409457805,19704,14713,0
11,13,0,70,43,64,550349,68275,58.75181404118538,104.517547094362,19.569079612605385,5.383605490162542,20604,17398,3
11,14,0,70,38,47,275119,93113,482.31896506584127,138.55319228460476,12.323641404177064,4.067619412135323,22897,18127,7
11,15,0,59,33,55,374019,196866,48.00669318839752,29.166895954218237,16.969001516355835,2.591701532275942,22171,13907,5
11,16,0,76,24,57,343470,188875,3.8112046753880877,2.018970440376625,0.9223830459780532,0.4040297021082767,46736,17868,6
11,17,0,63,26,30,284935,128593,6.972393155537996,2.395574210231306,1.3710649918947027,0.6656207993242026,40845,14632,3
11,18,0,81,49,34,344026,300259,301.9414048610992,95.71119890065336,8.692790492891652,1.3189183289769368,34898,20634,10
11,19,0,77,53,37,321049,142070,5.291283251879633,2.274680029936539,1.0926178943348879,0.7176296521173017,25934,10824,2
11,20,0,79,35,46,548677,173385,6.870042003624043,2.592596319547319,0.9545160299623453,0.3013812298119611,29362,11685,3
11,21,0,100,33,56,290290,257499,1.3389830000235796,0.3866816774183173,0.12736615118227296,0.053479467148120026,45794,17307,2
11,22,0,74,27,68,39320,166245,0.47363654540042016,0.14288479098645124,0.02944121687537725,0.003777329929084037,26904,18231,0
11,23,0,86,54,52,518904,156607,0.15706506826891548,0.08414976500989564,0.014457822841852645,0.0044418304495160215,19257,17511,13
11,24,0,100,40,52,249035,219453,0.5815907746189773,0.1688018871107272,0.013084622352717498,0.004460957025405564,38166,12871,1
11,25,0,94,45,68,308646,162844,0.37917105100573634,0.14532094707566592,0.021362483850651426,0.004388440679057071,27645,12950,3
11,26,0,92,45,36,245622,219742,0.239275434669755,0.04569014805968426,0.011056191905530607,0.0029089881625215005,28265,14939,13
11,27,0,70,35,57,240108,225653,0.8724079037906124,0.3708902659418406,0.037855471358671754,0.0033538483769551116,27750,9491,5
11,28,0,78,22,48,188133,218963,0.12209551074916912,0.04575476449877315,0.007756115904927249,0.00403140875339581,28452,10917,12
11,29,0,55,25,49,99751,258948,0.48682881825847246,0.1546624026832034,0.018697157413013067,0.0033071887339525164,34969,22307,14
11,30,0,82,56,36,228250,180707,0.40514825064801596,0.11350171478120104,0.02024314324900689,0.0037567009637322155,26952,14167,5
11,31,0,79,29,19,351424,174797,0.14291410625378753,0.07009474308992741,0.016713300014800966,0.004139007129557677,33083,12379,8
11,32,0,75,33,45,135358,195723,0.6331586899812243,0.17751716412474292,0.021052765385967894,0.0033631087696530536,40439,12103,2
11,33,0,90,22,45,350534,58512,0.07585609932522092,0.06826426265681752,0.011735462657656832,0.003391914118387155,44778,16454,0
11,34,0,56,21,31,531974,210684,0.3283229359433224,0.08123030484357757,0.009548680929469946,0.004226925738329877,20974,25539,5
11,35,0,99,28,38,328679,183517,0.34609214124968474,0.127089704002374,0.025779123986664952,0.0037144091786818784,40207,20751,0
11,36,0,88,65,26,161052,219122,0.10241361473957727,0.031298243780235706,0.007640680776160358,0.0031791769415342123,41331,8450,11
11,37,0,73,49,26,340251,155183,0.3904060501859744,0.13713684148536717,0.015915665010303094,0.00266105224803112,42612,21415,8
11,38,0,72,32,32,395761,267264,0.4258200874115986,0.115447740536232,0.011651838394683593,0.0034768680057717834,30492,10829,7
11,39,0,82,56,20,430422,189612,0.25262211925770084,0.0381685083534779,0.016871647677354384,0.0035202704094879577,27608,11760,0
11,40,0,97,37,31,318769,241778,0.742306128536299,0.1598334476748344,0.024325552630508458,0.004193717239315326,14552,12667,14
11,41,0,76,60,50,360443,174625,0.20437849068086308,0.06673067070297124,0.018689586619800264,0.003090711978966172,30992,9127,10
11,42,0,77,73,61,385020,223334,0.3648352900901119,0.07399796921866321,0.01622791211991435,0.004771347874381643,47822,21429,0
11,43,0,75,55,71,360226,122239,0.6458181582800834,0.09348299434126425,0.01965022963619047,0.0034788980699086793,33143,12100,7
11,44,0,100,41,33,331834,90173,0.2553268701658775,0.10000134066770967,0.027449264840791653,0.004126391420645018,27842,4508,1
11,45,0,69,50,58,236114,189654,0.24492549702322058,0.052266196274541085,0.01233198347810135,0.00252694663348997,35802,10763,1
11,46,0,74,40,45,395442,198993,0.6438572546358621,0.14730297696098074,0.021528723409136048,0.0030294377751643627,18135,15987,0
11,47,0,96,12,36,246417,195190,0.35797590440105986,0.09170700893680542,0.014184427356541218,0.003716015345486985,27270,6399,10
11,48,0,77,30,46,560248,185539,0.2567830303614141,0.11445692315387164,0.01670021901709681,0.003796496583206333,38149,16348,2
11,49,0,92,25,56,236017,179921,0.3207370951648936,0.16330850229631552,0.04316232682764198,0.004910882219248164,35589,10558,5
11,50,0,61,29,32,380258,233768,0.2448857443554579,0.09937000054858894,0.012381798696098035,0.0032329923988597695,24997,20580,3
11,51,0,71,66,32,172248,289194,0.21756647258866438,0.04169057737559803,0.007480078136955095,0.0034406962674988274,47836,17276,5
11,52,0,97,56,33,252326,329370,0.4453192356347021,0.12080612424359187,0.018260779045722316,0.0034722021569946315,15403,15401,1
11,53,0,64,46,30,241078,254724,0.07890028689630138,0.027065143901383076,0.013026149019607728,0.003583044236291193,33132,7254,4
11,54,0,72,52,57,163273,85617,0.8680079133866162,0.20542448926784754,0.031044959070046056,0.004710757123687327,38467,8551,13
11,55,0,78,11,28,242559,252544,0.2377659926442826,0.08952996120281145,0.00807714373196367,0.00467752898869537,42353,12108,12
11,56,0,60,50,31,336037,251908,0.3314578161308414,0.11292199008566037,0.008268972347723131,0.003448434124860747,31219,13856,14
11,57,0,68,54,44,275259,194962,0.379909445685967,0.11234939259582384,0.017571524901498718,0.0030634605607339992,37657,22643,9
11,58,0,76,6,43,419296,246361,0.05171173133383497,0.02843737950918017,0.009859941685964551,0.003606677793696786,30042,16481,1
11,59,0,75,51,33,206858,218008,0.4740159366851333,0.15240476766928382,0.020055684511958372,0.00414150032892394,46684,13084,2
11,60,0,94,18,65,369732,199263,0.267666365526228,0.10749680638675477,0.01237538147273807,0.003624329646146745,33228,22375,1
11,61,0,98,10,30,240742,212662,0.0587728095661188,0.03791309851527771,0.011584495034103954,0.0031254250917764266,41599,14548,6
11,62,0,62,59,37,412917,172295,0.9399041167385831,0.15895259218104146,0.0189318663085323,0.0036691257729324217,18443,17172,5
11,63,0,76,24,11,378336,108011,0.24982992461566164,0.1225015427308589,0.030287829693220546,0.0038706023294059,28861,22768,2
11,64,0,85,29,35,401300,106128,0.1437598469407846,0.17494667060392666,0.019373395897336186,0.0031978323696473907,35394,18582,5
11,65,0,97,54,20,283863,245848,0.5797763145901789,0.11235863200223545,0.02590101847173217,0.00395610239537658,35306,17212,2
11,66,0,85,35,26,432935,148709,0.3193156957229027,0.06690402569287865,0.010469964537032948,0.004154002463645313,24316,17906,12
11,67,0,79,37,10,134003,123524,0.06576417440505351,0.03173482900302374,0.015629675054485113,0.004958159009680509,11391,14673,6
11,68,0,84,36,26,344628,122506,0.3671679184618652,0.12872306790939145,0.02205598634820834,0.00312418800068945,12398,15207,3
11,69,0,85,45,38,313822,176196,0.1485665952766705,0.04670579588688012,0.007013565712170464,0.002676703917904361,20526,7077,6
11,70,0,61,36,36,383398,275793,0.4613283762421741,0.15572682543539107,0.020251705941924093,0.0028801853613881143,57874,11455,9
11,71,0,77,41,33,292426,192743,0.8974629745451228,0.19721256852624333,0.019334968650560693,0.0029782638733564905,1000,14757,3
11,72,0,96,32,35,201595,128443,0.07897492510501454,0.044076041045191666,0.011140093756861941,0.003832984986645007,28324,17317,8
11,73,0,71,45,32,190815,274086,0.5102508168204147,0.1403778323975587,0.025735240057644132,0.0032598691144912367,27060,12829,4
11,74,0,76,44,39,298819,216329,0.33791334006459,0.13123912565486373,0.013864546417400293,0.004821617114219633,30421,26946,9
11,75,0,71,68,38,273988,182674,0.10327510643928008,0.0400386971325676,0.012409526084728466,0.0040708063361478124,29175,18930,7
11,76,0,40,34,44,385692,224272,0.24362342576622273,0.09167261197171164,0.014480392260924702,0.004951650013469624,20196,16235,13
11,77,0,75,37,36,395384,200583,0.26093904835028436,0.08229391499982161,0.014335967979078833,0.004285880152869819,40189,7774,7
11,78,0,79,43,33,304782,164132,0.17596127805362968,0.0530960838572459,0.014280221661483941,0.003105727988525314,13684,14712,6
11,79,0,67,54,51,302566,172663,0.9927848174459495,0.19222079729680377,0.011156734470311616,0.0033894115079333206,48699,17554,9
11,80,0,57,23,49,406461,138156,0.14971210791747522,0.043742931580099696,0.014130349309024726,0.00519201136025145,34517,14533,3
11,81,0,61,41,39,275506,176514,0.2513582335716359,0.0708165005343367,0.01564227514800346,0.004574363714405707,20885,14332,8
11,82,0,86,2,57,279584,246517,0.4026903683359102,0.11568658910978191,0.02129089418382443,0.0031990817226563864,23094,14213,10
11,83,0,100,35,41,167725,245147,0.0650580518231899,0.036020465145973325,0.010697416592518848,0.004082438877122445,41440,11484,11
11,84,0,95,56,37,387856,191204,0.6618474356263511,0.155480113230083,0.014830535464614783,0.005163256971770293,16576,8748,4
11,85,0,54,29,38,291018,191753,0.7097115467409499,0.1462636740633351,0.015678275023868992,0.0036311186637572423,30495,25921,0
11,86,0,87,42,42,413685,148325,0.17333126047064726,0.05800870729869174,0.016508089908683438,0.0034460186500007055,29689,9985,14
11,87,0,65,32,26,179298,219799,0.2727866364923787,0.09744284202067123,0.025434113996618837,0.004013318646895069,29422,12662,14
11,88,0,66,27,11,250858,130835,0.6431882953852824,0.1260751186479302,0.016437313213008155,0.004966760894710748,35452,16268,3
11,89,0,68,54,44,394607,241587,0.13780771709492778,0.029275946451273866,0.01315826467391198,0.003899829861786142,36446,4720,9
11,90,0,85,24,52,332619,220934,0.8160233200403362,0.29732049148163775,0.03306911519126985,0.004421780144470717,34131,22767,3
11,91,0,89,44,24,181687,186741,0.27712478048640854,0.1077543822232654,0.030515003361213627,0.004836008580168096,41208,20848,4
11,92,0,73,44,56,392255,221773,0.16210974203832568,0.05595510733090178,0.013399093621310462,0.00398148223777739,32575,7482,4
11,93,0,73,27,15,169520,182939,0.37293177742208095,0.10377824985822963,0.02794912934546059,0.006547392837449239,24983,13384,12
11,94,0,81,42,31,382796,209434,0.23703201732743104,0.10625892961041565,0.009417614330306499,0.004140065434341621,18687,19781,3
11,95,0,83,25,65,202034,210742,0.09937806159938133,0.07472631886538446,0.010525914151075089,0.003757144612526035,30618,14886,14
11,96,0,92,47,45,421147,258330,0.44389984593016507,0.17968986223414676,0.028020903193043806,0.0034866199193179133,33899,19998,12
11,97,0,55,20,35,311289,224471,0.3570954276971256,0.04659965704070155,0.018202039070245223,0.004438850471255005,12326,22636,7
11,98,0,75,34,43,334405,252432,0.07519870375398748,0.023087465363681968,0.01344603515606643,0.003324432897043369,34434,10853,14
11,99,0,58,36,57,291895,219657,0.6505906001861105,0.12666292296982756,0.018374837183845166,0.004059389269829112,21282,17336,5
11,100,0,74,56,18,308767,197132,0.2669603790484303,0.11349014983090779,0.01108932557366778,0.003752848731973973,20989,8980,2
11,101,0,71,42,59,308296,225739,0.07647332357384211,0.03856802126089561,0.014724004135928835,0.003699794570534594,31505,12677,12
11,102,0,74,54,32,370566,217246,0.5587802365888552,0.25691550901077437,0.03537502903367162,0.004264554417213403,9007,15345,8
11,103,0,63,48,50,293703,181939,0.16830438346947318,0.08664316442813051,0.01682466463677148,0.004623378989852752,44470,15731,9
11,104,0,52,48,30,446230,129617,0.13960591687047635,0.03709546816954432,0.014155323363166881,0.0029053407513579673,39116,10752,11
11,105,0,43,35,65,226386,173888,0.6012423624526194,0.2895447781941531,0.01812943135497132,0.004231407986945321,18106,17981,14
11,106,0,73,55,39,386065,173517,0.3151094371554506,0.18625957802202248,0.014429985336233117,0.004778822781235195,28114,7658,11
11,107,0,68,34,20,356417,227762,0.13767221727392095,0.0631237052378151,0.020068537954110278,0.003264510094422103,31526,10594,12
11,108,0,64,14,47,423340,196746,0.8229684308619711,0.13422975728959066,0.020799263201225927,0.004780181306239866,22512,20361,11
11,109,0,94,36,59,312092,159373,0.376682139840319,0.09806035330375025,0.01504865502690945,0.006080298249923847,25028,11006,3
11,110,0,62,46,57,332942,191769,0.2644184527195649,0.10676894496547543,0.038001527829313556,0.014132200348665407,28773,16358,0
11,111,0,96,15,41,331809,183968,0.6206819040473452,0.5150603831454006,0.1069166896206998,0.036378172996330796,29886,23173,3
11,112,0,99,26,52,178407,154058,0.23845991046341405,0.09913779599098,0.025654463215850035,0.011695875435167338,28672,14909,9
11,113,0,45,21,33,339382,273355,14.725233381712625,7.020553837292471,1.7813549314239818,0.8851024364069385,30564,21719,6
11,114,0,76,51,48,626990,190690,53.977670344798526,38.795799641247164,53.90682067359239,8.285289532139885,33747,8227,3
11,115,0,69,65,45,460917,160409,127.03149919179121,68.03628733134819,20.15331021459637,4.710601601718169,26641,12050,8
11,116,0,31,36,1,222011,116887,22.55512083014423,6.232087248582479,8.651219983264024,3.4479015620647235,34332,16105,5
11,117,0,53,47,24,119947,204373,10.330682046994115,5.177154244134414,0.7842977972225812,0.3726427724477734,41694,9842,10
11,118,0,86,47,43,305218,225905,5.989716714456307,1.8384939364716932,0.9116895218734936,0.2089782413012921,34521,12685,2
11,119,0,100,63,42,408332,167419,2.6181195986739825,0.7460076041406093,0.7317846240259639,0.4608052821709373,47412,15722,11
11,120,0,88,30,39,296135,207014,1.480461722459479,0.44218224019176894,0.506180127417806,0.2863380737853438,15974,15838,0
11,121,0,79,36,41,488919,145431,8.091939393078698,2.8538686121355172,0.9295508489232515,0.3646550185238782,24170,13433,7
11,122,0,74,34,58,221975,188533,22.084877363176837,6.369964929576646,2.53235421898437,1.0890549022018885,33637,5840,2
11,123,0,100,41,45,322497,254234,0.6225535820403095,0.3265717711857088,0.12615595555907994,0.04347092726227904,32425,11766,14
11,124,0,100,77,5,289137,188325,3.304872774902514,1.6990856688483817,0.8350833048056969,0.28878923742636814,26138,7990,8
11,125,0,66,40,69,373141,167786,6.973292249405969,1.7687677165814668,0.49166284151666306,0.1923920376383407,36127,14622,10
11,126,0,45,27,11,379991,267109,38.752758832686034,10.500650690024449,5.235441046441432,0.7510272529115019,32082,14796,5
11,127,0,43,22,54,418863,209891,57.25015526034834,27.073244362246438,13.966011623633225,2.452727232753668,41761,14366,8
11,128,0,94,58,16,287606,174844,200.34557696517146,45.099991282309034,12.458175409700688,2.351114670408067,19400,10283,11
11,129,0,74,27,61,425779,156721,37.43758707223254,24.16458816253906,7.775829586656486,1.8987283081708934,30556,6633,10
11,130,0,77,49,35,334498,142556,61.009482814747464,32.15211428346031,9.800472791526595,6.1754132452633925,25551,22144,12
11,131,0,48,29,45,435971,221339,184.28102684780478,78.67650079435913,38.51761025490534,14.40087075974681,38572,15097,3
11,132,0,63,20,10,449964,238350,192.16385794995833,199.05952764812974,51.68242919242966,8.820889421634568,35461,13435,3
11,133,0,70,49,50,301830,200005,20.31176623387628,7.337538795524399,4.270252247918247,1.69133535838681,25185,14663,0
11,134,0,78,30,46,232609,190078,88.67521032774196,31.168155854862334,11.675651947819983,3.838747195601047,40007,8293,3
11,135,0,69,46,49,320368,229414,293.5455437948683,137.50174344249177,25.4914331657854,7.061907317304519,29781,21441,10
11,136,0,59,47,54,399064,129101,106.84184811911557,61.101167625616114,10.259265553362402,7.137443096241988,17568,11425,3
11,137,0,63,48,42,149495,203794,212.90110643403574,52.4992043066546,10.276930313080882,4.430617715508417,27460,14435,11
11,138,0,93,35,36,250516,200860,60.67482743841841,14.861598792145372,11.762078805625219,4.5022722139280456,53182,17429,14
11,139,0,78,50,27,368259,220732,106.91528687165523,26.280934794352284,8.802532353095126,3.5142679312579257,28101,18586,13
11,140,0,84,26,33,41209,223945,320.75014328792287,130.537019544717,38.93868633783917,4.576091734696501,32367,14881,0
11,141,0,61,3,58,196583,179601,84.50015522081696,88.10137732798923,33.51719855656766,11.713639159132027,32879,9845,3
11,142,0,30,50,27,238697,292720,52.002455356661414,63.35348203925456,15.368484326446172,11.324463592178727,29568,17992,1
11,143,0,67,42,12,291651,145767,86.49186996708247,64.31537060304042,29.24787231853031,5.9145434924303615,45322,19250,1
11,144,0,62,30,25,267818,176174,246.9735635667596,48.26446248043072,18.43472661569193,7.407140259045107,37331,20863,2
11,145,0,80,17,49,269710,242901,223.27177397599718,68.71963436242055,20.302010319539285,4.021199827636507,36527,17714,0
11,146,0,100,9,35,166890,168253,26.515388309065106,11.380044420328502,5.365776950788145,2.0930194387845416,27309,25476,10
11,147,0,85,40,49,476976,205571,16.564219779354396,6.648886587409055,1.6085228932534423,0.7555429793846326,36952,15744,11
11,148,0,100,64,9,239212,173375,0.6315404758248189,0.20311185353958902,0.03764609754737245,0.010029240669777697,26919,15998,8
11,149,0,83,37,1,109697,180435,1.289368558095227,0.5949438272047266,0.10562009884834844,0.05116401658302765,34273,21147,4
11,150,0,65,34,43,413525,135276,0.45518988046456604,0.10255778593768822,0.013841924572375312,0.003269072137917245,50645,23054,0
11,151,0,80,39,55,222491,238037,0.4870200323676484,0.18035345557885207,0.016530568351992087,0.004210573887908069,45616,21942,11
11,152,0,100,72,14,178790,239149,0.25830313223590884,0.05442879024316956,0.018953569867807864,0.004372930127510236,28833,14598,1
11,153,0,100,51,47,367800,238977,1.040384546531639,0.452801362848463,0.17764673358821023,0.16373198147693832,32236,18816,3
11,154,0,66,25,57,248114,178535,1.5507806049383193,0.8108126293151401,0.361013657688124,0.16771827476673742,19019,20313,9
11,155,0,78,40,39,316848,216607,0.5615042580782275,0.08143166511189472,0.012831647006251251,0.003957223108861386,27573,15307,0
11,156,0,53,44,53,236644,299756,0.09996198323840941,0.03696506496321843,0.017243861546237842,0.004044569603909661,7760,10758,3
11,157,0,87,24,42,253706,214508,0.3310111240178484,0.06856066473302001,0.012095352819486283,0.004116722357725022,39136,9984,2
11,158,0,98,51,36,200742,142189,0.2804889804125197,0.07795532173321369,0.019407394113526228,0.0029991271167436515,22515,16884,0
11,159,0,75,27,52,178598,157299,0.2020718201234125,0.05726263581527888,0.017534874126747306,0.003431991192084597,29037,19382,11
11,160,0,64,17,68,647154,154940,0.738964766447189,0.1266927413046942,0.028224375077154196,0.0038990614774799966,25466,12709,14
11,161,0,80,41,31,217201,266044,0.43707597597479514,0.1907289951063401,0.007423889071384448,0.0035992077384147795,40301,11173,5
11,162,0,81,38,38,153717,219715,0.29266578022147277,0.07168575441830342,0.01282272914633611,0.004875713339906836,43688,12422,8
11,163,0,76,39,25,413045,121299,0.17968954619501049,0.0490126241810704,0.006736954146732855,0.003465692320412519,44114,15749,8
11,164,0,77,28,42,326651,265146,0.30972774907097744,0.07945520905236046,0.01132582486441624,0.0038956677669716748,17229,18896,5
11,165,0,72,30,37,301741,228333,0.1710702714565313,0.04164768636816325,0.010426233021643626,0.0031218505731968674,36543,16864,11
11,166,0,89,56,57,251208,208720,1.831162345821011,0.5093461378800048,0.15302989994410085,0.10181580158888694,21283,15033,5
11,167,0,86,46,61,259347,275863,0.8767139336958016,0.25960431105600223,0.03506901673297042,0.0038790769149486684,31486,21949,8
11,168,0,60,25,51,270261,188547,14.797003876311528,4.6455221755563985,1.2196540856354718,0.3024683361954151,39633,28615,12
11,169,0,59,10,55,413653,268096,1.7362729005320583,0.989214687904524,0.24279324724197307,0.04931661519633558,27390,15059,7
11,170,0,71,26,29,275163,89522,0.3676635787908966,0.08174304625622296,0.026131254923836875,0.004610717029936128,32206,23036,3
11,171,0,86,42,25,414397,163350,0.11154575293868618,0.059427971551396064,0.00967216371091783,0.003276295275195896,23811,11563,12
11,172,0,77,30,46,294633,239589,0.854889982434319,0.14168244007382103,0.02905214164726957,0.0048846770023716,40917,20715,7
11,173,0,65,29,40,279485,283910,0.660069043736377,0.1315070434443944,0.01601800243921603,0.0035358120941283017,27831,10887,9
11,174,0,78,31,69,197866,139110,0.2478821807223237,0.12457647022255751,0.01286287554858674,0.004482617429218475,24657,13229,0
11,175,0,70,38,11,514472,179095,0.35231909840029996,0.1396334982721894,0.012825592119002334,0.0024411033083115525,33402,14798,9
11,176,0,88,51,49,301497,208310,1.7728562108647428,0.16886972617996185,0.021583862207022197,0.00413263346747606,39202,5386,1
11,177,0,79,39,49,299877,153029,28.269499045797268,25.090073572939453,9.534360249764584,1.676281499915491,16050,5887,9
11,178,0,70,40,28,485886,186837,2.230533909908014,0.9957061845864716,0.29696087533786386,0.005732176803037278,34578,10746,6
11,179,0,78,36,25,341650,279122,0.4047142289977715,0.08871621781180214,0.01309110700904816,0.0035623537579424136,25016,21619,8
11,180,0,94,32,34,352722,148430,0.1629295650478876,0.058046124676146026,0.008239290097540672,0.004002154044641301,36671,13802,6
11,181,0,66,53,15,305973,187981,0.9749481662501127,0.22190937655311965,0.03255188135073404,0.00477672223431455,24819,19576,9
11,182,0,81,51,61,222590,213649,0.16524816674828322,0.10977192428569067,0.023830434379092852,0.004814839367355845,21366,6775,13
11,183,0,73,70,80,421675,223272,0.11003600908875452,0.05022194079340148,0.008201631240994798,0.0033308498871096382,22899,16799,6
11,184,0,81,49,34,158364,156762,0.5326841124156464,0.18752016921865472,0.0247007242384282,0.00510110448819014,31655,17199,13
11,185,0,65,32,30,202325,191085,0.24041717665603496,0.11948176013100763,0.02451512661636678,0.004236038061028318,35355,10200,1
11,186,0,76,26,20,222295,185507,0.4186406150394121,0.1183668069267948,0.016583613259811832,0.005358393192666411,23752,24309,5
11,187,0,91,54,23,325125,215181,0.49114614954108127,0.16318427297568164,0.018372605514921717,0.004177697662208783,30550,8716,11
11,188,0,60,27,31,298416,141191,0.34801990606308125,0.07360878726991861,0.013651077930596937,0.003820741878915218,23549,13785,9
11,189,0,55,52,58,113730,263570,0.5181795010686375,0.10202552549123514,0.021168529057011203,0.004506902922109954,26256,27275,13
11,190,0,55,28,87,531739,212902,0.615494271020607,0.11760455534231867,0.014312089690639079,0.003115736576050184,25064,10242,7
11,191,0,57,45,29,375983,253355,0.16733771216365032,0.055030229688749904,0.013116198314940396,0.00424582014429555,22923,11893,10
11,192,0,83,24,26,250902,171437,0.7017166911142182,0.1320694701095304,0.017193668305181604,0.003963893511667913,17802,15777,0
11,193,0,53,51,22,343333,138990,0.388751008348197,0.1081860281139775,0.027500188114571333,0.0035873369301837646,29260,8362,11
11,194,0,70,21,46,344698,152272,0.21250071462563613,0.04744003786446468,0.007964423398034761,0.004093906955381645,41327,17583,12
11,195,0,84,44,45,266986,235033,0.21149421027223028,0.11550432156324371,0.016735596233062554,0.004162680236043184,30850,6096,6
11,196,0,81,37,41,339386,177960,0.7013845752807898,0.21363836416135681,0.026460373208674615,0.00368963647642845,27020,15004,2
11,197,0,69,41,33,340560,119008,7.4333592492427405,3.876054499335755,1.351817937621503,0.28343477747197715,38057,22232,13
11,198,0,77,34,60,409141,209024,253.90151908492595,95.54323484589557,18.464493512241734,2.459818194587663,25078,18202,5
11,199,0,76,33,51,306906,183960,126.33393819684883,23.626953104056653,3.8182113140045684,0.9024117181825775,31929,14795,4
11,200,0,71,42,50,332163,185233,125.53427238257686,76.03954144107124,20.740902994155988,4.146369189393628,14443,13391,2
11,201,0,71,24,45,279113,114489,294.68292559723864,103.10575666274323,19.72839478343242,4.904167334616256,29958,14575,11
11,202,0,100,24,37,256657,124550,228.35673768202977,99.95378111702324,27.563084181801635,4.222082337064647,26670,13563,7
11,203,0,87,34,29,223048,172600,580.9776730800259,113.64508795744894,11.062440440287084,2.3268403467329617,11376,16989,7
11,204,0,100,34,47,219595,153623,179.08949922406634,59.21305885327085,18.828699525693768,3.301294044492849,25520,18224,2
11,205,0,67,24,46,253515,171532,69.6019480856999,12.39716104187929,5.651062645523772,1.6050528966131319,6508,15717,0
11,206,0,73,53,48,276413,241625,346.9160322852726,86.9271526396619,33.43483470051074,4.861535353100507,24097,18504,6
11,207,0,55,34,16,400589,146793,284.0939241386512,56.360502373331705,10.835676729066924,2.0081763515259556,34937,17569,8
11,208,0,62,36,45,262071,154714,130.451138385381,46.905254064254265,11.126300097510569,4.846397863693987,20928,8769,0
11,209,0,100,20,35,266738,173644,579.6226474621727,222.89769139520544,19.017462269907426,3.3384056357594813,22894,3323,2
11,210,0,67,71,26,270762,151832,160.37492523355826,56.48994615638773,9.3576295840806,1.7727843258311415,14799,15862,3
11,211,0,100,76,50,295209,189229,104.8201764191787,24.678336156343782,3.3694174764274645,0.5573454333780429,32885,12748,5
11,212,0,56,28,42,469818,251382,3.325617778927053,1.003142796031481,0.23552094126380937,0.06361476393762093,25572,16014,9
11,213,0,59,58,75,262085,185625,34.71629425529912,6.98852570326686,3.788692408728289,2.1490033951805465,29593,23359,11
11,214,0,69,38,47,356111,212910,46.175811926543766,19.680615933354602,3.5437707876218125,0.861542390767875,41491,13659,11
11,215,0,74,64,35,334970,83943,4.963396699787564,3.2307059888752394,1.2435142282703822,0.1482697713578424,20000,16553,7
11,216,0,88,45,38,306207,204076,23.780966831460177,9.096428465964003,9.209185477426336,1.5981720735090783,42643,10772,12
11,217,0,81,41,22,204188,273790,73.0534712937571,39.12067740632031,12.564253329604634,2.278546466671745,27448,17458,5
11,218,0,68,2,58,352366,204913,0.9570157583041704,1.0500419089030306,0.315313668951473,0.007727760898432227,40512,11093,11
11,219,0,73,26,44,107436,206410,0.24807302598671177,0.04993138385238412,0.011219320911510556,0.005095824991715646,28874,20004,9
11,220,0,70,40,44,197944,214277,0.7846596287663066,0.21322030538331016,0.02125946473868582,0.0038486962428840987,13654,15614,2
11,221,0,61,42,24,245839,278400,0.2737093107875967,0.07083665463670796,0.020188687352155742,0.0040533112146451875,17584,14271,2
11,222,0,61,21,51,277547,267688,0.5865911539562575,0.16253056557048695,0.012018527417137097,0.0035332298411626614,27391,6811,1
11,223,0,90,29,25,308407,148902,0.21820708592527074,0.12081073867868837,0.02498454490414136,0.0050789530553541325,13367,8135,10
11,224,0,47,48,31,439122,260131,0.09009093042883416,0.08156925779523592,0.014591227634070562,0.0035356817774248642,35298,17900,8
11,225,0,99,19,41,363016,268803,0.6344438699431181,0.13250078884449615,0.01991826239460189,0.003829922826276914,38199,20815,10
11,226,0,69,42,31,316886,114493,0.2812381170681154,0.1217964831944329,0.015977987139260245,0.003887193695843343,15168,16207,8
11,227,0,63,58,28,266407,201305,0.11668810550108039,0.05875269551340496,0.010874538556999647,0.004566949565277185,27151,13860,1
11,228,0,86,45,39,267462,226277,0.5288697577238295,0.22801056308920467,0.04004394202021867,0.004055005122801555,29069,15241,9
11,229,0,97,45,55,186549,59981,0.5169397500846988,0.20142511123877896,0.015283457587882689,0.003334921965927872,36888,14283,14
11,230,0,91,9,53,89251,165981,0.13924912213601165,0.06191931088579316,0.012942926319564271,0.0031871163048639586,34100,11483,7
11,231,0,82,27,50,172472,164211,0.6576726134499655,0.16392113424253849,0.0117128462659859,0.004036457278204894,25862,8244,11
11,232,0,91,70,47,417084,167744,0.15206817569118203,0.0334858648644379,0.012009015067073622,0.004503691679045171,15855,8292,10
11,233,0,49,31,32,228828,252231,0.5284442082007479,0.10502348351578289,0.01431054704290109,0.0032131350361972507,30014,11564,6
11,234,0,67,58,56,247530,197172,0.9087191127395611,0.2605628595218781,0.026713424454132245,0.003745266953735454,28705,15462,12
11,235,0,61,30,13,402104,221059,0.134754031716235,0.03729725758297226,0.01356439068473182,0.003277625845152566,21797,8356,5
11,236,0,93,35,46,35808,204472,0.33860042132617907,0.11767736451388486,0.01810991089451688,0.004940166285810082,51177,14633,10
11,237,0,69,47,52,241398,323405,0.4704749987146031,0.09765586763276744,0.010173408532921003,0.0037548703901110047,31729,11244,11
11,238,0,87,41,38,190207,249821,0.10927178155528083,0.041583457705977614,0.010092318592974792,0.0031361252224586826,23500,6643,14
11,239,0,83,45,29,329357,199121,0.3594027508673701,0.11110204611706656,0.01906839977047885,0.003433975125779284,24400,11788,10
11,240,0,62,27,39,355689,186798,0.20655236850795605,0.0653546775437854,0.015197353430709644,0.003953413187151578,38323,16183,4
11,241,0,66,22,28,357316,165173,0.22054311848305544,0.09722733825358372,0.012474818956475626,0.0034826486213493913,41890,11845,2
11,242,0,94,26,47,450821,151339,0.6663016856335521,0.16988010412947258,0.018204062277234152,0.0031179923200744483,36170,22387,4
11,243,0,63,32,54,355399,140154,0.06765455908590803,0.03936982192253191,0.009628585954066606,0.003350540475283679,40164,18118,12
11,244,0,76,36,46,324893,249102,0.6631275092747039,0.1710993779378496,0.018097031390793713,0.0035046527701483293,17616,20272,6
11,245,0,63,55,45,543338,155249,0.43277524487606,0.10442427277998187,0.027265202243722347,0.004490365777661142,29545,30532,3
11,246,0,70,41,51,87205,232101,0.12677623875708263,0.056888626671775515,0.008641622766573554,0.003951561098688081,18491,12139,4
11,247,0,74,47,53,520070,174823,0.5434409024060436,0.19025395798404762,0.017335974528805857,0.002982740403998483,38036,7833,9
11,248,0,63,42,28,474193,162445,0.24646221441348173,0.07343087317103383,0.01440398123760976,0.004706057406034954,38972,11075,4
11,249,0,60,23,16,285155,183486,0.1881656865597025,0.05429739870489033,0.021951114445076827,0.00297824605784198,20101,15331,1
11,250,0,79,40,44,229295,289595,0.30906348889379703,0.10675103717364649,0.018641693250261184,0.00287738321059333,24005,16961,1
11,251,0,62,41,53,234170,351884,0.18464723119569554,0.058845618542812894,0.01477862712410011,0.0053928626309416704,20363,15926,0
11,252,0,62,51,16,271147,181675,0.11892053153735926,0.03554216350211878,0.013109010975757925,0.0034672713283928638,32254,12763,0
11,253,0,60,23,41,419635,177091,0.3996359908296262,0.09470193491191051,0.018752168599309532,0.003738520462218728,28991,17066,1
11,254,0,73,9,56,53322,247750,0.6054222198844588,0.09818882542342654,0.01282957946156783,0.0033832446147030026,30382,20709,12
11,255,0,89,42,38,500973,207634,0.18608078185360932,0.053707121254883056,0.013255374983113475,0.003680843568358249,26732,11236,6
11,256,0,97,45,62,299906,167334,0.9993116752708182,0.24146296660240948,0.01579334928581095,0.003664936467687334,48328,10349,4
11,257,0,64,37,60,417679,224539,0.14111706236260255,0.05441382614886835,0.013099404324073628,0.0034249684154010673,39598,24821,14
11,258,0,100,40,37,177039,238376,0.42282514756909345,0.1182060716998397,0.02668479047570465,0.0037883498343518414,28562,9372,4
11,259,0,59,53,34,372364,187999,0.8579924088174402,0.1712464552072098,0.015588690280676646,0.0036094988705201655,14698,19234,0
11,260,0,91,33,34,338673,189396,0.09441688749397457,0.03719466976310508,0.00870781274019937,0.0024269886073130763,13051,14016,7
11,261,0,64,35,42,356401,285748,0.3048615870185357,0.09575498170567794,0.014732403958523713,0.0033316072009962052,13819,22429,0
11,262,0,61,41,22,230819,158957,0.4304260779239906,0.06652534931400736,0.018175446664123143,0.004095210804442871,34381,13552,13
11,263,0,63,21,19,261734,172998,0.06546925873063159,0.04916900272440777,0.011241410530284435,0.005158675826505638,28359,16987,9
11,264,0,74,37,5,176493,176872,0.6631517959148749,0.14163511665996079,0.02694652521004121,0.003338505475074453,42318,8433,4
11,265,0,83,39,39,376409,284952,0.3034824524349086,0.2604655313370697,0.03797446077771171,0.004659958741188547,37168,11609,10
11,266,0,85,64,70,434255,101166,0.2578494101484548,0.0803200538296753,0.02014144826469328,0.0037395322459447965,7703,16231,7
11,267,0,60,35,10,328231,241120,0.4966649393118367,0.21806689577960173,0.014446048026588503,0.003129890641732288,21786,11668,1
11,268,0,60,43,37,32064,198525,0.09722019712143891,0.03306236526355609,0.014598440006549968,0.004159219458853325,13216,8570,14
11,269,0,61,53,36,435671,290674,0.2485978911031025,0.09526486794236935,0.0274634937862808,0.004618589126528766,25979,25621,5
11,270,0,73,27,37,311913,217781,0.7402551523276314,0.18873377379984702,0.014625836348309412,0.004223706555146454,33104,14899,3
11,271,0,71,60,58,34560,92430,0.08948719537012223,0.05029531598470968,0.01639939107052162,0.004018513337006555,30753,20729,5
11,272,0,60,66,26,129672,280574,0.6039898420922157,0.24643338963420125,0.019137958570104464,0.003782177959544177,29823,24534,1
11,273,0,79,39,10,194633,188199,0.3512774464393798,0.06208833984129588,0.014152284830046689,0.003584326372009247,18265,12386,13
11,274,0,100,31,31,299959,97965,0.10316296664219844,0.06588942116025538,0.013508054351897636,0.004152263958496422,53105,14573,14
11,275,0,67,64,29,197850,179728,0.5150708657471819,0.10278589875970694,0.024657519926007423,0.003990316050563045,31525,15384,6
11,276,0,68,51,6,211005,201805,0.4575632744890612,0.12513193376416062,0.01952918250763254,0.003316999534572756,45719,17356,0
11,277,0,83,41,43,391392,147542,0.18338040028366548,0.05776982677666367,0.0105705097218594,0.004020250751399396,38170,20585,1
11,278,0,66,61,22,418738,123430,0.5421952589696045,0.13518223575151178,0.024685385500597876,0.004346063539540587,36095,19880,5
11,279,0,85,59,38,394948,214829,0.12261102979053805,0.0339283826610744,0.010436682456486896,0.004666376131030024,36105,18597,4
11,280,0,64,34,34,136400,137809,0.15090267509940516,0.07750914409039741,0.015423352461056325,0.0028280195382303407,24448,13393,5
11,281,0,100,43,23,394300,148702,0.8504950558675587,0.18767855665679195,0.02271191675826816,0.0037335217849653653,24098,14959,0
11,282,0,80,48,53,252109,267866,0.14098790138835623,0.06253337450537258,0.013854155451181021,0.004136840194207191,28998,8733,0
11,283,0,65,40,35,496255,183472,0.7703208142825523,0.2608772865374492,0.028109719383857607,0.0051709928605002935,28372,18562,14
11,284,0,66,19,40,326027,139139,0.2559783533345812,0.06395740064148617,0.013366468920445749,0.003213070917326987,5478,26555,5
11,285,0,67,25,48,421639,155220,0.12213486516400644,0.07714937332137228,0.011465800398456367,0.0030180895328236782,29843,16311,10
11,286,0,95,19,44,355614,219310,0.5683901969183804,0.17593859031446446,0.023576948744555078,0.003577941994302842,35709,21984,12
11,287,0,55,47,42,343283,221095,0.4012476034808655,0.11765787051764774,0.01409066485380359,0.00281419791055853,16975,19190,12
11,288,0,64,22,27,263190,233285,0.1346766336452632,0.045362088788231204,0.01003205147490353,0.004450868480833145,19305,12275,11
11,289,0,66,42,23,420745,240213,0.9137969153629003,0.16945769855137463,0.02503041670920502,0.004088017118331956,30650,10575,2
11,290,0,74,67,42,393099,216676,0.2666059267063607,0.07840884945903798,0.016876561893742016,0.004476342737559582,34111,9309,13
11,291,0,70,61,25,266893,230401,0.24799418006264318,0.07803936830547849,0.013685684122094538,0.003787966884245779,28328,15604,6
11,292,0,52,12,51,255964,176219,0.41657035738524134,0.2103016000792796,0.016992122544405398,0.005067360559007461,33455,17782,10
11,293,0,69,20,38,228755,144108,0.0923674762537328,0.05624482490989283,0.02749112489063653,0.004807549014648859,31329,18043,3
11,294,0,73,28,49,381755,267898,0.4369068959957274,0.1251582490482587,0.027247523517139872,0.003120249827670178,26153,9319,9
11,295,0,65,22,25,323634,244012,0.5189454873247709,0.20084646769472678,0.029206592107451617,0.0033763127944012898,29645,21166,11
11,296,0,85,15,22,328766,185928,0.17046257716630175,0.039365920970729905,0.01728327442883039,0.003160983450238071,29687,12228,11
11,297,0,88,39,65,263949,166781,0.7255437509279821,0.19992039154274352,0.027284362323656875,0.0037434853896809914,30225,15615,14
11,298,0,73,50,37,445779,314306,0.3951071570129462,0.12247709670065454,0.016513125212367065,0.0035047796613161017,28509,11787,6
11,299,0,78,54,53,151109,154775,0.17718116085600993,0.05653478637075519,0.014860057445376856,0.003152324179084137,33409,9084,4
11,0,1,39,67,100,745384,407671,0.9685722290571562,0.1279237523666409,0.009406299985166842,0.004816353507963943,8621,7782,12
11,1,1,30,80,75,727198,583350,0.10355524365977174,0.03529925212744742,0.009112504271078002,0.003907224817142162,3238,6368,6
11,2,1,34,93,98,1113901,447426,0.34574901182779133,0.09286738036366975,0.008104911478859958,0.004405453009276095,21439,4172,9
11,3,1,25,61,30,975360,705943,0.41959022577361815,0.08426224551592108,0.008542840520923993,0.002912504092664693,12854,3794,2
11,4,1,26,55,102,910845,348688,0.11718608887106974,0.03642959338133434,0.011744315186315617,0.004909986566353088,15582,7923,7
11,5,1,32,51,54,961162,424264,0.5997023008280086,0.09434456777256224,0.011175137128547778,0.005632926357438101,5575,6038,6
11,6,1,18,93,58,583345,297071,0.41225061178785066,0.11250367332608498,0.04184339616787329,0.016881368402055588,7754,4155,4
11,7,1,26,54,65,948342,796485,0.43648422479687626,0.1608067830456699,0.021122291645326946,0.00979557993112327,20210,7324,2
11,8,1,21,69,101,760189,377309,0.23048925517908678,0.05440901319722199,0.01460577918239251,0.00608420491915868,15120,8807,9
11,9,1,21,55,62,872184,576005,0.4300385228857743,0.16923467348559945,0.012835317625599873,0.005153670710583176,12107,3844,9
11,10,1,8,48,66,896910,572703,0.49404291476522105,0.09916353795259114,0.010292491892446158,0.003659249008932649,16718,4164,4
11,11,1,43,65,60,577898,409399,0.09413949106081407,0.03554104609019685,0.005501879080770149,0.00413308473148908,19805,4555,0
11,12,1,23,55,85,918764,577303,0.4243543394894948,0.06157614738599531,0.010000270826553345,0.004602163428639757,17587,5594,13
11,13,1,41,59,94,762728,393101,0.5156540039395662,0.20220882276197308,0.019890312825233052,0.00386214836636746,15247,4930,7
11,14,1,40,100,114,552015,418644,0.04594071059416629,0.021629896497892022,0.007581375288153499,0.003819691459602394,15729,2080,13
11,15,1,17,76,127,770686,343809,0.434151948524422,0.10968533643976469,0.02009638571751591,0.007161367659827308,8352,3169,5
11,16,1,19,83,93,804005,566965,0.08108725653269587,0.05319520395446977,0.005906823710215231,0.0040209997818126675,10978,5254,3
11,17,1,55,82,87,918726,304114,0.40536895165559594,0.08855561791118799,0.01042512129950843,0.005264632873688595,13403,8019,10
11,18,1,47,68,55,322341,539345,0.43701147930162004,0.07915644968697043,0.010891468869273129,0.0035701357050031955,11591,5429,3
11,19,1,29,63,118,877627,487639,0.10879920675759833,0.0352545750794747,0.007178578660834249,0.0034192850258015343,12515,6854,14
11,20,1,32,73,84,697627,674302,0.3383508256459022,0.14412550607505029,0.020825646763765943,0.003386243256000106,9294,5683,9
11,21,1,23,72,74,961974,503261,0.16677144000219568,0.05177064924010328,0.00929916196048512,0.004534255989827401,1000,4679,0
11,22,1,34,61,87,799626,584796,0.2552871812612186,0.05231973356171972,0.016450847648381766,0.005263629619737278,13382,3249,10
11,23,1,22,71,67,733323,551133,0.3369804192353538,0.0653504050756286,0.015193550812855868,0.005357684823118785,10540,5749,0
11,24,1,9,59,33,764499,489680,0.35085738971939257,0.08647604546733736,0.008645725966722986,0.003981221721911868,10634,7463,7
11,25,1,16,67,91,866681,611492,0.6113632951387409,0.513660058389734,0.14504125971649243,0.005057400837187865,21005,2466,10
11,26,1,30,64,106,981581,537989,9.931207545174265,3.697644816654901,0.9363639875243007,0.23800758788475013,11783,6143,5
11,27,1,18,50,91,621777,589869,29.846638706578638,11.927605508697045,3.8952391818835945,0.5781464417440992,5975,3885,3
11,28,1,29,34,79,731268,407222,117.80648004564011,74.35791121085143,20.459738568253588,12.203225461967918,13439,5704,2
11,29,1,19,55,80,1093869,552827,49.3671249605514,12.79148806694861,5.889129623543076,2.5240916228736916,10427,3518,0
11,30,1,22,97,83,727777,580175,0.8436039274160105,0.301970796086315,0.04758978465251969,0.0063216758798437965,15580,5290,8
11,31,1,38,65,82,873449,391099,1.0525180394246023,0.5053950406709866,0.11073188885799319,0.06471244776463822,7016,3106,9
11,32,1,32,81,78,553161,492612,0.3182642469890126,0.08247444298887642,0.011473153545389768,0.004698897645884649,5925,6939,2
11,33,1,29,38,80,457098,326166,0.37993402751227173,0.1061628187456527,0.025929522027629257,0.004119217142715751,7300,5110,13
11,34,1,38,54,111,591959,341300,0.096573895582495,0.04249093165691264,0.009652600902932863,0.00624576713094472,1354,8577,6
11,35,1,34,49,89,662021,494012,0.2362050266227532,0.09586135936791688,0.018463827500325315,0.006294654205304433,7811,5610,3
11,36,1,44,66,82,1007982,680023,0.4329896884958142,0.12976548837728882,0.00952843925540498,0.00418051786806834,17948,3002,12
11,37,1,25,100,93,1029905,687754,0.20568709576892094,0.05716899372897655,0.007975216994345814,0.0037989403994647176,6366,1821,7
11,38,1,25,76,93,414935,469508,0.544667999552831,0.11675285213547833,0.015079991320844265,0.0046283453854945545,3215,7841,10
11,39,1,16,95,98,691750,404852,0.9955730716333614,0.4290811325281232,0.048393295903603334,0.0033915027221225625,7359,3804,7
11,40,1,25,66,64,939557,592714,9.24598762742182,8.608366462722795,20.3681612858625,3.821675136556849,11101,3027,4
11,41,1,39,90,70,778929,299644,2.3264239337508372,0.7367811262545637,0.20735831969360746,0.006855384641170145,6269,7688,12
11,42,1,42,100,63,1100911,459682,3.21845270080032,1.9175689494795614,0.5088029087477517,0.15468318455748303,10358,4130,13
11,43,1,39,68,95,934700,425182,40.08147431312044,18.61331398958707,14.489217015046567,5.457816676718594,11256,6825,13
11,44,1,12,61,94,746462,491368,15.711380765344156,8.39701272091706,2.7293952504539067,0.5875034861071577,10008,5705,9
11,45,1,40,50,54,764266,637531,61.81330314122773,23.852137216940896,3.53396503473702,0.9690683898507247,9553,1169,2
11,46,1,11,65,87,788642,241170,236.61948571851747,128.4742348347218,12.90042098407667,2.752202235241259,18818,6280,4
11,47,1,38,71,107,630808,531035,10.114929733252776,3.0275448032650525,1.218122849351746,0.5104606310336537,10883,3054,1
11,48,1,26,100,75,987842,534323,0.5055645287250132,0.2224333449814146,0.0251525352455624,0.0041337314584916325,6045,2533,13
11,49,1,37,50,86,948485,493901,0.358929764604487,0.10042563456137354,0.021462502690087672,0.005352652210825138,13773,1000,13
11,50,1,16,70,94,890854,529137,0.7399596224218227,0.5385849693196947,0.021631885934047888,0.0038270334043536644,9699,2689,9
11,51,1,41,42,53,848514,551426,8.624046014518752,3.41708513293525,1.6272177739201605,0.42724714712672135,10357,4285,13
11,52,1,15,63,83,596360,515833,0.7403269195696666,0.2441827668572392,0.018274153449002618,0.004175459392290376,15067,5158,12
11,53,1,23,74,105,900838,296499,1.0854445068807512,0.3246683349304637,0.03920421064993216,0.005952205634570992,16707,5301,5
11,54,1,20,77,68,825820,411080,0.3180600373075216,0.1380738084496336,0.010349302946366492,0.0037810096788585567,4304,6766,11
11,55,1,12,78,96,1200453,659759,0.4065492659540902,0.09230898691271791,0.009447955629334879,0.005186753117768089,18659,1597,11
11,56,1,30,75,80,541341,383296,0.3590781931890208,0.17086361180715437,0.015154793741373539,0.004220776166607278,9676,1000,14
11,57,1,48,78,66,655340,508061,0.6634573293386096,0.10181315422681038,0.0061459107508656866,0.0041710056156749565,9710,9963,6
11,58,1,56,70,78,482671,427867,0.12956519298643124,0.06670142847953499,0.02441520222415194,0.005731464375450571,4950,4885,13
11,59,1,30,54,69,756396,559480,0.38395987230628553,0.09710136062140466,0.012929823582603871,0.005562996393222019,13733,6068,12
11,60,1,41,42,62,451820,479735,0.5674030501033247,0.12622699740361792,0.014849615711078153,0.004112025648314263,2891,2121,5
11,61,1,32,61,74,1037100,565473,0.07179341792784508,0.03399676103708114,0.013595339460039286,0.004205045188013847,12691,6363,8
11,62,1,34,67,81,1018447,538303,0.32526396438429805,0.06962423122490252,0.00793670296334006,0.004202524927602953,18256,7096,10
11,63,1,26,88,76,768073,461022,0.3794592403530817,0.10120204345198527,0.02162788426544036,0.004696695941027028,8426,1181,4
11,64,1,31,68,74,597255,277090,0.11954367099571234,0.02711386592317029,0.009143608688369918,0.005538518016318459,15409,5976,10
11,65,1,35,67,84,495179,413360,0.5631235106017854,0.1117007555311332,0.011665698806292412,0.006254701441628345,10409,5940,14
11,66,1,24,75,90,659227,379370,0.40935325295733505,0.0899017605892905,0.012437582925095905,0.005556632362310603,3039,1000,7
11,67,1,29,65,57,925074,378616,0.12591057082327664,0.03515948518377856,0.0074855225669160285,0.0036725904886384555,10598,5364,8
11,68,1,29,82,74,642589,550352,0.9879110580927387,0.16652146643059618,0.01562584581317933,0.005500112144639901,9073,3695,14
11,69,1,38,99,40,1181715,702461,0.42510979949392297,0.15759909533969052,0.012281091148410696,0.004139628107962074,14482,5921,11
11,70,1,19,100,76,1098139,253482,0.26120157718282094,0.0961032370003136,0.013049190839416844,0.003739502185120627,8183,6397,9
11,71,1,29,71,83,800164,349374,0.2849838315441899,0.09871703616029133,0.013696682694455608,0.0049981005053092884,12494,5937,5
11,72,1,49,75,91,707626,523209,0.38368584109830894,0.10668809340574648,0.01890168082187355,0.00785369896691193,4721,4386,4
11,73,1,41,93,83,686160,474658,0.5596594676505963,0.2521089670249345,0.024863280757832795,0.0035013047985156635,12147,4134,3
11,74,1,43,67,90,1119675,545331,0.1300175996092319,0.049924876027842686,0.00879764126893089,0.0036141813202455533,10118,5423,2
11,75,1,30,80,81,668660,495321,0.2843796419626438,0.09514476140651493,0.009203188785391461,0.005546656553051351,9362,4482,6
11,76,1,33,52,66,986873,631754,0.6141427051046928,0.11061790702782853,0.014055841980254866,0.00533496592688067,10155,2042,9
11,77,1,40,65,57,804358,557033,1.0102886093957688,0.3507883350614933,0.11885627834955327,0.06299548242131356,8538,5388,10
11,78,1,45,87,74,942712,587695,0.48614815863162275,0.7098895418908641,0.42109060892319294,0.02502157785523821,10707,4635,1
11,79,1,10,59,64,635920,601794,84.17704825454955,32.82016527785927,8.298948705513777,0.7467433982731622,9014,4631,14
11,80,1,16,68,77,733416,380738,0.5010881943096478,0.12332869047349139,0.03024174321868044,0.004129047944784376,5133,4285,2
11,81,1,43,46,70,795163,558717,0.06079563189861237,0.03974844240633226,0.006242748195362723,0.005789277733969483,3518,4603,9
11,82,1,27,100,88,673726,564285,0.4016889064339861,0.07468105923115903,0.01446496013831461,0.004430431454277344,7528,3698,2
11,83,1,23,88,80,1049844,465831,0.2921254254012362,0.08087662437156552,0.011784414458317589,0.004383989854848721,8414,6713,9
11,84,1,17,72,88,647138,465193,0.08905000083780681,0.04575477769816028,0.010325952418202848,0.003987118081126059,1000,4127,13
11,85,1,24,77,88,684593,467993,0.2628503764866176,0.04997905960499392,0.00871892798509585,0.004448135076861678,10096,5160,12
11,86,1,15,75,76,1071740,412055,0.4780287789218061,0.12358118408034864,0.010183341463093765,0.004950186054612023,21014,3585,1
11,87,1,50,90,77,1032985,361957,0.32218143977318353,0.07798756597775053,0.008486478450898676,0.0049264968150224105,13449,2810,1
11,88,1,29,62,90,1117595,714561,0.1974840278070735,0.03797085172008218,0.010334787545231648,0.006236530695041821,9142,4772,13
11,89,1,29,80,128,418345,608013,0.5836776499036879,0.12705511609524717,0.01814789257739912,0.005444187429781054,5923,6353,12
11,90,1,35,86,60,840144,502596,0.37358969153546445,0.09051070112265704,0.015988757236127474,0.006538433250350351,1509,7073,4
11,91,1,39,88,80,818056,353257,0.32652373836868553,0.09766056546947942,0.011048268059938256,0.0051410237914766,14442,6430,7
11,92,1,39,36,56,687653,554579,0.7195003648704401,0.16290523724220898,0.009661287597182763,0.0034244621812727877,12127,3111,12
11,93,1,40,61,79,864891,463585,0.6968470242859334,0.11721627936956164,0.010262978765114695,0.004137964275382576,3825,5110,10
11,94,1,23,54,66,735711,484338,0.15507566546338003,0.07423673958849784,0.014975269355297655,0.007508730099728513,14816,4832,1
11,95,1,27,72,77,832398,724785,0.20558653530329313,0.09280880430449899,0.02065911070217659,0.008658903722552198,14197,6454,5
11,96,1,37,39,83,1480375,689793,0.5460201426406547,0.11942937711208482,0.020134846738749178,0.005316682042466166,6643,6018,11
11,97,1,24,39,70,863426,263494,0.43861747897376724,0.18313758938036842,0.03476940606055127,0.005271880871133184,8540,3749,12
11,98,1,29,100,44,871826,536531,0.1349001217004591,0.07031947925878378,0.011109061931913175,0.005277070381176077,11249,5695,10
11,99,1,33,79,108,964243,516557,0.24282281861179852,0.06006731233037056,0.015039297965950204,0.006418793098061897,12764,6142,10
11,100,1,37,71,96,836128,535515,0.4878314300272582,0.15850201936256336,0.01827013861523375,0.007665712521058941,4526,5657,5
11,101,1,12,75,77,580393,444218,0.341771661042032,0.07479773811470154,0.037596098903250254,0.005890958072687259,12834,4926,9
11,102,1,37,72,62,470657,500289,0.5974300493893676,0.17091583393467183,0.043535931363034915,0.010132005195984712,10296,3686,14
11,103,1,27,84,81,794141,390610,2.042466945520835,1.4245571801312087,0.4324176233127174,0.2260442697650059,15554,4196,14
11,104,1,37,60,87,746177,603750,72.90470321192107,17.67303642927989,11.782116986705743,2.4032486220652527,13813,9328,12
11,105,1,37,72,95,407279,600694,84.40849474852003,20.506489716391258,10.991404247116911,2.5906983283539606,10289,2631,1
11,106,1,46,73,97,1125878,664098,10.343573988101454,4.491689600939887,1.271919117668726,0.9112625255698915,14584,8763,0
11,107,1,43,54,101,821400,422627,12.374376398940287,6.296959348283176,1.6745039314789483,0.4290376179552348,2452,8749,4
11,108,1,43,89,45,1087887,526968,0.8216048477572693,0.4455668200525106,0.09185865527584537,0.05434616524355544,8128,2399,11
11,109,1,44,63,73,353627,704343,9.935103411345436,4.465108337350794,0.5975354162828287,0.3147646051114951,5136,3755,2
11,110,1,32,85,99,1091697,432467,5.430729905896563,2.3132124861621524,0.42076950832666865,0.2831994599937675,7222,4384,2
11,111,1,30,71,61,702958,399059,2.3599889326162518,1.587673898971945,0.6987858292421314,0.29060812517191065,7162,3768,4
11,112,1,38,94,104,1051831,530030,17.770561302284126,17.256795940862318,9.413598627297219,3.7007382628868557,3686,3788,8
11,113,1,37,54,116,842973,616511,53.82478002533317,27.75001140492682,5.068517122487882,2.7946066738542537,14763,6393,11
11,114,1,26,53,103,890651,433289,180.65600660796346,37.337319704716954,12.57750387310372,4.912689663086969,13754,5511,5
11,115,1,34,56,93,890903,693285,20.735117978878968,12.928730825787026,3.7707771130848937,2.95806004190681,6965,6100,2
11,116,1,29,71,71,714972,408424,0.3030496007551648,0.07636225967299262,0.016649030695113552,0.006187013313818412,1000,4692,7
11,117,1,21,93,85,670697,565817,0.5202235893673799,0.14512907848346787,0.019618484536059667,0.005558277764277909,7474,4553,7
11,118,1,42,93,53,727767,432333,0.38309837283076537,0.06688998151478676,0.012666355457086914,0.005166842754026623,9756,3502,9
11,119,1,30,35,64,505618,453407,0.15949545622225905,0.04325822242548309,0.009531437125272157,0.006142755613430153,16784,5958,1
11,120,1,50,73,65,703857,582262,0.41428444297025857,0.10673831143517976,0.015557368409368178,0.004196320982355257,7180,7038,1
11,121,1,13,21,81,660641,479078,0.42313685016665814,0.09918019561174027,0.008476331628848113,0.005603727439191114,14891,2705,7
11,122,1,24,81,72,500818,348086,0.27252314695988294,0.06470149940778912,0.012491297435242008,0.006360072754271388,7475,6571,2
11,123,1,30,86,85,891733,420134,0.21903177554537254,0.032302275244874,0.006823639272820231,0.003837704155344396,12843,5549,1
11,124,1,41,69,97,801543,572169,0.39554606083994354,0.12079270853732856,0.01065822230014566,0.005967414020133154,14038,2686,10
11,125,1,33,71,65,849208,539747,0.578610987889997,0.08125959231991305,0.017228628630933412,0.005988549259132341,12892,2114,4
11,126,1,33,71,82,939490,572556,1.9747484080744329,0.8996505421870681,0.3178482223479433,0.20101145337139112,5214,4446,9
11,127,1,18,58,71,752427,439732,3.6172777803220235,2.2244729226841935,0.8863247180511475,0.2009745483201398,8182,3966,9
11,128,1,18,76,83,612256,394004,346.171867506276,109.28512395835375,11.14611986691045,2.6275147553316907,12935,7085,10
11,129,1,33,66,93,860788,418119,26.508991986949116,7.591274277834004,1.5069909101328727,1.2308454075780613,2099,4217,13
11,130,1,16,83,98,215560,424964,0.27211526898882266,0.08227002628332195,0.014543552573790369,0.0037466183531475123,13948,3916,10
11,131,1,24,68,93,778380,495316,1.588247568569427,0.6463322874638245,0.1513675844079103,0.06802574918205057,3936,4115,10
11,132,1,35,57,88,953033,381602,26.724907988869703,10.090599143385955,3.7255266276424153,1.2914892683189252,3240,4529,3
11,133,1,20,46,51,1009385,606541,5.59682540026679,4.186157840337002,0.5104899401671089,0.06176106475126584,7336,5558,12
11,134,1,46,42,58,694111,551574,195.4611357041656,85.30869737705383,31.644478990724156,5.374651342523018,6574,7131,9
11,135,1,42,89,63,351722,413536,343.20757984396977,68.5138390583642,26.037449794286832,15.12086391262943,10909,2533,2
11,136,1,14,63,87,273346,480141,83.33741833297312,56.65845116519277,11.290845745689523,6.866249142459359,11336,5792,2
11,137,1,20,75,54,927610,411328,6.434583757501205,2.885583361418993,0.8561070328479816,0.7455614473175771,10351,2323,6
11,138,1,7,96,86,729203,485068,67.68671650318393,33.620437474144026,14.71788333676139,2.373406190341288,5084,7091,7
11,139,1,22,61,85,1203459,416517,530.4510756877651,65.4191513351897,14.510441131399075,2.173931045064821,16044,1890,10
11,140,1,37,60,41,517779,714233,11.342116784782577,12.634368205592775,2.9823901300581213,0.8951303063036741,10322,7448,9
11,141,1,25,68,58,868467,340922,152.23038988384715,62.68188605261783,7.848555665537306,2.0463152787240126,14652,6887,2
11,142,1,34,70,100,1132470,373044,188.3714512170179,62.76135385809952,7.6682208838767485,2.1176775575437676,1000,3430,11
11,143,1,14,98,93,841292,476220,58.97298064231756,47.22848293553499,14.077504346186947,2.696985022581555,12675,3931,11
11,144,1,37,93,62,481612,509373,84.10659257415055,36.57427978470263,18.551452831662985,4.324969109573081,7135,1208,10
11,145,1,24,79,59,1354522,510013,31.81848021959033,12.54580958943772,6.365546608417654,2.7203218636043247,13795,1477,4
11,146,1,30,91,30,1116117,591777,81.6239634232191,25.273021161037448,5.148906480849453,1.9972822608039813,18930,4401,11
11,147,1,29,67,109,754550,544250,216.66911160602587,83.66350217622285,20.42415411186039,4.727961928180438,4159,5382,1
11,148,1,17,74,80,963790,407829,100.7007141627893,15.3834076293858,12.425943957007101,4.826105446273547,14291,7080,8
11,149,1,18,65,117,965932,606212,180.90282110803392,46.94417452157949,8.365615621753129,6.710234607200197,7005,4436,14
11,150,1,39,50,76,928354,562826,60.81564157883406,31.97590319431635,14.109260243837662,4.907121819061715,1000,4730,8
11,151,1,33,88,85,523651,638684,240.34003601930792,49.2018173230289,3.3676008035327105,2.1596689544166776,14635,2485,3
11,152,1,40,77,97,864831,505136,0.5497102585448996,0.07782522658750238,0.021478401761956215,0.00556064002738988,19097,4706,14
11,153,1,33,70,112,1092143,609010,0.28831474252088257,0.08476550745101487,0.01234298625917555,0.007115440348244943,20555,5193,4
11,154,1,31,69,90,900905,227733,0.07072881343072622,0.03601004635697113,0.016140461280530524,0.006496131260396483,11503,6174,11
11,155,1,12,47,80,879430,451434,1.4600595814697652,0.840142895734425,0.02832132368497256,0.004997073396630117,2778,4906,1
11,156,1,27,55,80,692635,408736,40.35711118950471,19.07812503266927,2.3002432411746137,0.3965619469972553,8963,6878,4
11,157,1,29,75,59,619204,570187,305.208016420064,103.75098746092608,20.22423924403559,13.15716137808717,9453,5042,1
11,158,1,49,62,72,485496,426042,371.97823635284374,71.4589239321217,12.459992844301466,3.517502277010286,15481,4729,10
11,159,1,36,66,81,951492,597562,443.6370661039155,90.37816249429129,19.122022577717185,7.701392398432633,9877,6599,6
11,160,1,45,68,107,755823,578738,482.20607653379034,102.73771634925636,33.66786083345186,7.031560670491739,1000,6613,2
11,161,1,35,59,71,531724,439260,519.1002274572797,137.70941843664502,43.01587067986104,6.353298878769723,13152,4355,2
11,162,1,22,55,101,995281,523875,258.79909195470424,48.13065504420038,13.479564546656084,6.052188557129019,10359,8602,10
11,163,1,31,45,78,682617,478554,190.89500049760676,80.34038405517595,36.33140131782935,17.211900026806582,14519,5524,2
11,164,1,32,67,104,628427,511635,188.85789402976025,144.98863516902736,20.02117478228429,7.31047576480703,11242,5226,6
11,165,1,20,79,93,700750,574964,319.07498835518976,162.9062256025125,33.809759613730584,7.688977593568487,13444,4372,12
11,166,1,26,45,92,761382,467405,54.344693976080364,16.464362920729325,10.3459173156086,2.9332833901319026,10073,5895,9
11,167,1,27,69,99,891604,334391,86.62088052574147,24.760114525539,8.093770349545487,1.7471849014189376,11418,6742,4
11,168,1,46,74,96,624937,559560,74.38734164371003,19.23101923330499,5.743895293138347,2.6839455267124417,5392,5186,13
11,169,1,9,55,101,1002074,607246,113.1643048325371,37.64596543875258,17.40458918953534,6.7756886308137085,11771,5435,3
11,170,1,42,91,122,896845,330025,112.88626289010284,96.96970716586414,42.65382491465119,10.706025497779471,9074,2764,4
11,171,1,20,64,112,697067,496345,40.70992457301345,11.796916481624601,12.100073896544616,4.695706476935391,12449,3325,6
11,172,1,16,68,89,768042,406827,103.18664830412514,51.62872074536551,14.765033469146319,3.5595863920191255,4088,3456,2
11,173,1,41,67,71,715473,612693,52.82839239159611,55.863231708465236,16.166826772199332,7.4104279940519096,16995,5494,2
11,174,1,37,43,87,813172,618245,31.310967210929185,7.1629505221618395,6.461631121091249,4.357446041615198,11241,2736,6
11,175,1,42,85,41,1103974,419031,25.49521334685394,14.198445290602596,6.820027319063125,2.385210202936477,13965,1000,14
11,176,1,38,55,96,713412,368438,29.530659306400846,28.065496752430008,6.867460145260494,0.9635065022334983,10023,2205,0
11,177,1,50,66,58,837893,524469,4.465586294516974,2.8985075815354384,0.5828552795267403,0.03957304605182426,13016,6065,12
11,178,1,35,78,102,660283,389086,373.50850149542595,73.15195489874112,37.581986633800106,4.755848858388056,1000,8351,1
11,179,1,28,91,119,906391,585776,24.389523477510394,6.649081662779863,3.2844309955047013,1.5747972024596535,9462,6897,13
11,180,1,33,53,50,855281,486882,28.26719698856677,14.001446612987952,5.908175179735501,2.4791680022745974,6035,2836,7
11,181,1,42,63,78,1065923,660550,220.43352087523377,70.46618026597893,8.396538066851509,5.176914932686181,8200,3286,5
11,182,1,22,90,58,634161,664994,154.7512597789955,77.65787302767241,8.786732836911582,2.894411619190415,15053,3740,8
11,183,1,23,76,45,938115,655204,53.51643811602681,22.32797565989842,5.499095360266335,2.8743273592321,2001,1903,4
11,184,1,26,80,77,1052816,540293,317.3020210155214,87.32859903720984,19.654449474690313,5.3789473146299915,13698,4593,6
11,185,1,8,54,92,712476,405424,456.62403817412746,57.055148733403,41.19292742759255,5.954067024063674,12306,5910,9
11,186,1,31,64,95,774609,351687,231.8904047619585,102.374440858698,14.952543164429459,7.061430383513013,16402,3029,7
11,187,1,11,67,83,838147,559461,260.3358632916524,83.8622659669162,19.669269219230642,5.698111354381111,1000,2605,7
11,188,1,30,57,46,752684,566936,294.3769427451896,92.44917840463475,7.782955079477285,7.478177329969893,12947,6557,14
11,189,1,38,44,82,835463,526202,305.0790151544931,68.3175713174592,16.72558182068399,8.53642117625883,11263,3186,7
11,190,1,25,62,50,934687,367113,199.4219459040186,149.05532896898333,25.487994239657482,13.175598178782645,9734,3416,0
11,191,1,46,90,51,777204,420235,72.55185917312565,17.73576560212567,12.44260136348949,4.743974993259824,17220,1000,0
11,192,1,15,70,60,775640,508332,207.59193040753655,65.16396596041227,15.439985973932833,14.101512098868815,1000,6838,8
11,193,1,41,90,100,853332,438686,107.151301799191,54.54923980664094,19.96531877442175,10.418885409029125,10625,7631,4
11,194,1,36,72,90,720166,422411,174.30641578559744,75.19523534913202,12.862482766635203,6.815799626384092,15112,4346,7
11,195,1,12,58,86,730057,403346,93.21759819976899,22.829546463942616,10.86656353226976,3.499636177661709,1872,4869,0
11,196,1,57,89,62,620227,486468,2.5472413066894077,0.9968733651086457,0.4507314382355052,0.1389499873280314,12972,5958,10
11,197,1,29,73,72,791571,479254,169.428980183592,46.992054317226405,9.045825645936837,0.4726919991072437,11626,6319,12
11,198,1,21,84,52,889549,417335,0.27712676236383277,0.09097019506082395,0.013354938861793132,0.004706702577832149,1000,4838,8
11,199,1,15,53,107,746172,501025,0.1256172293046422,0.03759813934111621,0.007720409128967156,0.003897885800686047,15484,3826,3
11,200,1,27,85,123,645297,524943,0.7133206187985599,0.11493467639873749,0.01378636450927184,0.005921033012512951,5540,4679,9
11,201,1,28,86,91,780756,535295,0.08436291621998955,0.022117767368459742,0.00854810708021451,0.004031952676738619,17892,4224,6
11,202,1,31,74,94,879417,404257,0.32314337355802675,0.06918628787822761,0.00990705024001874,0.004746776678528476,12870,5473,1
11,203,1,27,57,76,825593,469287,0.2987642363037296,0.08053669398504941,0.006103090819434378,0.004462386594497375,11498,2833,5
11,204,1,36,69,47,1245909,501604,0.07948724123464296,0.029836486172322187,0.007157103352374487,0.0053989234373556265,15063,7333,8
11,205,1,26,79,63,668716,512517,1.1077695666080163,0.08341921587472098,0.020584836761332218,0.004816979908958504,14471,8942,11
11,206,1,10,73,70,769936,366500,35.40477548912919,17.3719889354448,2.0349238432559993,0.2632237564594108,1000,3552,9
11,207,1,28,79,72,955859,465878,4.354985705992539,1.5321933610509897,0.2561410068496882,0.0301416298810682,1475,3430,13
11,208,1,6,85,67,661064,559271,269.7974846266649,58.347461359792206,5.317148145181652,1.4086665184845133,9282,3297,11
11,209,1,33,60,80,1185643,440613,260.46164157785785,123.37717809329392,27.193205017667232,3.8019097602094685,4628,4049,2
11,210,1,20,52,62,800923,535565,387.69009618809645,61.67336385420904,12.397369529772188,3.782934549538402,18298,8486,7
11,211,1,31,69,123,912228,501460,333.36850121794185,89.83593614361423,13.925003793025484,8.26705913614522,5046,3848,4
11,212,1,43,65,52,803802,454009,300.2260580808196,65.22708805235857,16.272732635854254,6.412073117712026,10460,5255,11
11,213,1,20,81,97,1003727,626170,105.714891350713,39.06963303789431,9.85377632565355,2.848272882856132,12915,4061,8
11,214,1,40,53,74,587431,469732,348.8605482397018,188.4206492999327,20.03712832044895,5.089087450977573,22221,1000,6
11,215,1,25,85,89,1114369,478960,6.397599133394674,3.4781687452581185,0.6005659430139115,0.700331583162787,15746,3888,8
11,216,1,47,90,90,846343,451522,0.3184678539475354,0.06790558266604428,0.01712828702894551,0.0038652020758635245,6694,4905,0
11,217,1,26,70,83,931691,648047,0.123762120983131,0.04542252955474345,0.007499356254567666,0.006048321613212866,12623,8042,3
11,218,1,21,70,57,652324,639073,0.7095400609491276,0.15851212520122843,0.00896860101183221,0.003862570768782961,13491,1499,1
11,219,1,36,58,73,867448,614677,0.6119181441162507,0.12183285253563218,0.014090436749972741,0.00377168091432522,13109,6888,4
11,220,1,25,61,83,606402,586947,0.12341904932538289,0.02036010412622045,0.005178871745237656,0.004334330746878229,5097,5450,14
11,221,1,21,63,82,1035128,411580,0.3123192973099838,0.10648791641489552,0.017516305704433303,0.003907988924425921,20158,4796,11
11,222,1,25,91,59,542038,455019,0.29475774230107465,0.06863583395283834,0.015314410601664245,0.0035530031375967143,3879,2908,1
11,223,1,29,68,105,830834,422932,0.16135228478618954,0.045008464026704616,0.00796078955023794,0.003992485910797475,13401,7451,10
11,224,1,43,50,30,722314,603032,0.624565108557462,0.15902264457628773,0.011445829613219109,0.005109614628189499,5588,5662,2
11,225,1,10,73,74,487474,733558,0.34507410779368597,0.08351281271100754,0.012053731589377333,0.0025743573221207027,11953,4903,13
11,226,1,30,82,61,612928,567926,0.07171132491296485,0.029506284153420458,0.008989510322131885,0.003921013769143402,9020,4785,11
11,227,1,36,69,83,889918,667600,0.6341276416525443,0.19457162701104858,0.026710422881278922,0.00521158002808667,3487,6851,4
11,228,1,31,92,100,620688,545736,0.15555491091405815,0.11459314327319901,0.021706698667504,0.005631883785631394,1000,3274,4
11,229,1,43,81,51,666165,531677,0.081189956951837,0.05567608045806328,0.011162372802927496,0.007934747428421499,14428,7845,9
11,230,1,29,54,127,874668,441989,0.3632643268615915,0.12836229356543294,0.019918708863350187,0.004662621660492027,7203,9379,3
11,231,1,28,61,84,982968,561302,0.35006806041490973,0.05985844931523083,0.006976235995275619,0.004392375269118944,10695,4378,5
11,232,1,35,73,87,932155,591297,0.5274605014052115,0.10149125001135584,0.007610347681103725,0.005380503561089898,19000,7577,12
11,233,1,30,45,51,790684,605371,0.5117253178608672,0.12860864216159631,0.007426886419509375,0.006485376440130464,13118,3817,8
11,234,1,26,75,79,843527,510342,0.2693899944983628,0.052212959813087476,0.007556193329221446,0.003973329854255389,1000,2721,8
11,235,1,35,43,99,823749,519790,0.337388561451449,0.10267598826861316,0.012947466936078561,0.0044502280374906856,3876,3822,14
11,236,1,23,85,84,592728,493899,0.47017264465799824,0.12048391175722593,0.0077967027766196635,0.00543726050696593,1000,5809,7
11,237,1,23,83,82,855887,443539,0.03053792060086725,0.03972459455537337,0.007623470190218927,0.0038620611661278614,5831,4507,5
11,238,1,24,77,78,590948,588123,0.4121662735636455,0.13853840739749468,0.011851252392286496,0.00458832146657803,8645,5794,7
11,239,1,43,59,52,922855,310474,0.26457514237639884,0.06752650652276497,0.013904557244834075,0.004382870587800434,22774,5506,11
11,240,1,1,72,52,827027,332761,0.05090593747862681,0.03896309720949792,0.006044885339033825,0.004241102460199575,15032,4129,13
11,241,1,33,62,103,367159,445303,0.34907419076354385,0.14980379451239698,0.022785244669409663,0.004445156777735058,11782,2531,13
11,242,1,30,54,97,995823,372640,0.11333759760641982,0.028761186565519677,0.007885243900324784,0.004461376161313621,12219,4921,0
11,243,1,13,64,100,695593,608599,0.1789663253679437,0.0570570834962582,0.006961414159991544,0.00444341618700292,12375,2233,10
11,244,1,33,80,63,679039,455727,0.4519200080774455,0.10900766662564099,0.00849794410328608,0.005248372049659951,1238,5124,11
11,245,1,34,70,76,991180,587705,0.14150277300659123,0.03011548519069144,0.005847788868245339,0.004710764245839523,2953,5654,4
11,246,1,35,91,104,767347,630475,0.5123966731365572,0.1886974200017645,0.02881293300017157,0.005438005732985249,12276,1000,8
11,247,1,3,81,55,919482,506136,0.2674783352838692,0.047773043089438395,0.007147236160491422,0.005634220975577703,10024,7522,7
11,248,1,43,79,102,669328,532708,0.3076459786640247,0.07119812974671708,0.005939912752367731,0.003775644458069507,11511,4308,5
11,249,1,22,45,68,960733,622672,0.2768713388755594,0.0642228956436493,0.01304420327038476,0.0043425704594402025,18026,6006,14
11,250,1,36,65,62,839440,599924,0.12186925014293024,0.028402423841087397,0.00964948477618461,0.0044235394950102435,6539,3681,13
11,251,1,37,54,79,880983,292907,0.30095724342980257,0.0878325751276828,0.007702887012309612,0.003990692932986452,8152,4171,10
11,252,1,21,67,57,764295,458775,0.4049730566583674,0.09111686872368757,0.018392890949796476,0.006793970018136275,11233,8199,9
11,253,1,36,59,42,1125953,551260,0.058017960075259174,0.024160739460169903,0.0056310868588415166,0.004771478311481338,1489,2281,11
11,254,1,26,64,81,1174088,521568,0.3214507489068565,0.1004843084326282,0.014649416120131181,0.005351289625128761,2634,3966,12
11,255,1,9,85,90,359256,400742,0.2835591704390389,0.06836785842402802,0.012761915945516436,0.005544655988302325,16815,5089,11
11,256,1,41,77,104,985271,329245,0.07602597966888222,0.03219392715980626,0.005236561693628448,0.004532341230490601,8529,1000,7
11,257,1,22,85,92,584051,561121,0.5502224057039908,0.10588025908520543,0.009032795973184418,0.005224322317605573,7548,3132,14
11,258,1,21,45,119,901935,415660,0.06861382300436542,0.032998553256147166,0.008149100395365481,0.00507860294885421,11206,6616,11
11,259,1,25,70,107,444464,486566,0.699241521187745,0.1385525607402326,0.02038578004127807,0.005048937676541284,1652,2425,11
11,260,1,32,84,94,880647,514473,0.1709885853553427,0.054213219690989814,0.011671499463044313,0.003953382561766209,8466,5305,10
11,261,1,29,92,89,632752,483723,0.396693477994337,0.1240878474997438,0.00913155423017802,0.003409908717115461,7127,5669,13
11,262,1,35,46,104,708235,406824,0.3937882755873429,0.11357831736391473,0.0174498147171285,0.005317229292936021,11836,6004,3
11,263,1,16,64,35,713581,491728,0.07601827342310914,0.03720427082818355,0.008573209994963398,0.004734521545265789,1000,2877,14
11,264,1,22,85,70,653089,445554,0.4020572571793804,0.13963508975670447,0.02085226699874483,0.0038951424208564867,5994,5313,14
11,265,1,28,67,42,658518,665578,0.056951776217240964,0.027541225676539657,0.009735082304313518,0.0054142048411884676,7697,2649,8
11,266,1,48,56,93,720397,521336,0.19742003235444708,0.06318995486579515,0.012149910333110315,0.0039468385800554085,7575,4400,1
11,267,1,28,46,65,769213,756643,0.38845993402655976,0.10951908626483339,0.009527994244556675,0.004626381258788706,15257,6729,13
11,268,1,40,55,140,864626,368158,0.0653221005817827,0.031327512412880607,0.00904106367749134,0.004925388110823781,6063,3294,11
11,269,1,30,44,69,1172141,469911,0.849767154237452,0.14958753045584874,0.01303690707275782,0.005829231907357859,25378,6058,7
11,270,1,25,70,82,610624,469567,0.27972959588162527,0.06834184042866248,0.012286149091080781,0.004516264294593062,13734,4842,10
11,271,1,27,83,71,825341,422314,0.20432804311241753,0.043598281503385086,0.013478684720295151,0.004853558451883373,7567,6514,7
11,272,1,28,51,70,954530,464875,0.739041721608452,0.14388612038000234,0.012527134576601085,0.00408132298414441,13022,1058,1
11,273,1,36,73,55,658221,452003,0.08752247516001906,0.0255166303350738,0.006068724230676378,0.004655768517863197,13632,7352,14
11,274,1,43,82,54,348546,402129,0.36185170596981964,0.13328110520062825,0.014317501972453968,0.004266971601719131,8448,1390,5
11,275,1,33,69,36,418144,679463,0.2646772158714342,0.045230371545970253,0.014006441709535097,0.006857886576465286,15758,2541,8
11,276,1,41,45,90,355902,491656,0.24648756806155842,0.0754933697905346,0.01302437476035892,0.004529506746256078,5121,7285,12
11,277,1,20,75,71,1108023,592697,0.3047497255439326,0.1260141120198672,0.02203609197331071,0.004299678008714292,12931,4847,1
11,278,1,25,69,118,922831,599023,0.1311312133203027,0.11080768095946089,0.028068951543842417,0.005045238321576869,9475,4112,11
11,279,1,22,67,55,951195,642811,0.24050319133543596,0.07380713740324432,0.017467436722116553,0.0042502123201154955,11447,6882,4
11,280,1,33,61,109,996281,401768,0.07596284163773163,0.05982082461125221,0.007392964887359743,0.005132940733217584,11143,4741,2
11,281,1,26,71,111,684905,626637,0.43953577738077204,0.1110601389421714,0.01298159264676161,0.004760555588263053,10090,3015,0
11,282,1,37,77,105,1260608,492597,0.25915926649058474,0.09577251119933541,0.010278637193138474,0.0038171703383155036,19882,7493,6
11,283,1,20,100,84,867093,703568,0.12226361256026293,0.0358552426315519,0.006632671700320685,0.0048713236832997175,7074,5525,12
11,284,1,30,71,73,785445,552483,0.32560446758182143,0.1357899219192365,0.01029166529965196,0.004377047686294745,6051,2439,4
11,285,1,36,92,105,1022000,384721,0.07820306408259572,0.03130937108883531,0.008494523635080364,0.00528158729008455,9557,3458,3
11,286,1,9,75,64,933459,625785,0.45356012706528076,0.09916387740245874,0.013245219038189532,0.004173318794532415,16516,2991,9
11,287,1,51,68,85,1067009,615925,0.48827406729475964,0.0973993075195038,0.033136649890009084,0.004050395895086616,10190,2632,3
11,288,1,27,72,79,1078766,370823,0.14967769261217764,0.03223519893713187,0.004705816603428073,0.004431131638204375,9642,4728,10
11,289,1,9,51,62,729350,574489,0.4619728991550006,0.16442042998263318,0.022413758596497368,0.0046704771712017985,7221,4847,14
11,290,1,31,74,85,837404,660351,0.28807499602409725,0.14588026029424747,0.01485020136639416,0.006483710415026622,7567,5847,9
11,291,1,30,40,94,618160,547886,0.17070747150128301,0.06657163594752279,0.020905738610353018,0.004316113089936521,15348,6119,5
11,292,1,29,57,61,474343,402619,0.7210553448958028,0.2773509350266279,0.023600636518724332,0.006569605627276075,9688,6691,4
11,293,1,39,71,89,967359,601029,0.17718925974854252,0.06191218772858774,0.012161775807015789,0.00440763413644775,11273,7038,14
11,294,1,37,87,35,991407,566549,0.5014376966972406,0.1097403523951402,0.029372057034488436,0.005497238351360648,6509,5973,12
11,295,1,32,91,59,403552,476925,0.7993446441125057,0.16045293662658364,0.024214557349804527,0.004870767924724934,13884,5712,3
11,296,1,34,66,70,656558,453975,0.08037481801644508,0.02869182866156388,0.009849217451720923,0.005023854275876418,16115,6935,6
11,297,1,28,72,87,811216,566081,0.9148497559247368,0.19591897307386238,0.01180590794325737,0.004766819899561183,5362,5825,7
11,298,1,47,84,97,830277,408930,0.0990468997472955,0.04082619815769244,0.012695919819582116,0.003728649500173775,5488,3094,1
11,299,1,15,50,81,1209000,520183,0.18859521083394656,0.06064699739651507,0.01244585734564305,0.005689661777092499,5777,2214,13
